Car Name,Brand,Model,Color,Mileage_KM,Location,Posted Date,Price_EGP
Kia Rio 2013,Kia,Rio,Black,130000,tagamo3 - new cairo,6/2/2025,324289
Kia Sportage 2023,Kia,Sportage,Silver,42000,mit ghamr,6/2/2025,236929
Kia Rio 2015,Kia,Rio,Petroleum,160000,tagamo3 - new cairo,6/2/2025,342178
Kia Sportage 2020,Kia,Sportage,Dark grey,100000,6-Oct,6/2/2025,543354
Kia Cerato 2017,Kia,Cerato,Brown,180000,madinaty,6/2/2025,497354
Kia Sorento 2023Verified User,Kia,Sorento,White,40000,heliopolis,6/2/2025,518410
Kia Cerato 2011,Kia,Cerato,Black,140000,dakahlia,6/2/2025,432775
Kia Rio 2013,Kia,Rio,Silver,157000,nasr city,6/2/2025,535501
Kia Rio 2013,Kia,Rio,Mocha,180000,heliopolis,6/2/2025,642901
Kia Sportage 2022,Kia,Sportage,Red,56000,6-Oct,6/2/2025,407186
Kia Sportage 2017,Kia,Sportage,Petroleum,140000,nasr city,6/2/2025,439929
Kia Ceed 2016,Kia,Ceed,Red,88000,alexandria,6/2/2025,627416
Kia Sportage 2025,Kia,Sportage,Silver,,tagamo3 - new cairo,6/2/2025,424352
Kia Grand Cerato 2019,Kia,Grand Cerato,Petroleum,72000,heliopolis,6/2/2025,497359
Kia Grand Cerato 2020,Kia,Grand Cerato,Black,105000,sheikh zayed city,6/2/2025,382040
Kia Carens 2014,Kia,Carens,Black,180000,heliopolis,6/2/2025,371242
Kia Xceed 2025Verified User,Kia,Xceed,White,12000,beni suef,6/2/2025,304190
Kia Rio 2013,Kia,Rio,Black,121000,tagamo3 - new cairo,6/2/2025,634046
Kia Rio 2017,Kia,Rio,Silver,250000,obour city,6/2/2025,612000
Kia Rio 2012,Kia,Rio,Silver,90000,nasr city,6/2/2025,440642
Kia Picanto 2015,Kia,Picanto,Silver,59000,tagamo3 - new cairo,6/2/2025,539257
Kia Sportage 2021,Kia,Sportage,Petroleum,95000,sheikh zayed city,6/2/2025,498515
Kia Picanto 2009,Kia,Picanto,Mocha,53000,el haram,6/2/2025,399508
Kia Xceed 2022Verified User,Kia,Xceed,Blue,30000,beni suef,6/2/2025,241275
Kia Xceed 2024,Kia,Xceed,Petroleum,8000,tagamo3 - new cairo,6/2/2025,461415
Kia Pegas 2020,Kia,Pegas,Blue,78000,nasr city,6/2/2025,357911
Kia Carnival 2024,Kia,Carnival,Silver,2000,hybrid,6/2/2025,514749
Kia Rio 2017,Kia,Rio,Gray,193000,cairo,6/2/2025,389153
Kia Sportage 2020,Kia,Sportage,Dark red,80000,tagamo3 - new cairo,6/2/2025,560820
Kia Picanto 2015,Kia,Picanto,Silver,110000,maadi,6/2/2025,609366
Kia Carens 2014,Kia,Carens,Olive,150000,damietta,6/2/2025,347235
Kia Cerato 2008,Kia,Cerato,Red,,suez,6/2/2025,419294
Kia Cerato 2017,Kia,Cerato,Black,118000,suez,6/2/2025,572101
Kia Optima 2022,Kia,Optima,White,90000,al shorouk,6/2/2025,329962
Kia Cerato 2013,Kia,Cerato,Black,127000,ismailia,6/2/2025,295046
Kia Sportage 2019,Kia,Sportage,Bronze,140000,al shorouk,6/2/2025,386402
Kia Carens 2010,Kia,Carens,Black,129000,el haram,6/2/2025,645511
Kia Grand Cerato 2019,Kia,Grand Cerato,Dark blue,80000,cairo,6/2/2025,661355
Kia Sportage 2018,Kia,Sportage,Petroleum,250000,6-Oct,6/2/2025,422759
Kia Rio 2014,Kia,Rio,Red,144000,al shorouk,6/2/2025,228451
Kia Cerato 2011,Kia,Cerato,Silver,141000,tagamo3 - new cairo,6/2/2025,378031
Kia Cerato 2013,Kia,Cerato,White,330000,menouf,6/2/2025,349570
Kia Carens 2010Verified User,Kia,Carens,Black,220000,cairo,6/2/2025,393728
Kia Sportage 2020,Kia,Sportage,Petroleum,117000,6-Oct,6/1/2025,524244
Kia Picanto 2011,Kia,Picanto,Cyan,190000,shibin el kom,6/2/2025,642347
Kia Forte 2009,Kia,Forte,Dark red,130000,el salam city,6/2/2025,697259
Kia Cerato 2005,Kia,Cerato,Silver,320000,cairo,6/2/2025,214424
Kia Sportage 2022,Kia,Sportage,Gray,24000,sharqia,6/2/2025,474047
Kia Cerato Koup 2010,Kia,Cerato Koup,Black,218000,maadi,6/1/2025,541814
Kia Soul 2009,Kia,Soul,Red,162000,giza,6/1/2025,669089
Kia Picanto 2015,Kia,Picanto,Silver,100000,nasr city,6/1/2025,403716
Kia K3 2013,Kia,K3,White,119000,obour city,6/1/2025,421836
Kia Cerato 2015,Kia,Cerato,Black,17000,banha,6/1/2025,250526
Kia Sportage 2017,Kia,Sportage,Dark grey,125000,tagamo3 - new cairo,6/1/2025,680124
Kia Sportage 2018,Kia,Sportage,Bronze,107000,tagamo3 - new cairo,6/1/2025,226363
Kia Cerato 2014,Kia,Cerato,White,250000,beheira,6/1/2025,529114
Kia K3 2013,Kia,K3,White,75000,ashmoun,6/1/2025,612569
Kia Sorento 2023Verified User,Kia,Sorento,White,26000,cairo,6/1/2025,669481
Kia Sephia 1999,Kia,Sephia,Silver,200000,el qanater el khayreya,6/1/2025,248393
Kia Sephia 1999,Kia,Sephia,Bronze,168000,nasr city,6/1/2025,226298
Kia Cerato 2016,Kia,Cerato,Gray,125000,faiyum,6/1/2025,635562
Kia Cerato 2017,Kia,Cerato,Black,114000,zagazig,6/1/2025,628350
Kia Pride 2009,Kia,Pride,Red,210000,zamalek,6/1/2025,554775
Kia Rio 2014,Kia,Rio,Silver,174000,mohandessin,6/1/2025,642933
Kia Sportage 2021,Kia,Sportage,White,90000,port said,5/31/2025,400801
Kia Cerato Koup 2011,Kia,Cerato Koup,Red,250000,obour city,5/31/2025,450781
Kia Ceed 2017Verified User,Kia,Ceed,Red,225000,hurghada,5/31/2025,359174
Kia Cerato 2017,Kia,Cerato,Petroleum,53500,giza,5/31/2025,423505
Kia Cerato 2008,Kia,Cerato,Black,280000,pyramids gardens,5/31/2025,212811
Kia Cerato 2017,Kia,Cerato,Dark blue,100000,el minya,5/31/2025,603026
Kia Sportage 2020,Kia,Sportage,White,90000,mokattam,5/31/2025,416115
Kia Cerato 2013,Kia,Cerato,Gray,350000,el haram,5/31/2025,350424
Kia Cerato 2011,Kia,Cerato,Black,90000,sheikh zayed city,5/31/2025,393667
Kia Soul 2020,Kia,Soul,Dark grey,74000,el mahalla,5/31/2025,602074
Kia Rio 2013,Kia,Rio,Blue,93000,heliopolis,5/31/2025,608878
Kia Rio 2003,Kia,Rio,Black,177000,heliopolis,5/31/2025,376073
Kia Cerato 2016,Kia,Cerato,White,182000,giza,5/31/2025,232404
Kia Sephia 1999,Kia,Sephia,Gold,200000,cairo,5/31/2025,454784
Kia Sportage 2013,Kia,Sportage,Black,177000,6-Oct,5/31/2025,611995
Kia Picanto 2013,Kia,Picanto,Bronze,100000,tanta,5/31/2025,557237
Kia K3 2014,Kia,K3,Black,200000,bilbeis,5/31/2025,595486
Kia Carens 2015,Kia,Carens,Silver,135000,el haram,5/31/2025,584674
Kia Pride 2002,Kia,Pride,Silver,223000,cairo,5/31/2025,593820
Kia Sportage 2023Verified User,Kia,Sportage,Gray,39000,pyramids gardens,5/31/2025,662118
Kia Picanto 2011,Kia,Picanto,Silver,80000,cairo,5/31/2025,246880
Kia Carens 2011,Kia,Carens,Beige,186000,zagazig,5/31/2025,380298
Kia Sportage 2024,Kia,Sportage,White,28000,touhk,5/30/2025,604731
Kia Sephia 1995,Kia,Sephia,Other,300000,heliopolis,5/30/2025,205938
Kia Carens 2013,Kia,Carens,Beige,116000,mansoura,5/30/2025,392846
Kia Sportage 2016,Kia,Sportage,Black,142000,cairo,5/30/2025,222565
Kia Sportage 2016,Kia,Sportage,Silver,145000,alexandria,5/30/2025,201508
Kia Cerato 2018,Kia,Cerato,Dark blue,150000,maadi,5/30/2025,417581
Kia K3 2016,Kia,K3,Silver,129000,tagamo3 - new cairo,5/30/2025,338336
Kia Rio 2013,Kia,Rio,Dark grey,215000,cairo,5/30/2025,656314
Kia Rio 2015,Kia,Rio,Brown,150000,mohandessin,5/30/2025,416017
Kia Soul 2010,Kia,Soul,Black,133000,monufia,5/30/2025,582720
Kia Cerato 2018,Kia,Cerato,Red,100000,nasr city,5/30/2025,247089
Kia Picanto 2014,Kia,Picanto,Bronze,150000,el minya,5/30/2025,436018
Kia Cerato 2013,Kia,Cerato,Red,195000,luxor,5/30/2025,326492
Kia Rio 2014,Kia,Rio,Red,200000,6-Oct,5/30/2025,670946
Kia Rio 2013,Kia,Rio,Silver,100000,6-Oct,5/30/2025,398819
Kia Sephia 1994,Kia,Sephia,Red,,el minya,5/30/2025,376468
Kia Carnival 2012,Kia,Carnival,Black,286000,cairo,5/30/2025,409787
Kia Pride 1997,Kia,Pride,Red,300000,borg el arab,5/30/2025,623225
Kia Ceed 2016,Kia,Ceed,Red,195000,mohandessin,5/29/2025,542969
Kia Picanto 2012,Kia,Picanto,Silver,215000,6-Oct,5/29/2025,332498
Kia Cerato 2010,Kia,Cerato,Silver,222000,cairo,5/29/2025,380099
Kia K8 2025,Kia,K8,Bronze,1800,hybrid,5/29/2025,367026
Kia Carnival 2024,Kia,Carnival,Dark grey,,hybrid,5/29/2025,623853
Kia Sportage 2021,Kia,Sportage,Silver,105000,obour city,5/29/2025,259929
Kia Sportage 2022,Kia,Sportage,Blue,20000,el haram,5/29/2025,533947
Kia Cerato 2015,Kia,Cerato,Red,155000,port said,5/29/2025,212330
Kia Sephia 2000,Kia,Sephia,Blue,210000,obour city,5/29/2025,443567
Kia Picanto 2012,Kia,Picanto,Black,97000,alexandria,5/29/2025,468040
Kia Soul 2010,Kia,Soul,Black,143000,port said,5/29/2025,368425
Kia K3 2013,Kia,K3,White,94000,monufia,5/29/2025,442497
Kia K3 2016,Kia,K3,Red,245000,ismailia,5/28/2025,655476
Kia Spectra 2004,Kia,Spectra,Silver,250000,al shorouk,5/28/2025,533362
Kia Forte 2009,Kia,Forte,Silver,116000,alexandria,5/28/2025,410262
Kia Cerato 2016,Kia,Cerato,Dark grey,154000,pyramids gardens,5/28/2025,226549
Kia Spectra 2000Verified User,Kia,Spectra,Bronze,200000,ismailia,5/28/2025,378663
Kia Cerato 2006,Kia,Cerato,Blue,123000,alexandria,5/28/2025,646892
Kia Saipa 2014,Kia,Saipa,Silver,196000,badr,5/28/2025,456419
Kia Sephia 2000,Kia,Sephia,Silver,200000,mansoura,5/28/2025,518495
Kia Cerato 2017,Kia,Cerato,Petroleum,131000,cairo,5/28/2025,351994
Kia Sportage 2022,Kia,Sportage,Dark green,32000,tagamo3 - new cairo,5/28/2025,480887
Kia Sephia 1999,Kia,Sephia,Red,320000,giza,5/28/2025,645044
Kia K3 2013,Kia,K3,White,162000,mansoura,5/28/2025,424410
Kia Sportage 2013,Kia,Sportage,Dark grey,270000,6-Oct,5/28/2025,661524
Kia Sportage 2022,Kia,Sportage,Blue,22000,tagamo3 - new cairo,5/28/2025,634266
Kia K3 2016,Kia,K3,Dark blue,211000,tagamo3 - new cairo,5/28/2025,565935
Kia Forte 2020,Kia,Forte,Red,73000,cairo,5/28/2025,601068
Kia Cerato 2013,Kia,Cerato,Silver,171000,kafr el zayat,5/27/2025,245424
Kia Carens 2013,Kia,Carens,Silver,140000,monufia,5/27/2025,674541
Kia Carens 2012,Kia,Carens,Black,169000,nasr city,5/27/2025,358444
Kia Soul 2009,Kia,Soul,Other,137000,giza,5/27/2025,457672
Kia Forte 2010,Kia,Forte,Gray,135000,sharqia,5/27/2025,546728
Kia Forte 2010,Kia,Forte,Black,121000,sharqia,5/27/2025,601951
Kia Soul 2010,Kia,Soul,Dark grey,193000,monufia,5/27/2025,256303
Kia Picanto 2010Verified User,Kia,Picanto,Black,165000,helwan,5/27/2025,551770
Kia K3 2015,Kia,K3,Silver,220000,suez,5/27/2025,656495
Kia Spectra 2003,Kia,Spectra,Black,130000,alexandria,5/27/2025,633250
Kia Cerato 2006,Kia,Cerato,Silver,89000,zagazig,5/27/2025,679838
Kia Sephia 2005,Kia,Sephia,Silver,190000,el haram,5/27/2025,565897
Kia Cerato 2009,Kia,Cerato,Silver,380000,cairo,5/27/2025,699432
Kia Xceed 2022,Kia,Xceed,Gold,76000,al shorouk,5/26/2025,228140
Kia Soul 2015Verified User,Kia,Soul,White,118000,cairo,5/27/2025,580043
Kia Rio 2000,Kia,Rio,Gold,110000,6-Oct,5/27/2025,678850
Kia Rio 2019,Kia,Rio,Dark grey,81000,tagamo3 - new cairo,5/26/2025,668718
Kia Sportage 2023,Kia,Sportage,White,19000,zagazig,5/26/2025,477766
Kia Sephia 2001,Kia,Sephia,Gold,232000,cairo,5/26/2025,656909
Kia Cerato 2016,Kia,Cerato,Silver,240000,dakahlia,5/26/2025,341679
Kia Cerato 2016,Kia,Cerato,Red,86000,dakahlia,5/26/2025,681233
Kia Rio 2001,Kia,Rio,Gold,,obour city,5/26/2025,409261
Kia Soul 2011,Kia,Soul,Black,,dokki,5/26/2025,250978
Kia Pride 1997,Kia,Pride,Green,220000,tagamo3 - new cairo,5/26/2025,257323
Kia Picanto 2008,Kia,Picanto,Silver,220000,damietta,5/26/2025,514620
Kia Carens 2015,Kia,Carens,Gray,130000,el haram,5/26/2025,283353
Kia Picanto 2012,Kia,Picanto,Red,130000,dokki,5/26/2025,699763
Kia Forte 2010,Kia,Forte,Black,235000,tanta,5/26/2025,254355
Kia Rio 2011,Kia,Rio,White,230000,qalyub,5/26/2025,621417
Kia Carens 2015,Kia,Carens,White,260000,damietta,5/26/2025,564977
Kia Sportage 2022,Kia,Sportage,Black,84000,maadi,5/26/2025,523860
Kia Shuma 1999,Kia,Shuma,Red,137000,cairo,5/26/2025,624383
Kia Sportage 2018,Kia,Sportage,Silver,120000,tanta,5/26/2025,328727
Kia Carens 2013,Kia,Carens,Black,103600,nasr city,5/26/2025,486096
Kia Sportage 2017,Kia,Sportage,Petroleum,60000,mokattam,5/25/2025,206151
Kia Picanto 2011,Kia,Picanto,Black,120000,cairo,5/25/2025,423935
Kia Cerato 2011,Kia,Cerato,Red,200000,cairo,5/25/2025,243769
Kia Pride 1997,Kia,Pride,Dark grey,,alexandria,5/25/2025,324945
Kia Picanto 2015,Kia,Picanto,Dark red,112000,ismailia,5/25/2025,416618
Kia Pride 1996,Kia,Pride,Silver,200000,helwan,5/25/2025,513652
Kia Spectra 2002,Kia,Spectra,Silver,210000,alexandria,5/25/2025,631969
Kia Carens 2011Verified User,Kia,Carens,Champagne,167000,heliopolis,5/25/2025,647774
Kia Cerato 2015,Kia,Cerato,White,109000,dakahlia,5/25/2025,620140
Kia Rio 2016,Kia,Rio,Black,97000,port said,5/25/2025,485107
Kia Carens 2012,Kia,Carens,Black,200000,alexandria,5/25/2025,356734
Kia Sportage 2016,Kia,Sportage,Black,140000,alexandria,5/25/2025,500073
Kia K3 2014,Kia,K3,White,188000,alexandria,5/25/2025,401662
Kia Cerato 2012,Kia,Cerato,Mocha,118000,monufia,5/25/2025,502275
Kia Rio 2002,Kia,Rio,Gold,,asyut,5/25/2025,220040
Kia Cerato 2017,Kia,Cerato,Black,57000,alexandria,5/25/2025,390053
Kia Cerato 2004,Kia,Cerato,Silver,188350,dakahlia,5/24/2025,330348
Kia Sportage 2014,Kia,Sportage,Gray,211800,el haram,5/24/2025,632026
Kia Cerato 2009,Kia,Cerato,White,230000,sohag,5/24/2025,572402
Kia Carens 2011,Kia,Carens,Mocha,160000,hadayek october,5/24/2025,559725
Kia Rio 2015,Kia,Rio,Other,172000,cairo,5/24/2025,607908
Kia Rio 2016,Kia,Rio,Silver,79000,heliopolis,5/24/2025,497164
Kia Cerato 2011,Kia,Cerato,Silver,220000,giza,5/24/2025,522574
Kia Carens 2012,Kia,Carens,Gray,170000,nasr city,5/24/2025,352774
Kia Sportage 2015,Kia,Sportage,Dark blue,160000,sharqia,5/24/2025,234929
Kia Sorento 2024,Kia,Sorento,White,12500,zagazig,5/24/2025,369061
Kia Picanto 2011,Kia,Picanto,Silver,136000,dokki,5/24/2025,428611
Kia Sportage 2015,Kia,Sportage,Black,62850,alexandria,5/24/2025,498571
Kia K3 2014,Kia,K3,Black,175000,banha,5/24/2025,287099
Kia Carens 2010,Kia,Carens,Other,196000,el minya,5/24/2025,395320
Kia Cerato 2016,Kia,Cerato,Silver,164000,el haram,5/24/2025,219029
Kia Carens 2015,Kia,Carens,Bronze,147000,mohandessin,5/24/2025,201910
Kia Sportage 2023,Kia,Sportage,White,12000,banha,5/23/2025,504310
Kia Rio 2015,Kia,Rio,Other,141000,tagamo3 - new cairo,5/23/2025,450418
Kia Carens 2013,Kia,Carens,Black,260000,tagamo3 - new cairo,5/23/2025,295489
Kia Cerato 2017,Kia,Cerato,Red,59000,tanta,5/23/2025,693061
Kia Sportage 2016,Kia,Sportage,Bronze,120000,mansoura,5/23/2025,663245
Kia Carens 2011,Kia,Carens,Black,179000,nasr city,5/23/2025,516849
Kia Grand Cerato 2019,Kia,Grand Cerato,White,88000,mokattam,5/23/2025,419666
Kia Cerato 2011,Kia,Cerato,Black,199000,kerdasa,5/23/2025,296402
Kia Sportage 2013,Kia,Sportage,Mocha,180000,asyut,5/23/2025,263392
Kia Cerato 2016,Kia,Cerato,Dark red,200000,giza,5/23/2025,323186
Kia Picanto 2004,Kia,Picanto,Blue,156000,el haram,5/23/2025,274746
Kia Grand Cerato 2021,Kia,Grand Cerato,Cyan,112000,tanta,5/23/2025,383473
Kia Rio 2016,Kia,Rio,Brown,200000,cairo,5/23/2025,380591
Kia Cerato 2012,Kia,Cerato,Black,180000,nasr city,5/23/2025,266866
Kia Picanto 2016,Kia,Picanto,Beige,63900,zagazig,5/23/2025,592520
Kia Rio 2013,Kia,Rio,Silver,269000,qalyubia,5/23/2025,678463
Kia Sportage 2022,Kia,Sportage,White,42000,6-Oct,5/23/2025,640050
Kia Cerato 2015,Kia,Cerato,Brown,130000,port said,5/23/2025,651033
Kia Carens 2011,Kia,Carens,Silver,500000,ismailia,5/23/2025,443365
Kia Sportage 2019,Kia,Sportage,White,200000,sharm el-sheikh,5/23/2025,234201
Kia Cerato 2006,Kia,Cerato,Black,430000,al shorouk,5/23/2025,570256
Kia Shuma 1999,Kia,Shuma,Black,150000,heliopolis,5/23/2025,674630
Kia Sportage 2023,Kia,Sportage,Dark grey,14000,hybrid,5/21/2025,658861
Kia Sportage 2017,Kia,Sportage,White,150000,kom hamada,5/22/2025,685431
Kia Carens 2011,Kia,Carens,Black,188000,shibin el qanater,5/22/2025,336411
Kia Sportage 2022Verified User,Kia,Sportage,Gray,70000,pyramids gardens,5/22/2025,338121
Kia Cerato 2015,Kia,Cerato,Mocha,180000,nasr city,5/22/2025,309286
Kia Forte 2010,Kia,Forte,Silver,308000,giza,5/22/2025,391552
Kia Cerato Koup 2011,Kia,Cerato Koup,Black,156000,6-Oct,5/22/2025,541242
Kia Sportage 2019,Kia,Sportage,Blue,180000,ismailia,5/22/2025,627416
Kia Cerato 2018,Kia,Cerato,Blue,149000,tagamo3 - new cairo,5/22/2025,402694
Kia Carens 2014,Kia,Carens,Silver,130000,monufia,5/22/2025,283357
Kia Carens 2010,Kia,Carens,Silver,82000,asyut,5/22/2025,636069
Kia Carens 2023Verified User,Kia,Carens,Dark blue,100000,faqous,5/22/2025,424105
Kia Sportage 2017,Kia,Sportage,Bronze,129000,tagamo3 - new cairo,5/22/2025,525547
Kia Rio 2003,Kia,Rio,Gold,140000,suez,5/22/2025,476934
Kia Sportage 2017Verified User,Kia,Sportage,Black,195000,pyramids gardens,4/24/2025,512537
Kia Picanto 2011,Kia,Picanto,Black,127000,mansoura,5/22/2025,647582
Kia Rio 2003,Kia,Rio,Blue,300000,badr city,5/22/2025,283114
Kia K3 2013,Kia,K3,Silver,300000,el bagour,5/22/2025,630083
Kia Sportage 2012,Kia,Sportage,Silver,230000,cairo,5/22/2025,291479
Kia Forte 2009,Kia,Forte,Cyan,141000,madinaty,5/22/2025,503776
Kia Cerato 2017,Kia,Cerato,Black,135000,obour city,5/22/2025,667791
Kia Cerato 2018,Kia,Cerato,White,79000,6-Oct,5/21/2025,660875
Kia Sportage 2012,Kia,Sportage,Silver,117000,6-Oct,5/21/2025,399637
Kia Grand Cerato 2019,Kia,Grand Cerato,Gray,125000,nasr city,5/21/2025,593230
Kia Carens 2014,Kia,Carens,Silver,145000,tagamo3 - new cairo,5/21/2025,690504
Kia Spectra 2001,Kia,Spectra,Silver,350000,nasr city,5/21/2025,309146
Kia Cerato 2018,Kia,Cerato,Gray,120000,shobra,5/21/2025,322587
Kia Picanto 2011,Kia,Picanto,Red,85000,shobra,5/21/2025,650230
Kia Soul 2015,Kia,Soul,Black,100000,damietta,5/21/2025,312395
Kia Carnival 2024,Kia,Carnival,Black,6000,hybrid,5/21/2025,295815
Kia Cerato 2010Verified User,Kia,Cerato,Gray,175000,mit ghamr,5/21/2025,666683
Kia Rio 2013,Kia,Rio,Red,180000,tagamo3 - new cairo,5/21/2025,254575
Kia Rio 2011,Kia,Rio,Red,280000,maadi,5/21/2025,626523
Kia Cerato 2010,Kia,Cerato,White,260000,maadi,5/21/2025,383732
Kia Forte 2010,Kia,Forte,Black,146000,minya al qamh,5/21/2025,387877
Kia Ceed 2017,Kia,Ceed,Red,70000,tagamo3 - new cairo,5/21/2025,555195
Kia Picanto 2017,Kia,Picanto,Silver,100000,nasr city,5/21/2025,376910
Kia Cerato 2010,Kia,Cerato,Silver,270000,obour city,5/21/2025,608913
Kia Xceed 2022,Kia,Xceed,Black,57000,mohandessin,5/21/2025,295389
Kia Rio 2015,Kia,Rio,Red,218000,cairo,5/20/2025,479641
Kia Carens 2015,Kia,Carens,Black,74000,cairo,5/21/2025,373572
Kia Sportage 2020,Kia,Sportage,Silver,140000,beheira,5/20/2025,360750
Kia Picanto 2008,Kia,Picanto,Silver,103000,faiyum,5/20/2025,571848
Kia Cerato 2016,Kia,Cerato,Dark blue,230000,dokki,5/20/2025,314665
Kia Sportage 2020,Kia,Sportage,Dark blue,187000,nasr city,5/20/2025,577542
Kia Sportage 2025,Kia,Sportage,Silver,,cairo,5/20/2025,245266
Kia Cerato 2016,Kia,Cerato,Silver,210000,ismailia,5/20/2025,618743
Kia Carnival 1999,Kia,Carnival,White,200000,6-Oct,5/20/2025,692676
Kia Cerato 2018,Kia,Cerato,Petroleum,80000,port said,5/20/2025,666696
Kia Cerato 2010,Kia,Cerato,White,164000,suez,5/20/2025,251142
Kia Cerato 2008,Kia,Cerato,Black,80000,obour city,5/20/2025,590619
Kia Rio 2002,Kia,Rio,Silver,400000,tagamo3 - new cairo,5/20/2025,623784
Kia Sportage 2013,Kia,Sportage,Silver,175000,zagazig,5/20/2025,326381
Kia Cerato 2011,Kia,Cerato,Black,120000,el salam city,5/20/2025,696535
Kia Sorento 2023,Kia,Sorento,Gray,40000,6-Oct,5/20/2025,384630
Kia Sportage 2015,Kia,Sportage,Black,235000,helwan,5/20/2025,403715
Kia Carens 2011,Kia,Carens,Gray,170000,cairo,5/20/2025,654384
Kia Cerato 2019,Kia,Cerato,Black,116000,heliopolis,5/20/2025,519223
Kia Rio 2013,Kia,Rio,Silver,210000,cairo,5/20/2025,567302
Kia Sorento 2023,Kia,Sorento,White,40000,hybrid,5/16/2025,626856
Kia Sportage 2022,Kia,Sportage,Dark blue,42000,hybrid,5/19/2025,358930
Kia Picanto 2014,Kia,Picanto,Red,120000,sohag,5/19/2025,285968
Kia Carens 2015,Kia,Carens,Dark grey,165000,6-Oct,5/19/2025,633606
Kia Cerato 2010,Kia,Cerato,Silver,200000,monufia,5/19/2025,444795
Kia K3 2021,Kia,K3,Gray,68000,mohandessin,5/19/2025,581451
Kia Picanto 2012,Kia,Picanto,Silver,100000,beni suef,5/19/2025,324546
Kia Sephia 2000,Kia,Sephia,Gray,140000,asyut,5/19/2025,413961
Kia Rio 2011,Kia,Rio,Black,174000,asyut,5/19/2025,688427
Kia Cerato 2010,Kia,Cerato,Silver,300000,badr city,5/19/2025,696088
Kia Cerato 2012,Kia,Cerato,Black,275000,tagamo3 - new cairo,5/19/2025,577526
Kia Cerato 2017,Kia,Cerato,Silver,52000,tagamo3 - new cairo,5/19/2025,628964
Kia Sorento 2023,Kia,Sorento,White,9000,tagamo3 - new cairo,5/19/2025,224452
Kia Carens 2012,Kia,Carens,Beige,157000,zagazig,5/19/2025,543552
Kia Rio 2013,Kia,Rio,Black,117000,cairo,5/19/2025,327450
Kia K3 2014,Kia,K3,White,89000,suez,5/19/2025,523411
Kia Carens 2010,Kia,Carens,Mocha,230000,tagamo3 - new cairo,5/19/2025,396929
Kia Picanto 2011,Kia,Picanto,Gray,142000,heliopolis,5/19/2025,522348
Kia Grand Cerato 2020,Kia,Grand Cerato,Silver,53000,pyramids gardens,5/19/2025,619887
Kia Sportage 2024,Kia,Sportage,White,5500,hybrid,5/19/2025,699633
Kia Cerato 2016,Kia,Cerato,Red,200000,cairo,5/19/2025,466182
Kia Rio 2017,Kia,Rio,Petroleum,100000,al shorouk,5/19/2025,434653
Kia Sportage 2018,Kia,Sportage,Petroleum,116000,6-Oct,5/18/2025,472974
Kia K3 2019,Kia,K3,White,69000,giza,5/19/2025,531630
Kia Cerato 2018,Kia,Cerato,White,57000,dikirnis,5/18/2025,267653
Kia Soul 2010,Kia,Soul,Mocha,200000,alexandria,5/17/2025,434599
Kia Cerato 2010,Kia,Cerato,Red,270000,ismailia,5/18/2025,508950
Kia Sportage 2022,Kia,Sportage,White,22500,giza,5/18/2025,333500
Kia Sportage 2023,Kia,Sportage,Black,180000,alexandria,5/18/2025,355242
Kia Grand Cerato 2021,Kia,Grand Cerato,Red,99000,sheikh zayed city,5/18/2025,489843
Kia Carens 2015,Kia,Carens,Silver,85000,mansoura,5/18/2025,280385
Kia Carens 2023,Kia,Carens,Red,19000,mansoura,5/18/2025,446072
Kia Cerato 2017,Kia,Cerato,Mocha,200000,cairo,5/18/2025,321922
Kia Sorento 2024,Kia,Sorento,Other,19000,nasr city,5/18/2025,588050
Kia Carens 2013,Kia,Carens,Black,141000,6-Oct,5/13/2025,551303
Kia Sportage 2021,Kia,Sportage,Red,2000,nasr city,5/6/2025,607797
Kia Sportage 2024,Kia,Sportage,Dark grey,38000,nasr city,5/18/2025,477651
Kia Cerato 2013,Kia,Cerato,Black,250000,mohandessin,5/18/2025,508091
Kia Sportage 2016,Kia,Sportage,Mocha,187000,shobra,5/18/2025,665354
Kia Pride 2002,Kia,Pride,Silver,142000,maadi,5/18/2025,680158
Kia Picanto 2010,Kia,Picanto,Silver,300282,ismailia,5/18/2025,450120
Kia K3 2015,Kia,K3,Green,98000,minya al qamh,5/18/2025,484915
Kia Grand Cerato 2019,Kia,Grand Cerato,Dark grey,141000,cairo,5/18/2025,575532
Kia Rio 2013,Kia,Rio,Dark grey,155000,suez,5/18/2025,342836
Kia Picanto 2011,Kia,Picanto,Red,165000,alexandria,5/17/2025,292790
Kia Carens 2010,Kia,Carens,Black,283000,hurghada,5/17/2025,462950
Kia Picanto 2016,Kia,Picanto,Dark grey,67000,sharqia,5/17/2025,656063
Kia Carens 2010,Kia,Carens,White,240000,shobra,5/17/2025,288005
Kia Spectra 2004,Kia,Spectra,Silver,100000,cairo,5/17/2025,563441
Kia Sportage 2023,Kia,Sportage,Green,12000,hybrid,3/25/2025,593150
Kia Spectra 2003,Kia,Spectra,Bronze,2180000,heliopolis,5/17/2025,461712
Kia K3 2015,Kia,K3,Dark grey,230000,port said,5/17/2025,522240
Kia Sportage 2022,Kia,Sportage,Silver,90000,sheikh zayed city,5/17/2025,277006
Kia K3 2016,Kia,K3,White,176000,port said,5/17/2025,272552
Kia Sportage 2017,Kia,Sportage,Gold,140000,sheikh zayed city,5/17/2025,304147
Kia Sportage 2012,Kia,Sportage,Silver,200000,touhk,5/17/2025,611287
Kia Rio 2015,Kia,Rio,White,86000,alexandria,5/17/2025,251827
Kia Cerato 2017,Kia,Cerato,Black,120000,alexandria,5/17/2025,602764
Kia Rio 2013,Kia,Rio,Dark blue,234000,cairo,5/17/2025,367407
Kia Carens 2011,Kia,Carens,Silver,200000,cairo,5/17/2025,223813
Kia Sportage 2013,Kia,Sportage,White,73000,6-Oct,5/17/2025,631148
Kia Sportage 2013,Kia,Sportage,White,73000,6-Oct,5/17/2025,384304
Kia Sorento 2019,Kia,Sorento,Silver,100000,giza,5/17/2025,424034
Kia Picanto 2016,Kia,Picanto,Silver,250000,obour city,5/17/2025,500049
Kia Sportage 2024,Kia,Sportage,White,8000,faqous,5/17/2025,296698
Kia K3 2015,Kia,K3,Silver,230000,disabled,5/17/2025,541101
Kia Cerato 2011,Kia,Cerato,Dark grey,150000,shubra al-khaimah,5/17/2025,260607
Kia Carnival 2000,Kia,Carnival,Silver,,cairo,5/17/2025,366801
Kia Carens 2012,Kia,Carens,Bronze,250000,pyramids gardens,5/17/2025,597412
Kia Sportage 2020,Kia,Sportage,Black,76000,tagamo3 - new cairo,5/17/2025,229063
Kia Xceed 2022,Kia,Xceed,Gold,90000,alexandria,5/16/2025,454204
Kia Carens 2010,Kia,Carens,Other,82000,asyut,5/16/2025,299083
Kia Picanto 2013,Kia,Picanto,Red,77000,cairo,5/16/2025,241030
Kia Sportage 2019,Kia,Sportage,Silver,110000,heliopolis,5/16/2025,259515
Kia Cerato 2015,Kia,Cerato,White,192000,nasr city,5/16/2025,618611
Kia Cerato 2007,Kia,Cerato,Silver,105000,port said,5/16/2025,369737
Kia Grand Cerato 2021Verified User,Kia,Grand Cerato,Red,95000,warraq,5/16/2025,286895
Kia Sephia 2000,Kia,Sephia,Silver,380000,sheraton,5/16/2025,208781
Kia Cerato 2018,Kia,Cerato,Black,200000,cairo,5/16/2025,501697
Kia K3 2014,Kia,K3,Black,145000,alexandria,5/16/2025,533752
Kia Pride 2009,Kia,Pride,Black,172000,badr city,5/16/2025,326526
Kia K3 2014,Kia,K3,Brown,100000,zagazig,5/16/2025,665693
Kia Rio 2004,Kia,Rio,White,230000,damanhur,5/16/2025,608456
Kia Cerato Koup 2011,Kia,Cerato Koup,Red,119000,cairo,5/16/2025,373812
Kia Cerato 2011,Kia,Cerato,Black,260000,port said,5/16/2025,604520
Kia Rio 2013,Kia,Rio,Brown,68000,gharbia,5/16/2025,336127
Kia K3 2016,Kia,K3,Red,170000,kafr el-sheikh,5/15/2025,333012
Kia Cerato 2005,Kia,Cerato,Blue,180000,banha,5/15/2025,468336
Kia Picanto 2010,Kia,Picanto,Silver,75000,cairo,5/15/2025,406843
Kia Ceed 2016,Kia,Ceed,Petroleum,270000,cairo,5/15/2025,346855
Kia Cerato 2011,Kia,Cerato,Black,270000,6-Oct,5/15/2025,506161
Kia Cerato 2013,Kia,Cerato,Red,180000,damanhur,5/15/2025,609633
Kia Shuma 1997,Kia,Shuma,Black,300000,tanta,5/15/2025,249158
Kia Picanto 2015,Kia,Picanto,Red,141000,shibin el kom,5/15/2025,382248
Kia Cerato Koup 2012,Kia,Cerato Koup,Silver,200000,nasr city,5/15/2025,356978
Kia Sportage 2020,Kia,Sportage,Petroleum,95000,mit ghamr,5/13/2025,403906
Kia Cerato 2010,Kia,Cerato,Red,400000,tagamo3 - new cairo,5/15/2025,643225
Kia Rio 2015,Kia,Rio,Petroleum,88000,heliopolis,5/15/2025,237638
Kia K3 2016,Kia,K3,White,175000,mokattam,5/15/2025,417720
Kia Sportage 2020,Kia,Sportage,Petroleum,85000,tagamo3 - new cairo,5/15/2025,368442
Kia Rio 2014,Kia,Rio,Brown,193000,maadi,5/15/2025,430732
Kia K3 2019,Kia,K3,Dark blue,110000,disabled,5/15/2025,345299
Kia Rio 2013,Kia,Rio,Dark grey,,mit ghamr,5/15/2025,454419
Kia Grand Cerato 2019,Kia,Grand Cerato,Gray,83000,cairo,5/15/2025,387134
Kia Spectra 2003,Kia,Spectra,Bronze,265000,kafr el-sheikh,5/14/2025,579518
Kia Cerato 2010Verified User,Kia,Cerato,Silver,165000,cairo,5/14/2025,239023
Kia Carens 2010,Kia,Carens,Black,250000,giza,5/14/2025,329424
Kia Sportage 2015,Kia,Sportage,Silver,117000,mansoura,5/14/2025,671591
Kia Picanto 2011Verified User,Kia,Picanto,White,190000,cairo,5/14/2025,316780
Kia Carens 2012,Kia,Carens,Silver,103000,el salam city,5/14/2025,475460
Kia Picanto 2009,Kia,Picanto,Silver,330000,obour city,5/14/2025,310971
Kia Sportage 2013,Kia,Sportage,White,147000,maadi,5/14/2025,551537
Kia Cerato 2016,Kia,Cerato,Black,70000,obour city,5/14/2025,633439
Kia Cerato 2011,Kia,Cerato,Bronze,192000,heliopolis,5/14/2025,607930
Kia Picanto 2012,Kia,Picanto,Silver,128000,6-Oct,5/14/2025,334644
Kia Carens 2014,Kia,Carens,Mocha,170000,obour city,5/14/2025,290177
Kia Xceed 2022,Kia,Xceed,Orange,100000,tagamo3 - new cairo,5/14/2025,381931
Kia Sephia 2002,Kia,Sephia,Gold,150000,ismailia,5/14/2025,275951
Kia Cerato 2011,Kia,Cerato,Silver,400000,damietta,5/14/2025,312152
Kia Cerato 2017,Kia,Cerato,Red,127000,tanta,5/14/2025,389902
Kia Saipa 2009,Kia,Saipa,Gray,78000,6-Oct,5/14/2025,220790
Kia Rio 2015,Kia,Rio,Dark blue,119000,heliopolis,5/13/2025,478348
Kia Rio 2016,Kia,Rio,Dark grey,46500,alexandria,5/13/2025,379487
Kia Carens 2010,Kia,Carens,Silver,171000,rosetta,5/13/2025,338136
Kia Cerato 2010,Kia,Cerato,Gray,300000,giza,5/13/2025,463279
Kia K3 2016,Kia,K3,Silver,116000,gharbia,5/13/2025,267253
Kia K5 2021,Kia,K5,Dark red,70000,mansoura,5/13/2025,357671
Kia Cerato 2011,Kia,Cerato,Eggplant,110000,asyut,5/13/2025,576085
Kia Rio 2016Verified User,Kia,Rio,Silver,120000,nasr city,5/13/2025,345928
Kia Saipa 2009,Kia,Saipa,Silver,140000,alexandria,5/13/2025,516147
Kia Sportage 2022,Kia,Sportage,Dark grey,49000,cairo,5/1/2025,689094
Kia Rio 2010,Kia,Rio,Red,120000,cairo,5/13/2025,636781
Kia K3 2015,Kia,K3,White,80000,gharbia,5/13/2025,297124
Kia Rio 2015Verified User,Kia,Rio,Mocha,129000,alexandria,5/13/2025,602939
Kia Cerato Koup 2011,Kia,Cerato Koup,White,177000,port said,5/13/2025,651483
Kia Rio 2015,Kia,Rio,Red,156000,pyramids gardens,5/12/2025,385790
Kia Grand Cerato 2019,Kia,Grand Cerato,Red,260000,qena,5/12/2025,503030
Kia Carens 2015,Kia,Carens,Black,156000,tagamo3 - new cairo,5/12/2025,507766
Kia Cerato 2010,Kia,Cerato,Dark red,220000,mansoura,5/12/2025,309855
Kia Cerato 2018,Kia,Cerato,Black,280000,6-Oct,5/12/2025,441412
Kia Cerato 2018,Kia,Cerato,Bronze,138000,ismailia,5/12/2025,382757
Kia Carens 2015,Kia,Carens,Silver,325000,giza,5/12/2025,466706
Kia Pegas 2020,Kia,Pegas,Red,58000,mansoura,5/12/2025,691697
Kia Picanto 2010,Kia,Picanto,Blue,98500,helwan,5/12/2025,642767
Kia Cerato 2017,Kia,Cerato,White,60000,ashmoun,5/12/2025,304489
Kia Rio 2003,Kia,Rio,Silver,126000,el marg,5/12/2025,282112
Kia Carnival 2004,Kia,Carnival,Silver,300000,mokattam,5/12/2025,539251
Kia Cerato 2012,Kia,Cerato,Silver,300000,giza,5/11/2025,254041
Kia Carens 2015,Kia,Carens,Silver,200000,cairo,5/11/2025,693278
Kia Picanto 2009,Kia,Picanto,Cyan,160000,madinaty,5/11/2025,353053
Kia Carnival 2024,Kia,Carnival,White,6000,hybrid,5/11/2025,478976
Kia Cerato 2017,Kia,Cerato,Silver,54000,helwan,5/11/2025,275518
Kia Spectra 2002,Kia,Spectra,Gold,185000,obour city,5/11/2025,673174
Kia Sportage 2015,Kia,Sportage,White,117000,cairo,5/11/2025,459477
Kia Rio 2002,Kia,Rio,Red,180000,shobra,5/11/2025,647080
Kia Cerato 2012,Kia,Cerato,Black,250000,giza,5/11/2025,638581
Kia Rio 2014,Kia,Rio,Petroleum,200000,10th of ramadan,5/11/2025,261667
Kia Soul 2010,Kia,Soul,Red,100000,kafr el-sheikh,5/11/2025,263481
Kia Grand Cerato 2022,Kia,Grand Cerato,Gray,170000,6-Oct,5/11/2025,439801
Kia Cerato 2013,Kia,Cerato,Silver,105000,heliopolis,5/11/2025,538716
Kia Cerato 2012,Kia,Cerato,White,188000,10th of ramadan,5/11/2025,374617
Kia Cerato 2015,Kia,Cerato,Dark grey,223000,tanta,5/11/2025,619763
Kia Sportage 2015,Kia,Sportage,Petroleum,160000,tagamo3 - new cairo,5/11/2025,544524
Kia Carens 2011,Kia,Carens,Black,280000,nasr city,5/11/2025,695974
Kia Cerato 2013,Kia,Cerato,Gray,206000,el haram,5/11/2025,529919
Kia Sportage 2015,Kia,Sportage,Petroleum,160000,tagamo3 - new cairo,5/11/2025,597283
Kia K3 2015,Kia,K3,White,116000,kafr el-sheikh,5/11/2025,533264
Kia Rio 2001,Kia,Rio,Gold,180000,tagamo3 - new cairo,5/11/2025,480145
Kia Rio 2015,Kia,Rio,Silver,154000,al shorouk,5/10/2025,417390
Kia Cerato 2013,Kia,Cerato,Dark red,190000,giza,5/10/2025,398331
Kia Soul 2011,Kia,Soul,Red,295000,6-Oct,5/10/2025,205507
Kia Cerato 2011,Kia,Cerato,Silver,140000,cairo,5/10/2025,244439
Kia Rio 2010,Kia,Rio,Bronze,170000,heliopolis,5/10/2025,242469
Kia K3 2019,Kia,K3,White,29500,zagazig,5/10/2025,447692
Kia Cerato 2015,Kia,Cerato,Brown,148000,heliopolis,5/10/2025,676295
Kia Sorento 2022,Kia,Sorento,White,80000,alexandria,5/10/2025,392564
Kia Xceed 2025,Kia,Xceed,Petroleum,12000,faiyum,5/10/2025,563005
Kia Picanto 2011,Kia,Picanto,Gray,130000,tagamo3 - new cairo,5/10/2025,541036
Kia Sephia 1997,Kia,Sephia,Gold,150000,helwan,5/10/2025,547320
Kia Carens 2011,Kia,Carens,Black,105500,cairo,5/10/2025,507051
Kia Rio 2013,Kia,Rio,Gray,164000,6-Oct,5/10/2025,279837
Kia Cerato 2011,Kia,Cerato,White,120000,al shorouk,5/10/2025,211206
Kia Sorento 2024,Kia,Sorento,Black,11000,kafr el-sheikh,5/10/2025,312104
Kia Cerato 2005,Kia,Cerato,Silver,154000,zefta,5/10/2025,274234
Kia Cerato 2013,Kia,Cerato,White,130000,alexandria,5/10/2025,408852
Kia Cerato 2010,Kia,Cerato,Black,130000,gharbia,5/10/2025,678388
Kia Cerato 2013,Kia,Cerato,Black,193000,shobra,5/10/2025,265590
Kia Cerato 2010,Kia,Cerato,Black,358000,zagazig,5/10/2025,377949
Kia Picanto 2011,Kia,Picanto,Red,250000,6-Oct,5/10/2025,692756
Kia K3 2014,Kia,K3,Red,125000,mohandessin,5/10/2025,602180
Kia Cerato 2015,Kia,Cerato,Mocha,97000,tagamo3 - new cairo,5/10/2025,250458
Kia Xceed 2022,Kia,Xceed,Gold,46000,cairo,5/10/2025,224308
Kia Carens 2013,Kia,Carens,Mocha,200000,cairo,5/9/2025,378835
Kia Rio 2015,Kia,Rio,Brown,168000,alexandria,5/9/2025,453331
Kia Picanto 2008,Kia,Picanto,White,130000,faiyum,5/9/2025,632340
Kia K3 2016,Kia,K3,Black,103000,asyut,5/9/2025,452528
Kia Cerato 2014,Kia,Cerato,Silver,138000,cairo,5/9/2025,543770
Kia Picanto 2006,Kia,Picanto,Silver,151000,mansoura,5/9/2025,410413
Kia Carens 2016,Kia,Carens,Brown,111000,ismailia,5/9/2025,268770
Kia Sportage 2013,Kia,Sportage,Dark red,140000,beheira,5/9/2025,332192
Kia Sportage 2017,Kia,Sportage,White,127000,beheira,5/9/2025,223018
Kia K3 2015,Kia,K3,Black,158000,qena,5/9/2025,382358
Kia Sportage 2021,Kia,Sportage,White,49000,kom hamada,5/9/2025,406693
Kia Cerato 2010,Kia,Cerato,Mocha,176000,zagazig,5/9/2025,205940
Kia Cerato 2005,Kia,Cerato,Silver,148000,heliopolis,5/9/2025,659942
Kia Cerato 2012,Kia,Cerato,Silver,,kafr el-sheikh,5/9/2025,553721
Kia K3 2013,Kia,K3,Black,185000,6-Oct,5/9/2025,610061
Kia Grand Cerato 2021,Kia,Grand Cerato,Red,48000,nasr city,5/9/2025,615687
Kia Ceed 2016,Kia,Ceed,Black,285000,new administrative capital,5/8/2025,468683
Kia Shuma 1999,Kia,Shuma,Blue,190000,el salam city,5/8/2025,560884
Kia Grand Cerato 2020,Kia,Grand Cerato,Gray,97000,obour city,5/8/2025,416288
Kia Cerato 2016,Kia,Cerato,White,270000,6-Oct,5/8/2025,580949
Kia Soul 2014,Kia,Soul,Silver,100000,damietta,5/8/2025,526746
Kia Rio 2001,Kia,Rio,Silver,500000,mohandessin,5/8/2025,467901
Kia Sportage 2017,Kia,Sportage,Black,162000,giza,5/8/2025,510705
Kia Cerato 2009,Kia,Cerato,Silver,198800,abu qir,5/8/2025,637552
Kia Cerato 2012,Kia,Cerato,Black,250000,saft el laban,5/8/2025,301226
Kia Sportage 2024,Kia,Sportage,White,4000,hybrid,5/8/2025,262630
Kia Carens 2011,Kia,Carens,Black,191000,tagamo3 - new cairo,5/8/2025,215550
Kia K3 2016,Kia,K3,Black,440000,nasr city,5/8/2025,272858
Kia Cerato 2006,Kia,Cerato,Silver,350000,nasr city,5/8/2025,308731
Kia Pegas 2020,Kia,Pegas,Red,59000,mansoura,5/8/2025,687254
Kia Grand Cerato 2019,Kia,Grand Cerato,Dark blue,133000,6-Oct,5/7/2025,575991
Kia Sportage 2017,Kia,Sportage,Black,162000,giza,5/7/2025,613443
Kia Cerato 2010,Kia,Cerato,Other,230000,obour city,5/7/2025,223670
Kia Cerato 2018,Kia,Cerato,Other,42500,cairo,5/7/2025,410125
Kia Sportage 2015,Kia,Sportage,White,170000,6-Oct,5/7/2025,651579
Kia Sephia 1999,Kia,Sephia,Blue,418190,qalyubia,5/7/2025,423406
Kia Sportage 2019Verified User,Kia,Sportage,Gray,152000,beni suef,5/7/2025,339032
Kia Cerato 2011,Kia,Cerato,Black,190000,tagamo3 - new cairo,5/7/2025,491568
Kia Picanto 2015,Kia,Picanto,Silver,170000,mansoura,5/7/2025,615130
Kia Ceed 2018,Kia,Ceed,Red,65000,sheraton,5/7/2025,470983
Kia Carens 2010,Kia,Carens,Black,274000,giza,5/7/2025,562246
Kia Picanto 2006,Kia,Picanto,Black,195000,ismailia,5/7/2025,283625
Kia Picanto 2014,Kia,Picanto,Black,202000,tagamo3 - new cairo,5/7/2025,531594
Kia Rio 2013,Kia,Rio,Brown,100000,pyramids gardens,5/7/2025,670927
Kia Picanto 2013,Kia,Picanto,Red,73000,mansoura,5/7/2025,311611
Kia Sportage 2024,Kia,Sportage,Silver,,zagazig,5/7/2025,429804
Kia Carens 2012,Kia,Carens,Silver,187000,6-Oct,5/7/2025,692484
Kia Cerato 2010,Kia,Cerato,Beige,270000,alexandria,5/7/2025,386727
Kia Carens 2016,Kia,Carens,Red,96000,dakahlia,5/7/2025,362222
Kia Grand Cerato 2021,Kia,Grand Cerato,Red,107000,el haram,5/6/2025,345685
Kia Grand Cerato 2021,Kia,Grand Cerato,Gray,90000,tagamo3 - new cairo,5/6/2025,296095
Kia Grand Cerato 2021,Kia,Grand Cerato,Silver,80500,tagamo3 - new cairo,5/6/2025,264950
Kia Cerato 2011,Kia,Cerato,Dark red,210000,el haram,5/6/2025,546649
Kia Carens 2011,Kia,Carens,Black,260000,port said,5/6/2025,608011
Hyundai Excel 1998,Hyundai,Excel,Red,,10th of ramadan,6/2/2025,278384
Hyundai Getz 2008Verified User,Hyundai,Getz,Cyan,200000,heliopolis,6/2/2025,325802
Hyundai Verna 2016,Hyundai,Verna,Dark grey,120000,cairo,6/2/2025,551444
Hyundai Elantra HD 2020,Hyundai,Elantra HD,Gray,85000,mokattam,6/2/2025,464418
Hyundai IX 35 2013,Hyundai,IX 35,Black,236000,tagamo3 - new cairo,6/2/2025,628672
Hyundai Verna 2012,Hyundai,Verna,Blue,189000,cairo,6/2/2025,222158
Hyundai Tucson 2022,Hyundai,Tucson,Silver,65000,dakahlia,6/2/2025,242711
Hyundai IX 35 2015,Hyundai,IX 35,Bronze,107000,dakahlia,6/2/2025,531715
Hyundai Tucson 2023,Hyundai,Tucson,Red,10000,6-Oct,6/2/2025,452429
Hyundai Bayon 2022,Hyundai,Bayon,Blue,40000,tagamo3 - new cairo,6/2/2025,559653
Hyundai Elantra MD 2012,Hyundai,Elantra MD,Black,195000,heliopolis,6/2/2025,640303
Hyundai Matrix 2005,Hyundai,Matrix,Silver,200000,nasr city,6/2/2025,254692
Hyundai Elantra 2010,Hyundai,Elantra,Silver,188000,nasr city,6/2/2025,440338
Hyundai I10 2013,Hyundai,I10,Silver,170000,maadi,6/2/2025,497583
Hyundai Tucson 2021Verified User,Hyundai,Tucson,Dark red,100000,tagamo3 - new cairo,6/2/2025,212881
Hyundai Elantra CN7 2021,Hyundai,Elantra CN7,Red,77000,mohandessin,6/2/2025,193193
Hyundai Elantra CN7 2022,Hyundai,Elantra CN7,Blue,,nasr city,6/2/2025,318183
Hyundai Tucson 2022,Hyundai,Tucson,Petroleum,93000,tagamo3 - new cairo,6/2/2025,408506
Hyundai Accent RB 2021,Hyundai,Accent RB,Eggplant,14700,sohag,6/2/2025,236141
Hyundai I10 2013Verified User,Hyundai,I10,Red,76000,heliopolis,6/2/2025,622925
Hyundai Tucson 2021,Hyundai,Tucson,White,68000,cairo,6/2/2025,587502
Hyundai Verna 2009,Hyundai,Verna,Dark grey,160000,mokattam,6/2/2025,302125
Hyundai Matrix 2002,Hyundai,Matrix,White,440000,giza,6/2/2025,296524
Hyundai Verna 2014,Hyundai,Verna,Gray,147000,el haram,6/2/2025,418205
Hyundai Tucson 2024,Hyundai,Tucson,Dark blue,72000,6-Oct,6/2/2025,637077
Hyundai Accent 2010Verified User,Hyundai,Accent,Black,190000,sheikh zayed city,6/2/2025,324982
Hyundai Accent 2010,Hyundai,Accent,Red,160000,cairo,6/2/2025,214114
Hyundai Elantra CN7 2023,Hyundai,Elantra CN7,Gray,40000,cairo,6/2/2025,457463
Hyundai Excel 1993,Hyundai,Excel,White,,10th of ramadan,6/2/2025,321831
Hyundai Tucson 2022,Hyundai,Tucson,White,80000,el haram,6/2/2025,457316
Hyundai Verna 2008,Hyundai,Verna,Gold,160000,alexandria,6/2/2025,386086
Hyundai Elantra HD 2017,Hyundai,Elantra HD,Cyan,240000,giza,6/2/2025,397655
Hyundai Elantra MD 2012,Hyundai,Elantra MD,Black,,giza,6/2/2025,353661
Hyundai I10 2014,Hyundai,I10,Red,150000,hadayek october,6/2/2025,371529
Hyundai Avante 2012,Hyundai,Avante,White,195000,mansoura,6/2/2025,295245
Hyundai Elantra HD 2019,Hyundai,Elantra HD,Silver,190000,el manial,6/2/2025,584473
Hyundai Elantra HD 2017,Hyundai,Elantra HD,Bronze,,kerdasa,6/2/2025,495948
Hyundai Verna 2015,Hyundai,Verna,Silver,300000,6-Oct,6/2/2025,443329
Hyundai Elantra HD 2019,Hyundai,Elantra HD,Black,102000,nasr city,6/2/2025,590790
Hyundai Avante 2007,Hyundai,Avante,Black,,tanta,6/2/2025,223166
Hyundai Elantra HD 2010,Hyundai,Elantra HD,Silver,223000,giza,6/2/2025,217523
Hyundai Verna 2012,Hyundai,Verna,Dark grey,132000,tagamo3 - new cairo,6/2/2025,259495
Hyundai Verna 2004,Hyundai,Verna,Green,250000,6-Oct,6/2/2025,276959
Hyundai Verna 2015,Hyundai,Verna,Dark grey,171000,6-Oct,6/2/2025,279450
Hyundai Verna 2017,Hyundai,Verna,Silver,102000,al shorouk,6/2/2025,203054
Hyundai Accent RB 2021,Hyundai,Accent RB,Petroleum,117000,giza,6/2/2025,244047
Hyundai I10 2016,Hyundai,I10,Red,67000,sohag,6/2/2025,503162
Hyundai I10 2009,Hyundai,I10,Blue,210000,cairo,6/2/2025,240181
Hyundai XD 2006,Hyundai,XD,Gold,260000,cairo,6/2/2025,333255
Hyundai Verna 2011,Hyundai,Verna,White,161000,cairo,6/2/2025,535877
Hyundai Matrix 2010,Hyundai,Matrix,Black,150000,dakahlia,6/2/2025,340646
Hyundai Elantra AD 2017,Hyundai,Elantra AD,Silver,,hurghada,6/2/2025,603986
Hyundai Accent RB 2024,Hyundai,Accent RB,Dark grey,36000,al shorouk,6/2/2025,382733
Hyundai Accent RB 2012,Hyundai,Accent RB,Bronze,142000,nasr city,6/2/2025,339998
Hyundai Accent RB 2015,Hyundai,Accent RB,Gray,209000,tagamo3 - new cairo,6/2/2025,519809
Hyundai Elantra 2009,Hyundai,Elantra,Black,,giza,6/2/2025,292502
Hyundai Verna 2008,Hyundai,Verna,Black,345000,cairo,6/2/2025,529816
Hyundai Accent 2010,Hyundai,Accent,Silver,170000,warraq,6/2/2025,182002
Hyundai Accent RB 2024,Hyundai,Accent RB,Silver,37000,suez,6/2/2025,562450
Hyundai Creta 2019,Hyundai,Creta,Silver,110000,mokattam,6/2/2025,409403
Hyundai Verna 2007,Hyundai,Verna,Dark blue,200000,sohag,6/1/2025,351196
Hyundai Elantra MD 2012,Hyundai,Elantra MD,Silver,188000,tagamo3 - new cairo,6/2/2025,405975
Hyundai Accent 2006,Hyundai,Accent,Red,189000,mansoura,6/1/2025,397730
Hyundai Accent 2009,Hyundai,Accent,Blue,150000,pyramids gardens,6/1/2025,473653
Hyundai Accent 1995,Hyundai,Accent,Dark green,100000,10th of ramadan,6/1/2025,199715
Hyundai Tucson GDI 2017,Hyundai,Tucson GDI,Bronze,86000,maadi,6/1/2025,276044
Hyundai Elantra CN7 2022,Hyundai,Elantra CN7,Blue,30000,tagamo3 - new cairo,6/1/2025,460150
Hyundai Tucson 2021,Hyundai,Tucson,Dark blue,70000,6-Oct,6/1/2025,223049
Hyundai IX 35 2016,Hyundai,IX 35,Red,98000,cairo,6/1/2025,183997
Hyundai Elantra HD 2018,Hyundai,Elantra HD,Silver,250000,cairo,6/1/2025,471751
Hyundai Tucson 2024,Hyundai,Tucson,Black,17000,alexandria,6/1/2025,632685
Hyundai Verna 2009,Hyundai,Verna,Silver,57000,el haram,6/1/2025,439847
Hyundai Elantra HD 2007,Hyundai,Elantra HD,Silver,274000,al shorouk,6/1/2025,571153
Hyundai Matrix 2003,Hyundai,Matrix,Silver,220000,heliopolis,6/1/2025,298295
Hyundai Verna 2004,Hyundai,Verna,Black,220000,maadi,6/1/2025,201336
Hyundai Tucson Turbo GDI 2022,Hyundai,Tucson Turbo GDI,White,70000,mokattam,6/1/2025,637946
Hyundai Elantra HD 2018,Hyundai,Elantra HD,Silver,220000,sheikh zayed city,6/1/2025,513122
Hyundai Elantra 2009,Hyundai,Elantra,Black,174000,tagamo3 - new cairo,6/1/2025,215218
Hyundai Excel 1998,Hyundai,Excel,Green,,10th of ramadan,6/1/2025,266799
Hyundai Verna 2011,Hyundai,Verna,Cyan,400000,giza,6/1/2025,402258
Hyundai Tucson GDI 2020,Hyundai,Tucson GDI,Black,170000,nasr city,6/1/2025,308706
Hyundai Tucson 2019,Hyundai,Tucson,White,163000,quesna,6/1/2025,275794
Hyundai Accent RB 2015,Hyundai,Accent RB,Red,80000,alexandria,6/1/2025,211441
Hyundai Elantra HD 2018,Hyundai,Elantra HD,Silver,250000,ain shams,6/1/2025,286963
Hyundai Verna 2010,Hyundai,Verna,Silver,27000,nasr city,6/1/2025,229279
Hyundai Tucson Turbo GDI 2020,Hyundai,Tucson Turbo GDI,White,80000,sharqia,6/1/2025,354900
Hyundai Matrix 2008,Hyundai,Matrix,Gold,185000,nasr city,6/1/2025,518414
Hyundai Matrix 2003,Hyundai,Matrix,Silver,190000,quesna,6/1/2025,496233
Hyundai Accent 2001,Hyundai,Accent,Gray,260000,el mahalla,6/1/2025,257333
Hyundai Excel 1994,Hyundai,Excel,Red,135000,alexandria,6/1/2025,468913
Hyundai Verna 2014Verified User,Hyundai,Verna,Silver,230000,giza,6/1/2025,615620
Hyundai I10 2013,Hyundai,I10,Black,145000,alexandria,6/1/2025,521483
Hyundai Verna 2016,Hyundai,Verna,White,,suez,6/1/2025,338934
Hyundai Creta 2017,Hyundai,Creta,Silver,80000,dakahlia,6/1/2025,649259
Hyundai I10 2008,Hyundai,I10,Gold,222000,kafr el-sheikh,6/1/2025,326275
Hyundai Tucson 2017,Hyundai,Tucson,White,118000,cairo,6/1/2025,239791
Hyundai Pony 1981,Hyundai,Pony,White,300000,el qanater el khayreya,6/1/2025,495581
Hyundai Verna 2014,Hyundai,Verna,Dark grey,208000,sharm el-sheikh,6/1/2025,480271
Hyundai Excel 1998,Hyundai,Excel,Other,340000,6-Oct,5/31/2025,324170
Hyundai Elantra MD 2016,Hyundai,Elantra MD,Red,130000,cairo,5/31/2025,187346
Hyundai Elantra 2010,Hyundai,Elantra,Other,320000,al shorouk,5/31/2025,320102
Hyundai XD 2000,Hyundai,XD,Silver,270000,kafr shukr,5/31/2025,363209
Hyundai Verna 2015,Hyundai,Verna,Silver,152000,cairo,5/31/2025,234571
Hyundai Elantra AD 2017Verified User,Hyundai,Elantra AD,Gold,127000,mohandessin,5/31/2025,576972
Hyundai Verna 2007,Hyundai,Verna,Dark red,160000,asyut,5/31/2025,387987
Hyundai Accent 1999,Hyundai,Accent,Gray,300000,tanta,5/31/2025,608407
Hyundai Accent RB 2017,Hyundai,Accent RB,Silver,169000,10th of ramadan,5/31/2025,515482
Hyundai Excel 1997,Hyundai,Excel,Silver,200000,qalyubia,5/31/2025,370058
Hyundai Elantra 2011,Hyundai,Elantra,Black,127000,tagamo3 - new cairo,5/31/2025,612715
Hyundai I10 2015,Hyundai,I10,Silver,114000,maadi,5/31/2025,621588
Hyundai Elantra MD 2013,Hyundai,Elantra MD,Silver,172700,badr city,5/31/2025,414855
Hyundai Matrix 2008,Hyundai,Matrix,Other,220000,cairo,5/31/2025,315108
Hyundai Excel 1994,Hyundai,Excel,Green,220000,cairo,5/31/2025,258381
Hyundai Avante 2007,Hyundai,Avante,Black,149000,el haram,5/31/2025,491265
Hyundai Elantra MD 2016,Hyundai,Elantra MD,Black,160000,mohandessin,5/31/2025,517558
Hyundai Accent RB 2021,Hyundai,Accent RB,Bronze,148000,cairo,5/31/2025,363341
Hyundai I30 2009,Hyundai,I30,Silver,180000,ismailia,5/31/2025,645504
Hyundai I10 2013,Hyundai,I10,Red,175000,damietta,5/31/2025,612613
Hyundai Elantra AD 2019,Hyundai,Elantra AD,Gold,164000,cairo,5/31/2025,212918
Hyundai I10 2010,Hyundai,I10,Dark blue,147000,nasr city,5/31/2025,601691
Hyundai Excel 1997,Hyundai,Excel,Green,340000,cairo,5/31/2025,221574
Hyundai Verna 2012,Hyundai,Verna,Red,100000,cairo,5/31/2025,579928
Hyundai Accent RB 2024,Hyundai,Accent RB,Dark red,37000,tagamo3 - new cairo,5/31/2025,398962
Hyundai Elantra HD 2018,Hyundai,Elantra HD,Bronze,160000,giza,5/30/2025,196563
Hyundai Accent RB 2015,Hyundai,Accent RB,Silver,120000,6-Oct,5/30/2025,338312
Hyundai Accent 2006,Hyundai,Accent,Purple,245000,giza,5/30/2025,583180
Hyundai Elantra CN7 2021,Hyundai,Elantra CN7,Silver,122000,6-Oct,5/30/2025,400672
Hyundai Matrix 2002,Hyundai,Matrix,Olive,160000,ismailia,5/30/2025,512513
Hyundai Verna 2004,Hyundai,Verna,Green,140000,obour city,5/30/2025,572228
Hyundai Elantra CN7 2022,Hyundai,Elantra CN7,Red,45000,asyut,5/30/2025,247620
Hyundai I10 2016,Hyundai,I10,Dark red,60000,nasr city,5/30/2025,322374
Hyundai Matrix 2008,Hyundai,Matrix,Gold,235000,sharqia,5/30/2025,325900
Hyundai Elantra CN7 2022,Hyundai,Elantra CN7,White,120000,mohandessin,5/30/2025,357960
Hyundai Avante 2010,Hyundai,Avante,Silver,110000,tagamo3 - new cairo,5/30/2025,499690
Hyundai Tucson 2021,Hyundai,Tucson,Silver,40000,ismailia,5/30/2025,368096
Hyundai Solaris 2017,Hyundai,Solaris,Silver,104000,tagamo3 - new cairo,5/30/2025,291436
Hyundai Atos 2005,Hyundai,Atos,Silver,139000,alexandria,5/30/2025,500028
Hyundai Matrix 2009,Hyundai,Matrix,Black,200000,alexandria,5/30/2025,323421
Hyundai Matrix 2006,Hyundai,Matrix,Dark blue,430000,heliopolis,5/30/2025,565689
Hyundai Elantra CN7 2021,Hyundai,Elantra CN7,Gray,130000,madinaty,5/30/2025,517165
Hyundai Accent RB 2016,Hyundai,Accent RB,Black,114000,maadi,5/30/2025,389607
Hyundai Verna 2013,Hyundai,Verna,Red,300000,suez,5/30/2025,390726
Hyundai Avante 2012,Hyundai,Avante,White,165000,cairo,5/30/2025,242612
Hyundai Avante 2022,Hyundai,Avante,Dark grey,80000,ismailia,5/30/2025,364549
Hyundai Accent 2000,Hyundai,Accent,Silver,200000,dakahlia,5/30/2025,251455
Hyundai Elantra MD 2012,Hyundai,Elantra MD,Cyan,90000,mansoura,5/30/2025,290795
Hyundai Verna 2018,Hyundai,Verna,Dark grey,106200,helwan,5/30/2025,422344
Hyundai Atos 2010,Hyundai,Atos,Black,182000,nasr city,5/30/2025,420574
Hyundai Tucson Turbo GDI 2024,Hyundai,Tucson Turbo GDI,White,,mansoura,5/30/2025,309570
Hyundai Verna 2010,Hyundai,Verna,White,600000,cairo,5/30/2025,210912
Hyundai I30 2009,Hyundai,I30,Blue,300000,helwan,5/29/2025,584491
Hyundai Accent 1999,Hyundai,Accent,Dark green,23500,faiyum,5/29/2025,259877
Hyundai Accent 2011,Hyundai,Accent,Dark blue,202000,mokattam,5/29/2025,419151
Hyundai Accent RB 2015,Hyundai,Accent RB,Silver,345000,6-Oct,5/29/2025,367487
Hyundai Accent 1995,Hyundai,Accent,Red,380000,10th of ramadan,5/29/2025,257793
Hyundai Elantra HD 2019,Hyundai,Elantra HD,Dark blue,270000,al shorouk,5/29/2025,252639
Hyundai Excel 1997,Hyundai,Excel,Silver,,obour city,5/29/2025,470947
Hyundai Avante 2012,Hyundai,Avante,White,126000,kafr el-sheikh,5/29/2025,624973
Hyundai Accent RB 2016,Hyundai,Accent RB,White,,shobra,5/29/2025,581535
Hyundai Tucson Turbo GDI 2021,Hyundai,Tucson Turbo GDI,Blue,97000,tagamo3 - new cairo,5/29/2025,608177
Hyundai Getz 2007,Hyundai,Getz,Red,118000,sharqia,5/29/2025,224678
Hyundai Elantra MD 2013,Hyundai,Elantra MD,White,300000,cairo,5/29/2025,582746
Hyundai Atos 2010,Hyundai,Atos,Red,170000,heliopolis,5/29/2025,450285
Hyundai Tucson 2022,Hyundai,Tucson,Gray,30000,heliopolis,5/29/2025,442145
Hyundai I10 2010,Hyundai,I10,Blue,71000,cairo,5/29/2025,639864
Hyundai Verna 2009,Hyundai,Verna,Silver,320000,alexandria,5/29/2025,501384
Hyundai Tucson Turbo GDI 2022,Hyundai,Tucson Turbo GDI,Petroleum,30000,heliopolis,5/29/2025,269261
Hyundai Accent 2006,Hyundai,Accent,Champagne,200000,beni suef,5/29/2025,595661
Hyundai Verna 2007,Hyundai,Verna,Blue,190000,6-Oct,5/29/2025,368519
Hyundai Elantra MD 2012,Hyundai,Elantra MD,White,140000,alexandria,5/29/2025,442289
Hyundai Accent HCI 2019,Hyundai,Accent HCI,Silver,70000,cairo,5/29/2025,305016
Hyundai Elantra Coupe 2005,Hyundai,Elantra Coupe,Blue,200000,warraq,5/29/2025,308032
Hyundai Elantra 2008,Hyundai,Elantra,Gold,174000,damietta,5/29/2025,229305
Hyundai Elantra CN7 2021,Hyundai,Elantra CN7,Dark green,110000,6-Oct,5/29/2025,577300
Hyundai I10 2008,Hyundai,I10,Silver,180000,damietta,5/29/2025,227982
Hyundai Getz 2008,Hyundai,Getz,Blue,197000,cairo,5/29/2025,424387
Hyundai Matrix 2010,Hyundai,Matrix,Black,293524,cairo,5/29/2025,468423
Hyundai Elantra AD 2020,Hyundai,Elantra AD,Black,59000,cairo,5/29/2025,580659
Hyundai Atos 2000,Hyundai,Atos,Black,200000,faiyum,5/29/2025,457574
Hyundai Elantra 2006,Hyundai,Elantra,Silver,140000,cairo,5/29/2025,454361
Hyundai Accent RB 2016,Hyundai,Accent RB,Silver,60000,cairo,5/28/2025,363068
Hyundai Excel 1998,Hyundai,Excel,Dark red,,cairo,5/28/2025,241712
Hyundai Verna 2012,Hyundai,Verna,Gold,247000,10th of ramadan,5/28/2025,534472
Hyundai Ix20 2012,Hyundai,Ix20,Gray,57000,alexandria,5/28/2025,314201
Hyundai Verna 2007,Hyundai,Verna,Dark grey,150000,cairo,5/28/2025,451531
Hyundai Avante 2005,Hyundai,Avante,White,130000,minya al qamh,5/28/2025,438299
Hyundai Matrix 2007,Hyundai,Matrix,Black,360500,port said,5/28/2025,639505
Hyundai Grand i10 2016,Hyundai,Grand i10,Eggplant,151000,tagamo3 - new cairo,5/28/2025,229002
Hyundai Matrix 2002,Hyundai,Matrix,Silver,175000,kafr el-sheikh,5/28/2025,646368
Hyundai Tucson Turbo GDI 2020,Hyundai,Tucson Turbo GDI,Black,100000,6-Oct,5/28/2025,492004
Hyundai Matrix 2001,Hyundai,Matrix,White,170000,mit ghamr,5/28/2025,411943
Hyundai Accent RB 2018,Hyundai,Accent RB,Other,88000,suez,5/28/2025,627194
Hyundai Elantra MD 2015,Hyundai,Elantra MD,Brown,170000,ismailia,5/28/2025,189135
Hyundai IX 35 2015,Hyundai,IX 35,White,170000,al shorouk,5/28/2025,498512
Hyundai Elantra 2009,Hyundai,Elantra,White,117000,dikirnis,5/28/2025,352952
Hyundai Verna 2014,Hyundai,Verna,Dark red,130000,maadi,5/28/2025,572208
Hyundai Elantra AD 2019,Hyundai,Elantra AD,Red,130000,banha,5/28/2025,201134
Hyundai Verna 2013,Hyundai,Verna,Silver,286000,imbaba,5/28/2025,190733
Hyundai Accent 1999,Hyundai,Accent,Bronze,200000,tagamo3 - new cairo,5/28/2025,381142
Hyundai Verna 2009,Hyundai,Verna,White,300000,agamy,5/28/2025,532770
Hyundai Tucson 2017,Hyundai,Tucson,Black,230000,shibin el kom,5/28/2025,405710
Hyundai Verna 2005,Hyundai,Verna,Other,242000,6-Oct,5/28/2025,259093
Hyundai Elantra MD 2012,Hyundai,Elantra MD,Black,197000,obour city,5/27/2025,515976
Hyundai Avante 2004,Hyundai,Avante,Silver,175000,mansoura,5/27/2025,325191
Hyundai I10 2015,Hyundai,I10,Petroleum,57000,heliopolis,5/28/2025,434984
Hyundai Avante 2010,Hyundai,Avante,Gray,155000,cairo,5/27/2025,209014
Hyundai Avante 2009,Hyundai,Avante,Red,103000,ashmoun,5/27/2025,585665
Hyundai Excel 1997,Hyundai,Excel,Dark red,150000,port said,5/27/2025,583856
Hyundai Accent RB 2015,Hyundai,Accent RB,Silver,120000,cairo,5/27/2025,256477
Hyundai Elantra MD 2016,Hyundai,Elantra MD,Black,125000,madinaty,5/27/2025,496600
Hyundai Veloster 2016,Hyundai,Veloster,Bronze,80000,maadi,5/27/2025,418440
Hyundai Elantra MD 2013,Hyundai,Elantra MD,White,142354,mansoura,5/27/2025,521453
Hyundai Atos 2011,Hyundai,Atos,Black,165000,cairo,5/27/2025,559845
Hyundai Elantra MD 2016,Hyundai,Elantra MD,Black,250000,6-Oct,5/27/2025,262261
Hyundai Verna 2007,Hyundai,Verna,White,300000,beheira,5/27/2025,254731
Hyundai Accent 2001,Hyundai,Accent,Silver,413000,helwan,5/27/2025,430382
Hyundai Matrix 2006,Hyundai,Matrix,Dark red,131000,kafr el-sheikh,5/27/2025,288307
Hyundai Verna 2015,Hyundai,Verna,Black,300000,giza,5/26/2025,411763
Hyundai XD 2001,Hyundai,XD,Silver,18000,tanta,5/26/2025,526324
Hyundai Elantra 2004,Hyundai,Elantra,Green,350000,hurghada,5/26/2025,313833
Hyundai Excel 1994,Hyundai,Excel,Red,235551,el qanater el khayreya,5/26/2025,377313
Hyundai Elantra HD 2017,Hyundai,Elantra HD,Eggplant,165000,el haram,5/26/2025,473275
Hyundai Elantra HD 2021,Hyundai,Elantra HD,White,330000,suez,5/26/2025,272724
Hyundai Atos 2009,Hyundai,Atos,Blue,125000,cairo,5/26/2025,397716
Hyundai Elantra 2011,Hyundai,Elantra,Black,180000,zagazig,5/26/2025,552435
Hyundai Elantra AD 2017,Hyundai,Elantra AD,Blue,320000,helwan,5/26/2025,232822
Hyundai Elantra 2010,Hyundai,Elantra,Eggplant,290000,sadat city,5/26/2025,185063
Hyundai Elantra CN7 2024,Hyundai,Elantra CN7,White,8890,el haram,5/26/2025,270469
Hyundai Accent RB 2011,Hyundai,Accent RB,Green,164000,sharqia,5/26/2025,564858
Hyundai Veloster 2012,Hyundai,Veloster,Other,197000,maadi,5/26/2025,315519
Hyundai Accent RB 2015Verified User,Hyundai,Accent RB,Gray,128000,heliopolis,5/26/2025,589830
Hyundai Verna 2012,Hyundai,Verna,Dark red,212637,beni suef,5/26/2025,240667
Hyundai Elantra CN7 2021,Hyundai,Elantra CN7,White,75000,giza,5/26/2025,435135
Hyundai Elantra AD 2017,Hyundai,Elantra AD,Blue,325000,hadayek october,5/26/2025,643743
Hyundai Elantra HD 2020,Hyundai,Elantra HD,Other,95000,6-Oct,5/26/2025,390475
Hyundai Ix20 2012,Hyundai,Ix20,Black,120000,6-Oct,5/26/2025,542771
Hyundai Elantra HD 2019,Hyundai,Elantra HD,Dark red,300000,amreya,5/26/2025,626413
Hyundai Verna 2010,Hyundai,Verna,Dark blue,320000,10th of ramadan,5/26/2025,649657
Hyundai Verna 2010,Hyundai,Verna,Silver,150000,ismailia,5/26/2025,571025
Hyundai Elantra MD 2016,Hyundai,Elantra MD,Black,197000,giza,5/26/2025,387921
Hyundai Atos 1998,Hyundai,Atos,Red,160000,el haram,5/26/2025,312887
Hyundai Accent RB 2016,Hyundai,Accent RB,Black,130000,beni suef,5/26/2025,643229
Hyundai Elantra HD 2018,Hyundai,Elantra HD,Mocha,250000,sheikh zayed city,5/26/2025,448886
Hyundai Accent 2005,Hyundai,Accent,Gold,165000,alexandria,5/25/2025,381404
Hyundai Accent RB 2015,Hyundai,Accent RB,Gray,228000,sheikh zayed city,5/25/2025,586179
Hyundai Accent RB 2012,Hyundai,Accent RB,Dark grey,172000,menouf,5/25/2025,269135
Hyundai IX 35 2015,Hyundai,IX 35,Black,170000,hurghada,5/25/2025,619550
Hyundai Creta 2016Verified User,Hyundai,Creta,Dark grey,80000,nasr city,5/25/2025,393446
Hyundai Accent 2009,Hyundai,Accent,Silver,140000,qalyubia,5/25/2025,299930
Hyundai Excel 1995,Hyundai,Excel,Green,200000,zagazig,5/25/2025,249441
Hyundai Getz 2011,Hyundai,Getz,Silver,136000,qena,5/25/2025,250127
Hyundai Verna 2012,Hyundai,Verna,Silver,180000,monufia,5/25/2025,237464
Hyundai I10 2014,Hyundai,I10,Red,49000,alexandria,5/25/2025,466113
Hyundai Excel 1996,Hyundai,Excel,Red,350000,cairo,5/25/2025,514221
Hyundai Elantra AD 2020,Hyundai,Elantra AD,Petroleum,240000,10th of ramadan,5/25/2025,325226
Hyundai Accent 1998,Hyundai,Accent,Gold,275000,dyarb negm,5/25/2025,242401
Hyundai Verna 2012,Hyundai,Verna,Dark grey,180000,gharbia,5/25/2025,381031
Hyundai Matrix 2007,Hyundai,Matrix,Black,214000,cairo,5/25/2025,427678
Hyundai Accent HCI 2019,Hyundai,Accent HCI,Black,60000,kafr el-sheikh,5/25/2025,647471
Hyundai Accent 1998,Hyundai,Accent,Dark blue,40000,6-Oct,5/25/2025,411979
Hyundai Accent RB 2015,Hyundai,Accent RB,Black,200000,cairo,5/25/2025,363081
Hyundai Accent 2006,Hyundai,Accent,Silver,98210,cairo,5/24/2025,412337
Hyundai Accent 1999,Hyundai,Accent,Green,160000,cairo,5/24/2025,506653
Hyundai Avante 2000,Hyundai,Avante,Black,150000,cairo,5/24/2025,229988
Hyundai Accent RB 2016,Hyundai,Accent RB,Silver,240000,damanhur,5/24/2025,299067
Hyundai Verna 2010,Hyundai,Verna,Champagne,270000,heliopolis,5/24/2025,492785
Hyundai Matrix 2001,Hyundai,Matrix,Silver,250000,beheira,5/24/2025,221520
Hyundai Matrix 2006,Hyundai,Matrix,Petroleum,265500,kafr el-sheikh,5/24/2025,237298
Hyundai IX 35 2015,Hyundai,IX 35,Mocha,97000,suez,5/24/2025,240225
Hyundai Creta 2016,Hyundai,Creta,Gray,244000,mansoura,5/24/2025,490489
Hyundai Matrix 2001,Hyundai,Matrix,White,124000,6-Oct,5/24/2025,581653
Hyundai Tucson GDI 2017,Hyundai,Tucson GDI,Silver,200000,sheikh zayed city,5/24/2025,528230
Hyundai Matrix 2011,Hyundai,Matrix,Dark grey,230000,hurghada,5/24/2025,235985
Hyundai Elantra 2010,Hyundai,Elantra,Eggplant,162000,mansoura,5/24/2025,450830
Hyundai Elantra HD 2019,Hyundai,Elantra HD,Brown,150000,red sea,5/24/2025,309211
Hyundai Excel 1998,Hyundai,Excel,Green,130000,cairo,5/24/2025,407531
Hyundai Elantra 2006,Hyundai,Elantra,Green,190000,hurghada,5/24/2025,357036
Hyundai Verna 2012,Hyundai,Verna,White,300000,el haram,5/24/2025,322063
Hyundai Avante 2015,Hyundai,Avante,Dark blue,86000,sharqia,5/24/2025,211066
Hyundai Verna 2010,Hyundai,Verna,Red,255000,6-Oct,5/24/2025,386916
Hyundai Elantra MD 2016,Hyundai,Elantra MD,Red,167000,giza,5/23/2025,585972
Hyundai Grand i10 2017,Hyundai,Grand i10,Dark grey,78000,alexandria,5/23/2025,534734
Hyundai Verna 2012,Hyundai,Verna,Dark red,270000,shobra,5/23/2025,250818
Hyundai Tucson GDI 2017,Hyundai,Tucson GDI,Dark grey,137400,nasr city,5/23/2025,485185
Hyundai Avante 2021,Hyundai,Avante,Gray,66000,tanta,5/23/2025,246607
Hyundai IX 35 2015,Hyundai,IX 35,Dark grey,150000,el mahalla,5/23/2025,562436
Hyundai Excel 1996,Hyundai,Excel,White,,6-Oct,5/23/2025,241099
Hyundai Accent RB 2019,Hyundai,Accent RB,Other,133000,maadi,5/23/2025,468613
Hyundai XD 2005,Hyundai,XD,Black,177000,tagamo3 - new cairo,5/23/2025,239271
Hyundai Elantra AD 2026,Hyundai,Elantra AD,Black,,cairo,5/23/2025,414234
Hyundai Verna 2010,Hyundai,Verna,White,500000,cairo,5/23/2025,626241
Hyundai Accent RB 2011,Hyundai,Accent RB,Silver,170000,el marg,5/23/2025,628682
Hyundai Accent 1999,Hyundai,Accent,Silver,170000,cairo,3/12/2025,436235
Hyundai Verna 2010,Hyundai,Verna,White,360000,cairo,5/23/2025,624206
Hyundai I30 2009,Hyundai,I30,Silver,240000,safaga,5/23/2025,195818
Hyundai Accent RB 2011,Hyundai,Accent RB,Bronze,180000,imbaba,5/23/2025,540389
Hyundai Avante 2023,Hyundai,Avante,Red,50000,mokattam,5/23/2025,431254
Hyundai Elantra HD 2020,Hyundai,Elantra HD,Bronze,240000,cairo,5/23/2025,220264
Hyundai Elantra HD 2020,Hyundai,Elantra HD,Petroleum,93000,hurghada,5/22/2025,252073
Hyundai Accent 2005,Hyundai,Accent,Champagne,248000,banha,5/23/2025,181139
Hyundai Verna 2007Verified User,Hyundai,Verna,Silver,195250,qena,5/23/2025,191336
Hyundai Accent HCI 2020,Hyundai,Accent HCI,Blue,101000,6-Oct,5/22/2025,533313
Hyundai Tucson GDI 2021,Hyundai,Tucson GDI,White,70000,faiyum,5/22/2025,590945
Hyundai Verna 2011,Hyundai,Verna,White,235000,dakahlia,5/22/2025,443481
Hyundai Verna 2007,Hyundai,Verna,Dark blue,165000,cairo,5/22/2025,361013
Hyundai Accent RB 2015,Hyundai,Accent RB,Silver,144000,sharqia,5/22/2025,260646
Hyundai Accent 1999,Hyundai,Accent,Red,115000,beni suef,5/22/2025,587121
Hyundai Sonata 2009,Hyundai,Sonata,Black,200000,mansoura,5/22/2025,616296
Hyundai Elantra MD 2016,Hyundai,Elantra MD,Black,37000,tanta,5/22/2025,615350
Hyundai Solaris 2016,Hyundai,Solaris,Black,,nasr city,5/22/2025,441221
Hyundai Atos 2009,Hyundai,Atos,Blue,40000,suez,5/22/2025,498210
Hyundai Elantra HD 2019,Hyundai,Elantra HD,Gray,196000,saft el laban,5/22/2025,270908
Hyundai Elantra MD 2013,Hyundai,Elantra MD,Dark red,96000,shobra,5/22/2025,428843
Hyundai Elantra CN7 2021Verified User,Hyundai,Elantra CN7,Gray,70000,mohandessin,5/22/2025,235842
Hyundai Accent 2006,Hyundai,Accent,Dark grey,250000,shobra,5/22/2025,198906
Hyundai Getz 2010,Hyundai,Getz,Silver,150000,heliopolis,5/22/2025,307856
Hyundai Verna 2012,Hyundai,Verna,Other,285000,abu hummus,5/22/2025,534162
Hyundai Accent 2009,Hyundai,Accent,Dark blue,250000,giza,5/22/2025,487300
Hyundai Elantra 2007,Hyundai,Elantra,Silver,120000,cairo,5/22/2025,399206
Hyundai Accent 2006,Hyundai,Accent,Dark red,300000,el minya,5/22/2025,216811
Hyundai Elantra AD 2025,Hyundai,Elantra AD,White,,tagamo3 - new cairo,5/22/2025,560464
Hyundai Elantra MD 2012,Hyundai,Elantra MD,Silver,180000,alexandria,5/22/2025,518113
Hyundai Elantra MD 2012,Hyundai,Elantra MD,Bronze,125000,touhk,5/22/2025,419051
Hyundai Elantra AD 2017,Hyundai,Elantra AD,Gray,176000,banha,5/21/2025,308354
Hyundai Elantra MD 2016,Hyundai,Elantra MD,Red,162000,kafr shukr,5/21/2025,572478
Hyundai Elantra AD 2017,Hyundai,Elantra AD,Black,170000,cairo,5/21/2025,191177
Hyundai Matrix 2003,Hyundai,Matrix,Cyan,245000,damanhur,5/21/2025,305624
Hyundai Verna 2012,Hyundai,Verna,Red,230000,el haram,5/21/2025,545740
Hyundai Accent RB 2015,Hyundai,Accent RB,Gray,80000,kafr el-sheikh,5/21/2025,413718
Hyundai Accent 2001,Hyundai,Accent,Silver,254000,asyut,5/21/2025,226189
Hyundai Accent RB 2024,Hyundai,Accent RB,Silver,20000,beni suef,5/21/2025,405965
Hyundai Verna 2014,Hyundai,Verna,White,500000,6-Oct,5/21/2025,638887
Hyundai Accent 2011,Hyundai,Accent,Silver,189000,cairo,5/21/2025,286623
Hyundai Avante 2024,Hyundai,Avante,Red,8000,hybrid,5/21/2025,283593
Hyundai Creta 2017,Hyundai,Creta,White,250000,tagamo3 - new cairo,5/21/2025,493685
Hyundai Tucson 2017,Hyundai,Tucson,Red,128000,giza,5/21/2025,355425
Hyundai Accent 2006,Hyundai,Accent,Blue,240000,giza,5/21/2025,231204
Hyundai XD 2005,Hyundai,XD,Silver,,zagazig,5/21/2025,231828
Hyundai IX 35 2015,Hyundai,IX 35,Bronze,196000,south sinai,5/21/2025,472923
Hyundai Atos 1998,Hyundai,Atos,Gold,,obour city,5/21/2025,365842
Hyundai Elantra CN7 2022,Hyundai,Elantra CN7,Blue,65000,cairo,5/1/2025,592139
Hyundai Elantra HD 2022,Hyundai,Elantra HD,Red,140000,nasr city,5/21/2025,618646
Hyundai IX 35 2015,Hyundai,IX 35,Other,115000,tanta,5/21/2025,620326
Hyundai Elantra MD 2012,Hyundai,Elantra MD,White,150000,tagamo3 - new cairo,5/21/2025,476638
Hyundai Verna 2009,Hyundai,Verna,Black,,el marg,5/20/2025,251641
Hyundai Verna 2015,Hyundai,Verna,White,189000,10th of ramadan,5/20/2025,458082
Hyundai IX 35 2015,Hyundai,IX 35,White,92000,damietta,4/30/2025,533061
Hyundai Creta 2016,Hyundai,Creta,White,94000,mansoura,5/20/2025,257724
Hyundai Accent 2000,Hyundai,Accent,Red,350000,heliopolis,5/20/2025,516745
Hyundai Accent 2000,Hyundai,Accent,Dark blue,300000,faiyum,5/20/2025,417120
Hyundai Elantra AD 2018,Hyundai,Elantra AD,Black,230000,tagamo3 - new cairo,5/20/2025,622162
Hyundai Elantra MD 2013,Hyundai,Elantra MD,Silver,165000,heliopolis,4/27/2025,597082
Hyundai I10 2010Verified User,Hyundai,I10,Dark blue,300000,el haram,5/20/2025,592939
Hyundai Verna 2011,Hyundai,Verna,Black,320000,nasr city,5/20/2025,262269
Hyundai Elantra AD 2019,Hyundai,Elantra AD,Silver,97000,mohandessin,5/20/2025,308980
Hyundai IX 35 2015,Hyundai,IX 35,Black,160000,6-Oct,5/20/2025,590003
Hyundai Accent 2010,Hyundai,Accent,Cyan,103000,red sea,5/20/2025,309371
Hyundai Accent 1999,Hyundai,Accent,Red,200000,imbaba,5/20/2025,586134
Hyundai Solaris 2016,Hyundai,Solaris,Red,60000,tagamo3 - new cairo,5/20/2025,486425
Hyundai XD 2002,Hyundai,XD,Silver,345000,6-Oct,5/20/2025,264537
Hyundai Accent 1998,Hyundai,Accent,Red,,cairo,5/20/2025,467127
Hyundai Elantra CN7 2021,Hyundai,Elantra CN7,Silver,94000,mohandessin,5/20/2025,603102
Hyundai Verna 2011,Hyundai,Verna,White,580000,suez,5/20/2025,336954
Hyundai Verna 2012,Hyundai,Verna,Black,290000,obour city,5/20/2025,297279
Hyundai Verna 2007,Hyundai,Verna,Blue,146000,dikirnis,5/20/2025,566980
Hyundai Elantra MD 2015,Hyundai,Elantra MD,Dark grey,282000,6-Oct,5/20/2025,510676
Hyundai Verna 2015,Hyundai,Verna,White,520000,cairo,5/20/2025,373799
Hyundai IX 35 2011,Hyundai,IX 35,White,310000,giza,5/20/2025,400466
Hyundai Accent 2011,Hyundai,Accent,Black,,cairo,5/20/2025,281223
Hyundai Tucson 2013,Hyundai,Tucson,Mocha,154000,6-Oct,5/20/2025,411230
Hyundai Matrix 2004,Hyundai,Matrix,Silver,260000,al shorouk,5/20/2025,378309
Hyundai Accent 2009,Hyundai,Accent,Silver,222000,helwan,5/20/2025,309947
Hyundai Elantra MD 2012,Hyundai,Elantra MD,Black,177000,obour city,5/20/2025,429599
Hyundai I20 2021,Hyundai,I20,White,80000,sheikh zayed city,5/19/2025,563521
Hyundai Bayon 2022,Hyundai,Bayon,Red,30000,mansoura,5/19/2025,200592
Hyundai Elantra 2010,Hyundai,Elantra,Eggplant,153000,cairo,5/19/2025,386444
Hyundai I20 2022,Hyundai,I20,White,8000,tagamo3 - new cairo,5/19/2025,495694
Hyundai Grand i10 2016,Hyundai,Grand i10,Gray,130000,damietta,5/19/2025,238572
Hyundai Elantra HD 2022,Hyundai,Elantra HD,Silver,,agamy,5/19/2025,297034
Hyundai Accent 2006,Hyundai,Accent,Other,600000,ismailia,5/19/2025,269675
Hyundai Elantra AD 2025,Hyundai,Elantra AD,Blue,15000,nasr city,5/19/2025,489588
Hyundai Elantra MD 2013,Hyundai,Elantra MD,White,90000,giza,5/19/2025,629954
Hyundai Elantra HD 2019,Hyundai,Elantra HD,Silver,200000,cairo,5/19/2025,528546
Hyundai Creta 2021,Hyundai,Creta,White,180000,6-Oct,5/19/2025,609824
Hyundai Tucson 2023,Hyundai,Tucson,Petroleum,15000,nasr city,5/19/2025,577000
Hyundai Elantra HD 2017,Hyundai,Elantra HD,Cyan,240000,giza,5/19/2025,417893
Hyundai IX 35 2015,Hyundai,IX 35,Mocha,250000,ain shams,5/19/2025,276124
Hyundai Verna 2011,Hyundai,Verna,Champagne,324000,cairo,5/19/2025,444067
Hyundai Accent 2011,Hyundai,Accent,Black,365000,hurghada,5/19/2025,542304
Hyundai Atos 2009,Hyundai,Atos,Black,131000,alexandria,5/19/2025,551043
Hyundai Elantra 2010,Hyundai,Elantra,Dark red,,sharm el-sheikh,5/19/2025,251373
Hyundai Elantra AD 2019,Hyundai,Elantra AD,Silver,137000,nasr city,5/19/2025,627955
Hyundai Tucson GDI 2017,Hyundai,Tucson GDI,Black,178000,dokki,5/19/2025,616180
Hyundai Avante 2002,Hyundai,Avante,Black,295000,zagazig,5/19/2025,559983
Hyundai Accent 2010,Hyundai,Accent,Red,140000,el minya,5/19/2025,559843
Hyundai Atos 2008,Hyundai,Atos,Black,98000,6-Oct,5/19/2025,252571
Hyundai Creta 2016,Hyundai,Creta,Gold,140000,tagamo3 - new cairo,5/19/2025,528845
Hyundai Accent 2011,Hyundai,Accent,Black,,tagamo3 - new cairo,5/19/2025,389027
Hyundai Elantra CN7 2022Verified User,Hyundai,Elantra CN7,Dark red,98000,mohandessin,5/19/2025,386192
Hyundai Excel 1995,Hyundai,Excel,Black,300000,khanka,5/19/2025,550912
Hyundai Bayon 2022,Hyundai,Bayon,Silver,28000,tanta,5/18/2025,420208
Hyundai Elantra MD 2016,Hyundai,Elantra MD,Brown,250000,cairo,5/18/2025,576602
Hyundai Verna 2015,Hyundai,Verna,Dark red,67000,nasr city,5/18/2025,531165
Hyundai Verna 2017,Hyundai,Verna,Other,188000,mansoura,5/18/2025,436253
Hyundai Matrix 2010,Hyundai,Matrix,Cyan,165000,kafr el-sheikh,5/18/2025,182880
Hyundai I10 2016Verified User,Hyundai,I10,Black,82000,nasr city,5/18/2025,371571
Hyundai Tucson Turbo GDI 2021,Hyundai,Tucson Turbo GDI,Black,105000,alexandria,5/18/2025,350294
Hyundai I10 2011,Hyundai,I10,Silver,20000,heliopolis,5/18/2025,228551
Hyundai Accent RB 2015,Hyundai,Accent RB,Red,167000,6-Oct,5/18/2025,261147
Hyundai Elantra CN7 2021,Hyundai,Elantra CN7,Blue,97000,tagamo3 - new cairo,5/18/2025,647098
Hyundai I10 2010,Hyundai,I10,Red,170000,damietta,5/18/2025,385210
Hyundai Veloster 2014,Hyundai,Veloster,Black,74000,cairo,5/18/2025,487615
Hyundai Excel 1996,Hyundai,Excel,Red,200000,cairo,5/18/2025,640487
Hyundai Tucson GDI 2021,Hyundai,Tucson GDI,Gold,85000,cairo,5/18/2025,496154
Hyundai I10 2014,Hyundai,I10,Dark grey,156000,hadayek october,5/18/2025,536833
Hyundai Verna 2011,Hyundai,Verna,Silver,190000,alexandria,5/18/2025,373952
Hyundai Elantra MD 2012,Hyundai,Elantra MD,Red,170000,aswan,5/18/2025,283902
Hyundai Verna 2010,Hyundai,Verna,Cyan,170000,cairo,5/18/2025,561890
Hyundai Accent 2008,Hyundai,Accent,Other,162000,el minya,5/18/2025,439835
Hyundai Creta 2016,Hyundai,Creta,White,70000,sharqia,5/18/2025,329476
Hyundai Atos 2009,Hyundai,Atos,Silver,48000,alexandria,5/18/2025,248532
Hyundai Verna 2013,Hyundai,Verna,Dark grey,120000,beheira,5/18/2025,235026
Hyundai Tucson GDI 2018,Hyundai,Tucson GDI,Gray,39000,cairo,5/18/2025,525856
Hyundai Verna 2011,Hyundai,Verna,Dark red,250000,cairo,5/18/2025,490073
Hyundai Elantra HD 2020,Hyundai,Elantra HD,Silver,57000,heliopolis,5/17/2025,247420
Hyundai Excel 1994,Hyundai,Excel,Green,267000,6-Oct,5/17/2025,601288
Hyundai Elantra CN7 2021,Hyundai,Elantra CN7,Dark green,128000,tagamo3 - new cairo,5/17/2025,523222
Hyundai Verna 2009,Hyundai,Verna,White,,cairo,5/17/2025,475052
Hyundai Avante 2007,Hyundai,Avante,Silver,250000,monufia,5/17/2025,299464
Hyundai Getz 2011,Hyundai,Getz,Black,166000,heliopolis,5/17/2025,337435
Hyundai Elantra AD 2012,Hyundai,Elantra AD,White,146000,zefta,5/17/2025,357741
Hyundai Verna 2007,Hyundai,Verna,Black,280000,heliopolis,5/17/2025,240731
Hyundai Verna 2007,Hyundai,Verna,Silver,350000,mansoura,5/17/2025,570644
Hyundai Accent RB 2012,Hyundai,Accent RB,Black,165000,heliopolis,5/17/2025,319230
Hyundai Excel 1997,Hyundai,Excel,Blue,290000,giza,5/17/2025,398339
Hyundai Elantra 2019,Hyundai,Elantra,Dark red,300000,amreya,5/17/2025,451459
Hyundai I10 2010,Hyundai,I10,Dark grey,109000,alexandria,5/17/2025,250586
Hyundai Verna 2008,Hyundai,Verna,Cyan,280000,bilbeis,5/17/2025,423939
Hyundai Elantra MD 2016,Hyundai,Elantra MD,Gray,150000,cairo,5/17/2025,461549
Hyundai Elantra CN7 2021,Hyundai,Elantra CN7,White,99000,marsa matrouh,5/17/2025,252090
Hyundai Verna 2014,Hyundai,Verna,Black,200000,mokattam,5/17/2025,556833
Hyundai Elantra AD 2019,Hyundai,Elantra AD,Silver,130000,cairo,5/17/2025,597851
Hyundai Accent RB 2012,Hyundai,Accent RB,Cyan,168000,cairo,5/17/2025,248433
Hyundai Elantra 2007,Hyundai,Elantra,Dark red,180000,tagamo3 - new cairo,5/17/2025,607127
Hyundai Matrix 2002,Hyundai,Matrix,Silver,300000,mansoura,5/17/2025,187394
Hyundai Verna 2007,Hyundai,Verna,Silver,350000,damietta,5/17/2025,253638
Hyundai Ix20 2012,Hyundai,Ix20,Silver,320000,alexandria,5/17/2025,448383
Hyundai Tucson 2022,Hyundai,Tucson,Silver,5000,zagazig,5/16/2025,231339
Hyundai Matrix 2008,Hyundai,Matrix,Silver,260000,cairo,5/17/2025,607969
Hyundai Tucson 2020,Hyundai,Tucson,Gray,93000,rosetta,5/16/2025,576909
Hyundai Elantra 2011,Hyundai,Elantra,Black,160000,quesna,5/16/2025,640964
Hyundai Accent RB 2023,Hyundai,Accent RB,Silver,63000,tagamo3 - new cairo,4/16/2025,537105
Hyundai I10 2008,Hyundai,I10,Dark blue,90000,madinaty,5/16/2025,234176
Hyundai Creta 2021Verified User,Hyundai,Creta,Blue,170000,mohandessin,5/16/2025,521879
Hyundai Accent RB 2015,Hyundai,Accent RB,Black,200000,helwan,5/16/2025,447310
Hyundai Accent RB 2015,Hyundai,Accent RB,Silver,56000,el minya,5/16/2025,503125
Hyundai Grand i10 2015,Hyundai,Grand i10,Black,181000,dokki,5/16/2025,296490
Hyundai Elantra CN7 2021,Hyundai,Elantra CN7,Blue,100000,nasr city,5/16/2025,564235
Hyundai Matrix 2003,Hyundai,Matrix,Other,254000,cairo,5/16/2025,495278
Hyundai Avante 2002,Hyundai,Avante,Silver,380000,disabled,5/16/2025,265903
Hyundai Accent RB 2012,Hyundai,Accent RB,Silver,140000,cairo,5/16/2025,397630
Hyundai Elantra HD 2017,Hyundai,Elantra HD,Black,93000,mit ghamr,5/16/2025,632936
Hyundai Elantra HD 2008,Hyundai,Elantra HD,Silver,25000,cairo,5/16/2025,598071
Hyundai Verna 2010,Hyundai,Verna,Cyan,285000,red sea,5/16/2025,562628
Hyundai Elantra 2010,Hyundai,Elantra,Eggplant,196000,6-Oct,5/16/2025,378061
Hyundai Elantra AD 2019,Hyundai,Elantra AD,Petroleum,99000,zagazig,5/16/2025,526732
Hyundai Elantra MD 2015,Hyundai,Elantra MD,Mocha,30000,mit ghamr,5/16/2025,350742
Hyundai Tucson GDI 2017,Hyundai,Tucson GDI,Gold,60000,tanta,5/13/2025,490829
Hyundai I20 2022,Hyundai,I20,Silver,11000,banha,5/15/2025,372851
Hyundai Verna 2006,Hyundai,Verna,Gray,310000,nasr city,5/15/2025,645910
Hyundai Tucson 2017,Hyundai,Tucson,Silver,148000,cairo,5/15/2025,554293
Hyundai Bayon 2022,Hyundai,Bayon,Silver,40000,cairo,5/15/2025,208126
Hyundai I10 2013,Hyundai,I10,Red,240000,cairo,5/15/2025,307563
Hyundai Matrix 2004,Hyundai,Matrix,Silver,106000,sohag,5/15/2025,190399
Hyundai Matrix 2007,Hyundai,Matrix,Cyan,320000,10th of ramadan,5/15/2025,471591
Hyundai IX 35 2014,Hyundai,IX 35,Blue,130000,6-Oct,5/15/2025,342964
Hyundai Accent RB 2023,Hyundai,Accent RB,Silver,40000,giza,5/15/2025,236785
Hyundai Elantra MD 2016,Hyundai,Elantra MD,White,190000,dikirnis,5/15/2025,637033
Hyundai Elantra AD 2025,Hyundai,Elantra AD,Red,2300,alexandria,5/15/2025,548335
Hyundai Elantra 1996,Hyundai,Elantra,Dark green,160000,dikirnis,5/15/2025,563075
Hyundai Accent 2008,Hyundai,Accent,White,360000,10th of ramadan,5/15/2025,418270
Hyundai Atos 2008,Hyundai,Atos,Silver,135000,ain shams,5/15/2025,396078
Hyundai H1 2016,Hyundai,H1,Beige,180000,hurghada,5/15/2025,280497
Hyundai Elantra AD 2017,Hyundai,Elantra AD,Dark red,70000,tagamo3 - new cairo,5/15/2025,492505
Hyundai Creta 2016,Hyundai,Creta,Mocha,260000,hadayek october,5/15/2025,590115
Hyundai Excel 1996,Hyundai,Excel,Black,350000,mit ghamr,5/14/2025,580565
Hyundai Elantra HD 2017,Hyundai,Elantra HD,Bronze,187000,nasr city,5/14/2025,328454
Hyundai Verna 2009,Hyundai,Verna,Black,171000,el mahalla,5/14/2025,389066
Hyundai Verna 2006,Hyundai,Verna,Dark blue,133000,cairo,5/14/2025,626416
Hyundai Avante 2012,Hyundai,Avante,Silver,100000,6-Oct,5/14/2025,336062
Hyundai Excel 1996,Hyundai,Excel,Dark green,,faiyum,5/14/2025,539563
Hyundai H1 2005,Hyundai,H1,Silver,190000,monufia,5/14/2025,595334
Hyundai I10 2015,Hyundai,I10,Gray,77000,tagamo3 - new cairo,5/14/2025,329192
Hyundai Elantra HD 2017,Hyundai,Elantra HD,Other,190000,heliopolis,5/14/2025,415094
Hyundai H1 2006,Hyundai,H1,White,100000,giza,5/14/2025,526242
Hyundai Accent RB 2017,Hyundai,Accent RB,Dark grey,,heliopolis,5/14/2025,248372
Hyundai Tucson GDI 2017,Hyundai,Tucson GDI,Petroleum,100000,damietta,5/14/2025,410286
Hyundai Atos 1998,Hyundai,Atos,Gold,137000,maadi,5/14/2025,328118
Hyundai Elantra CN7 2024,Hyundai,Elantra CN7,Gray,14100,heliopolis,5/14/2025,513339
Hyundai Sonata 2008,Hyundai,Sonata,Black,360000,giza,5/14/2025,535880
Hyundai Elantra HD 2019,Hyundai,Elantra HD,Dark grey,235000,al shorouk,5/14/2025,533672
Hyundai Elantra CN7 2022,Hyundai,Elantra CN7,Blue,60000,giza,5/14/2025,580249
Hyundai Elantra 2010,Hyundai,Elantra,Black,127000,sharqia,5/14/2025,181301
Hyundai Elantra 2007,Hyundai,Elantra,Black,225000,khanka,5/14/2025,184181
Hyundai Avante 2002,Hyundai,Avante,Black,257000,shibin el kom,5/14/2025,629276
Chevrolet Malibu 2019,Chevrolet,Malibu,Black,180000,sheikh zayed city,6/2/2025,187573
Chevrolet Optra 2022,Chevrolet,Optra,Gray,90000,obour city,6/2/2025,527636
Chevrolet Aveo 2012,Chevrolet,Aveo,Red,87000,el minya,6/2/2025,416082
Chevrolet Optra 2006Verified User,Chevrolet,Optra,Gold,208000,6-Oct,6/2/2025,502334
Chevrolet Aveo 2019Verified User,Chevrolet,Aveo,Petroleum,13000,pyramids gardens,6/2/2025,195919
Chevrolet Aveo 2015,Chevrolet,Aveo,Dark grey,111000,heliopolis,6/2/2025,592126
Chevrolet Optra 2022,Chevrolet,Optra,Dark blue,71000,cairo,6/2/2025,598613
Chevrolet Lanos 1999,Chevrolet,Lanos,Silver,180000,giza,6/2/2025,448520
Chevrolet Aveo 2018,Chevrolet,Aveo,Dark blue,90000,tagamo3 - new cairo,6/2/2025,375909
Chevrolet Optra 2023Verified User,Chevrolet,Optra,Dark red,28000,dokki,6/2/2025,196501
Chevrolet Optra 2005,Chevrolet,Optra,Black,230000,el haram,6/2/2025,346794
Chevrolet Cruze 2010,Chevrolet,Cruze,Gold,213000,alexandria,6/2/2025,531640
Chevrolet Aveo 2019,Chevrolet,Aveo,Silver,150000,6-Oct,6/2/2025,586745
Chevrolet Aveo 2013,Chevrolet,Aveo,Silver,360000,obour city,6/2/2025,372149
Chevrolet T-Series 2010,Chevrolet,T-Series,White,100000,cairo,6/2/2025,546406
Chevrolet T-Series 2001,Chevrolet,T-Series,White,200000,beni suef,6/2/2025,563834
Chevrolet Captiva 2020,Chevrolet,Captiva,Dark grey,65000,6-Oct,6/2/2025,341896
Chevrolet Lanos 2015,Chevrolet,Lanos,Silver,166000,mokattam,6/2/2025,524866
Chevrolet Optra 2018,Chevrolet,Optra,Dark grey,176000,tagamo3 - new cairo,6/2/2025,291936
Chevrolet N300 2023,Chevrolet,N300,Dark grey,99000,faiyum,6/2/2025,577868
Chevrolet N300 2023,Chevrolet,N300,Silver,58000,banha,6/2/2025,179851
Chevrolet Optra 2010,Chevrolet,Optra,Cyan,173000,zagazig,6/2/2025,179875
Chevrolet N300 2022,Chevrolet,N300,Silver,111000,banha,6/2/2025,392482
Chevrolet Captiva 2021,Chevrolet,Captiva,Gray,80000,suez,6/2/2025,545574
Chevrolet Lanos 2009,Chevrolet,Lanos,Silver,300000,tagamo3 - new cairo,6/2/2025,304018
Chevrolet Optra 2007,Chevrolet,Optra,Black,130000,sohag,6/2/2025,341469
Chevrolet Aveo 2012,Chevrolet,Aveo,Dark grey,147000,maadi,6/1/2025,545698
Chevrolet Optra 2017,Chevrolet,Optra,Dark blue,120000,el mahalla,6/1/2025,287812
Chevrolet Optra 2021,Chevrolet,Optra,Blue,90000,el haram,6/1/2025,426656
Chevrolet Optra 2008,Chevrolet,Optra,Blue,200000,cairo,6/1/2025,455657
Chevrolet Lanos 2013,Chevrolet,Lanos,Black,128000,obour city,6/1/2025,418579
Chevrolet Optra 2017,Chevrolet,Optra,Dark grey,121000,hurghada,6/1/2025,321332
Chevrolet Pickup 1990,Chevrolet,Pickup,White,,faqous,6/1/2025,298903
Chevrolet Lanos 2014Verified User,Chevrolet,Lanos,Silver,230000,heliopolis,6/1/2025,424199
Chevrolet Optra 2020,Chevrolet,Optra,Dark blue,145000,6-Oct,6/1/2025,157294
Chevrolet Aveo 2009,Chevrolet,Aveo,Red,200000,nasr city,6/1/2025,158391
Chevrolet Aveo 2011,Chevrolet,Aveo,Black,177000,alexandria,6/1/2025,344336
Chevrolet Lanos 2010,Chevrolet,Lanos,Silver,190000,helwan,6/1/2025,219663
Chevrolet N300 2015,Chevrolet,N300,Silver,40000,helwan,6/1/2025,531679
Chevrolet Optra 2006,Chevrolet,Optra,Red,380000,el haram,6/1/2025,413875
Chevrolet Malibu 2019,Chevrolet,Malibu,Blue,109000,6-Oct,6/1/2025,446623
Chevrolet Aveo 2010,Chevrolet,Aveo,Silver,190000,cairo,6/1/2025,279616
Chevrolet Optra 2023,Chevrolet,Optra,Silver,16000,pyramids gardens,6/1/2025,520577
Chevrolet Optra 2009,Chevrolet,Optra,Gold,340000,cairo,6/1/2025,569449
Chevrolet Lanos 2015,Chevrolet,Lanos,Blue,56000,6-Oct,6/1/2025,289791
Chevrolet Aveo 2016,Chevrolet,Aveo,Red,128000,beni suef,6/1/2025,259515
Chevrolet Lanos 2011,Chevrolet,Lanos,Black,280000,alexandria,6/1/2025,449151
Chevrolet Lanos 2013,Chevrolet,Lanos,Gray,210000,6-Oct,6/1/2025,306869
Chevrolet Cruze 2010,Chevrolet,Cruze,Purple,,cairo,5/31/2025,290708
Chevrolet Captiva 2010,Chevrolet,Captiva,Black,188000,heliopolis,5/31/2025,214382
Chevrolet Lanos 2009,Chevrolet,Lanos,Dark blue,150000,ismailia,5/31/2025,150659
Chevrolet Malibu 2019,Chevrolet,Malibu,Dark green,146000,el haram,5/31/2025,416804
Chevrolet Optra 2007,Chevrolet,Optra,Blue,154000,zagazig,5/31/2025,271415
Chevrolet Lanos 2013,Chevrolet,Lanos,Gray,333000,maadi,5/31/2025,227778
Chevrolet Lanos 2018,Chevrolet,Lanos,Black,160000,cairo,5/31/2025,395676
Chevrolet Cruze 2016,Chevrolet,Cruze,Black,199000,obour city,5/31/2025,461654
Chevrolet Aveo 2012,Chevrolet,Aveo,Dark red,185000,el haram,5/31/2025,211905
Chevrolet Aveo 2015,Chevrolet,Aveo,Red,120000,tanta,5/31/2025,276025
Chevrolet Aveo 2011,Chevrolet,Aveo,Silver,120000,zagazig,5/31/2025,256850
Chevrolet Lanos 2016,Chevrolet,Lanos,Black,245000,tagamo3 - new cairo,5/31/2025,343556
Chevrolet Aveo 2019,Chevrolet,Aveo,Silver,500000,cairo,5/31/2025,356080
Chevrolet Optra 2018,Chevrolet,Optra,Dark blue,110000,dokki,5/30/2025,479633
Chevrolet Optra 2009,Chevrolet,Optra,Black,265000,zagazig,5/30/2025,439031
Chevrolet Lanos 2009,Chevrolet,Lanos,Black,190000,obour city,5/30/2025,574388
Chevrolet Optra 2011,Chevrolet,Optra,Black,219000,shibin el kom,5/30/2025,586048
Chevrolet Lanos 2010,Chevrolet,Lanos,Silver,170000,giza,5/30/2025,397597
Chevrolet Aveo 2016,Chevrolet,Aveo,Silver,170000,mohandessin,5/30/2025,317134
Chevrolet Cruze 2010Verified User,Chevrolet,Cruze,Silver,245000,heliopolis,5/30/2025,536071
Chevrolet N300 2014,Chevrolet,N300,Dark red,78000,el minya,5/30/2025,175237
Chevrolet Lanos 2017,Chevrolet,Lanos,Blue,209000,heliopolis,5/30/2025,528253
Chevrolet Captiva 2022,Chevrolet,Captiva,Red,62000,sharqia,5/30/2025,369990
Chevrolet Optra 2009,Chevrolet,Optra,Black,231000,madinaty,5/30/2025,338189
Chevrolet Cruze 2010,Chevrolet,Cruze,Black,200000,kafr el-sheikh,5/30/2025,471219
Chevrolet Aveo 2010,Chevrolet,Aveo,Black,200000,el katameya,5/30/2025,386150
Chevrolet Aveo 2020,Chevrolet,Aveo,Silver,116000,sheikh zayed city,5/30/2025,260128
Chevrolet Aveo 2009,Chevrolet,Aveo,Black,232000,alexandria,5/30/2025,488620
Chevrolet Aveo 2011,Chevrolet,Aveo,Black,160000,cairo,5/30/2025,514471
Chevrolet N300 2022,Chevrolet,N300,Other,75000,heliopolis,5/30/2025,582670
Chevrolet Optra 2017,Chevrolet,Optra,Silver,162000,cairo,5/30/2025,458341
Chevrolet Optra 2018,Chevrolet,Optra,Dark blue,287000,maadi,5/29/2025,374752
Chevrolet Optra 2006,Chevrolet,Optra,Silver,290000,kafr el-sheikh,5/29/2025,498587
Chevrolet Optra 2007,Chevrolet,Optra,Black,209000,banha,5/29/2025,211932
Chevrolet Optra 2017,Chevrolet,Optra,Black,140000,tanta,5/29/2025,234525
Chevrolet Lanos 2012,Chevrolet,Lanos,Silver,185000,el marg,5/29/2025,319845
Chevrolet Lanos 2013,Chevrolet,Lanos,Red,136000,suez,5/29/2025,231013
Chevrolet Spark 2009,Chevrolet,Spark,Black,100000,damietta,5/29/2025,501202
Chevrolet Aveo 2013,Chevrolet,Aveo,Silver,180000,6-Oct,5/29/2025,519784
Chevrolet Aveo 2017,Chevrolet,Aveo,Dark blue,94927,mokattam,5/29/2025,304290
Chevrolet Spark 2008,Chevrolet,Spark,Dark blue,40000,heliopolis,5/29/2025,270221
Chevrolet Optra 2021,Chevrolet,Optra,Dark blue,80000,heliopolis,5/29/2025,558926
Chevrolet Optra 2015,Chevrolet,Optra,Silver,128000,cairo,5/29/2025,287454
Chevrolet Cruze 2016,Chevrolet,Cruze,Black,148000,al shorouk,5/29/2025,503472
Chevrolet Captiva 2021Verified User,Chevrolet,Captiva,Silver,40000,maadi,5/29/2025,438143
Chevrolet T-Series 2020,Chevrolet,T-Series,Red,220000,el haram,5/29/2025,240851
Chevrolet Captiva 2023,Chevrolet,Captiva,Silver,59200,tagamo3 - new cairo,5/29/2025,165425
Chevrolet Cruze 2016,Chevrolet,Cruze,Eggplant,250000,6-Oct,5/29/2025,195965
Chevrolet Aveo 2019,Chevrolet,Aveo,Champagne,29000,beheira,5/29/2025,452168
Chevrolet Optra 2018,Chevrolet,Optra,Dark blue,82000,cairo,5/28/2025,318475
Chevrolet Cruze 2016,Chevrolet,Cruze,Dark blue,96000,tagamo3 - new cairo,5/28/2025,560110
Chevrolet Optra 2018,Chevrolet,Optra,Dark red,170000,obour city,5/28/2025,491454
Chevrolet Optra 2020,Chevrolet,Optra,Silver,116000,kafr el-sheikh,5/28/2025,541514
Chevrolet Aveo 2015,Chevrolet,Aveo,Black,148000,alexandria,5/28/2025,561545
Chevrolet Aveo 2012,Chevrolet,Aveo,Silver,,kafr el-dawwar,5/28/2025,504390
Chevrolet Aveo 2016,Chevrolet,Aveo,Red,150000,6-Oct,5/28/2025,541052
Chevrolet Lanos 2010,Chevrolet,Lanos,Black,,nasr city,5/28/2025,344164
Chevrolet Lanos 2010,Chevrolet,Lanos,White,180000,alexandria,5/28/2025,242634
Chevrolet Cruze 2010,Chevrolet,Cruze,Black,228000,sadat city,5/28/2025,428668
Chevrolet Optra 2021,Chevrolet,Optra,Red,85000,6-Oct,5/28/2025,355721
Chevrolet Aveo 2014,Chevrolet,Aveo,Red,155000,red sea,5/28/2025,482548
Chevrolet Other 2014,Chevrolet,Other,Dark red,370000,ain shams,5/28/2025,342044
Chevrolet Aveo 2011,Chevrolet,Aveo,Gray,183000,quesna,5/28/2025,522496
Chevrolet Aveo 2012,Chevrolet,Aveo,Silver,,10th of ramadan,5/28/2025,361862
Chevrolet Aveo 2010,Chevrolet,Aveo,Silver,230000,10th of ramadan,5/28/2025,359785
Chevrolet Lanos 2017,Chevrolet,Lanos,Dark red,107000,cairo,5/28/2025,267923
Chevrolet Lanos 2016,Chevrolet,Lanos,Gray,120000,giza,5/28/2025,310916
Chevrolet Aveo 2010,Chevrolet,Aveo,Black,160000,beheira,5/28/2025,556934
Chevrolet Spark 2008,Chevrolet,Spark,Black,125000,6-Oct,5/28/2025,238730
Chevrolet Aveo 2006,Chevrolet,Aveo,Cyan,140000,zagazig,5/28/2025,454698
Chevrolet Optra 2008,Chevrolet,Optra,Dark red,250000,beni suef,5/27/2025,519770
Chevrolet Lanos 2019,Chevrolet,Lanos,Dark red,123000,helwan,5/28/2025,528348
Chevrolet T-Series 2018,Chevrolet,T-Series,White,57000,giza,5/27/2025,571786
Chevrolet Optra 2006,Chevrolet,Optra,Black,,giza,5/27/2025,192626
Chevrolet Aveo 2018,Chevrolet,Aveo,Dark blue,140000,cairo,5/27/2025,325840
Chevrolet Lanos 2013,Chevrolet,Lanos,Red,206000,el minya,5/27/2025,509022
Chevrolet Cruze 2014,Chevrolet,Cruze,Dark grey,120000,mohandessin,5/27/2025,565260
Chevrolet Aveo 2009,Chevrolet,Aveo,Cyan,215000,tagamo3 - new cairo,5/27/2025,358611
Chevrolet Optra 2006,Chevrolet,Optra,Black,160000,tanta,5/27/2025,215525
Chevrolet Cruze 2010,Chevrolet,Cruze,Other,237000,pyramids gardens,5/27/2025,304237
Chevrolet Aveo 2014,Chevrolet,Aveo,Red,129000,maadi,5/27/2025,495655
Chevrolet Cruze 2016,Chevrolet,Cruze,Dark green,100000,heliopolis,5/27/2025,406608
Chevrolet Lanos 2016,Chevrolet,Lanos,Silver,210000,nasr city,5/27/2025,449998
Chevrolet Aveo 2008,Chevrolet,Aveo,Blue,360000,6-Oct,5/27/2025,457573
Chevrolet Optra 2008,Chevrolet,Optra,Red,120000,tagamo3 - new cairo,5/27/2025,284016
Chevrolet Aveo 2020,Chevrolet,Aveo,Red,44000,giza,5/27/2025,161843
Chevrolet Optra 2007Verified User,Chevrolet,Optra,Black,122000,6-Oct,5/27/2025,236780
Chevrolet Optra 2019,Chevrolet,Optra,Silver,244000,obour city,5/27/2025,577977
Chevrolet Aveo 2009,Chevrolet,Aveo,Red,222000,cairo,5/27/2025,268192
Chevrolet Cruze 2010,Chevrolet,Cruze,Black,103000,el-arish,5/27/2025,525218
Chevrolet T-Series 2014,Chevrolet,T-Series,Red,190000,asyut,5/27/2025,543183
Chevrolet Aveo 2009,Chevrolet,Aveo,Red,220000,cairo,5/27/2025,576572
Chevrolet Lanos 2009,Chevrolet,Lanos,Silver,250000,gharbia,5/26/2025,582934
Chevrolet Aveo 2019,Chevrolet,Aveo,Dark blue,157000,nasr city,5/26/2025,268766
Chevrolet Lanos 2014,Chevrolet,Lanos,Dark grey,,sharqia,5/26/2025,185603
Chevrolet Cruze 2013,Chevrolet,Cruze,Black,,cairo,5/26/2025,261884
Chevrolet Aveo 2018,Chevrolet,Aveo,Silver,110000,6-Oct,5/26/2025,470499
Chevrolet Aveo 2014,Chevrolet,Aveo,Gray,169000,cairo,5/26/2025,193056
Chevrolet Optra 2021,Chevrolet,Optra,Dark blue,221000,tagamo3 - new cairo,5/26/2025,368865
Chevrolet Lanos 2010,Chevrolet,Lanos,Silver,160000,obour city,5/26/2025,268862
Chevrolet Optra 2008,Chevrolet,Optra,Dark red,190000,6-Oct,5/26/2025,489094
Chevrolet Cruze 2010,Chevrolet,Cruze,Gray,210000,cairo,5/26/2025,282459
Chevrolet Optra 2007Verified User,Chevrolet,Optra,Dark red,230000,alexandria,5/26/2025,227323
Chevrolet Aveo 2012,Chevrolet,Aveo,Black,170000,heliopolis,5/26/2025,566925
Chevrolet Aveo 2015,Chevrolet,Aveo,Gray,150000,cairo,5/26/2025,497329
Chevrolet Malibu 2019,Chevrolet,Malibu,Dark blue,111000,mohandessin,5/26/2025,172457
Chevrolet Lanos 2018,Chevrolet,Lanos,Red,140000,khanka,5/26/2025,197413
Chevrolet Optra 2011,Chevrolet,Optra,Black,195000,alexandria,5/26/2025,263085
Chevrolet Lanos 2013,Chevrolet,Lanos,Silver,,dakahlia,5/26/2025,223463
Chevrolet Spark 2012,Chevrolet,Spark,Other,185000,alexandria,5/26/2025,245271
Chevrolet Cruze 2010Verified User,Chevrolet,Cruze,Black,219000,cairo,5/25/2025,479378
Chevrolet N300 2016,Chevrolet,N300,Dark grey,130000,giza,5/25/2025,502011
Chevrolet Pickup 2016,Chevrolet,Pickup,White,700000,el salam city,5/25/2025,201251
Chevrolet Cruze 2010,Chevrolet,Cruze,Black,245000,maadi,5/25/2025,468271
Chevrolet Optra 2020,Chevrolet,Optra,Dark blue,130000,kafr el-sheikh,5/25/2025,383859
Chevrolet Optra 2016,Chevrolet,Optra,Red,160000,tanta,5/25/2025,373689
Chevrolet Cruze 2016,Chevrolet,Cruze,Gray,140000,zagazig,5/25/2025,361199
Chevrolet Optra 2021,Chevrolet,Optra,Dark blue,78000,pyramids gardens,5/25/2025,254020
Chevrolet T-Series 2015,Chevrolet,T-Series,White,379454,qena,5/25/2025,401329
Chevrolet Lanos 2010,Chevrolet,Lanos,Silver,310000,cairo,5/25/2025,231685
Chevrolet Spark 2008,Chevrolet,Spark,Black,110000,alexandria,5/25/2025,345713
Chevrolet Lanos 2011Verified User,Chevrolet,Lanos,Dark red,156000,beheira,5/25/2025,348143
Chevrolet Optra 2019,Chevrolet,Optra,Dark blue,128000,shubra al-khaimah,5/25/2025,453800
Chevrolet Lanos 2018,Chevrolet,Lanos,Black,200000,nasr city,5/25/2025,516610
Chevrolet Aveo 2006,Chevrolet,Aveo,Black,145000,nasr city,5/25/2025,575028
Chevrolet Optra 2011,Chevrolet,Optra,Silver,127000,alexandria,5/25/2025,425689
Chevrolet Cruze 2010,Chevrolet,Cruze,Black,160000,cairo,5/25/2025,488824
Chevrolet Cruze 2014,Chevrolet,Cruze,Silver,231000,tagamo3 - new cairo,5/24/2025,346403
Chevrolet Optra 2012,Chevrolet,Optra,Black,261000,delengat,5/24/2025,410660
Chevrolet Aveo 2016,Chevrolet,Aveo,Dark blue,210000,kerdasa,5/24/2025,222813
Chevrolet Lanos 2012,Chevrolet,Lanos,Silver,125000,sharqia,5/24/2025,545060
Chevrolet Optra 2008,Chevrolet,Optra,Silver,400000,menouf,5/24/2025,271996
Chevrolet Optra 2017,Chevrolet,Optra,Dark red,100000,dakahlia,5/24/2025,407821
Chevrolet Optra 2022,Chevrolet,Optra,Other,245000,sharqia,5/24/2025,595321
Chevrolet Cruze 2015,Chevrolet,Cruze,Black,109000,tagamo3 - new cairo,5/24/2025,483861
Chevrolet Aveo 2012,Chevrolet,Aveo,Silver,159000,cairo,5/24/2025,553887
Chevrolet Captiva 2022,Chevrolet,Captiva,White,55200,mohandessin,5/24/2025,371615
Chevrolet Lanos 2015,Chevrolet,Lanos,Blue,170000,nasr city,5/24/2025,241635
Chevrolet Lanos 2009,Chevrolet,Lanos,Dark blue,190000,el haram,5/24/2025,261132
Chevrolet Aveo 2010,Chevrolet,Aveo,Black,270000,obour city,5/24/2025,356135
Chevrolet Optra 2007,Chevrolet,Optra,Black,230000,el haram,5/24/2025,216958
Chevrolet Lanos 2014,Chevrolet,Lanos,Silver,163000,giza,5/24/2025,394087
Chevrolet Optra 2020,Chevrolet,Optra,Dark red,36000,el haram,5/24/2025,199972
Chevrolet Optra 2011,Chevrolet,Optra,Black,370000,6-Oct,5/24/2025,246609
Chevrolet Optra 2008,Chevrolet,Optra,Silver,213000,dyarb negm,5/24/2025,455146
Chevrolet Optra 2021,Chevrolet,Optra,Gray,145000,dokki,5/24/2025,445772
Chevrolet Optra 2010,Chevrolet,Optra,Silver,138000,beni suef,5/23/2025,366663
Chevrolet Optra 2010,Chevrolet,Optra,Silver,209000,6-Oct,5/23/2025,367478
Chevrolet Aveo 2013,Chevrolet,Aveo,Black,205000,qalyubia,5/23/2025,288318
Chevrolet Lanos 2011,Chevrolet,Lanos,Silver,222500,nasr city,5/23/2025,580863
Chevrolet Aveo 2013,Chevrolet,Aveo,Red,164000,cairo,5/23/2025,516818
Chevrolet Optra 2009,Chevrolet,Optra,Red,242000,shubrakhit,5/23/2025,264847
Chevrolet Optra 2007,Chevrolet,Optra,Silver,125000,el mahalla,5/23/2025,532255
Chevrolet Aveo 2014,Chevrolet,Aveo,Silver,185000,giza,5/23/2025,396029
Chevrolet Optra 2016,Chevrolet,Optra,Black,183000,heliopolis,5/23/2025,564851
Chevrolet Aveo 2011,Chevrolet,Aveo,Silver,300000,cairo,5/23/2025,161294
Chevrolet Lanos 2015,Chevrolet,Lanos,Dark grey,224000,helwan,5/22/2025,216682
Chevrolet N300 2013,Chevrolet,N300,Gray,120000,cairo,5/22/2025,451513
Chevrolet Spark 2012,Chevrolet,Spark,Black,105000,el haram,5/22/2025,204586
Chevrolet Optra 2017,Chevrolet,Optra,Gray,140000,nasr city,5/22/2025,327098
Chevrolet Cruze 2015,Chevrolet,Cruze,Black,35000,alexandria,5/22/2025,415231
Chevrolet Pickup 2022,Chevrolet,Pickup,Red,122000,ashmoun,5/22/2025,578070
Chevrolet Optra 2021,Chevrolet,Optra,Red,62000,el haram,5/22/2025,501822
Chevrolet Lanos 2013,Chevrolet,Lanos,Dark red,192000,cairo,5/22/2025,540184
Chevrolet Lanos 2014,Chevrolet,Lanos,Red,200000,cairo,5/22/2025,152200
Chevrolet Cruze 2015,Chevrolet,Cruze,Black,135000,agamy,5/22/2025,325955
Chevrolet Optra 2022,Chevrolet,Optra,Gray,231000,cairo,5/22/2025,416709
Chevrolet Lanos 2016,Chevrolet,Lanos,Gray,180000,alexandria,5/22/2025,264773
Chevrolet Lanos 2016,Chevrolet,Lanos,Other,150000,quesna,5/22/2025,576636
Chevrolet Aveo 2015,Chevrolet,Aveo,Silver,129000,quesna,5/22/2025,471302
Chevrolet Lanos 2015,Chevrolet,Lanos,Gray,190000,beni suef,5/22/2025,175427
Chevrolet Aveo 2019,Chevrolet,Aveo,Blue,70000,heliopolis,5/21/2025,290589
Chevrolet Spark 2011,Chevrolet,Spark,Red,189000,alexandria,5/21/2025,247559
Chevrolet Lanos 2015,Chevrolet,Lanos,Blue,225000,sheikh zayed city,5/21/2025,399876
Chevrolet Optra 2020,Chevrolet,Optra,Dark blue,103000,el haram,5/21/2025,278053
Chevrolet Optra 2026Verified User,Chevrolet,Optra,Gray,,obour city,5/21/2025,525321
Chevrolet Aveo 2009,Chevrolet,Aveo,Black,279000,cairo,5/21/2025,226662
Chevrolet Lanos 2012,Chevrolet,Lanos,Cyan,340000,beni suef,5/21/2025,328437
Chevrolet Optra 2008,Chevrolet,Optra,Gold,230000,helwan,5/21/2025,469731
Chevrolet N300 2017,Chevrolet,N300,Gray,160000,mokattam,5/21/2025,345649
Chevrolet Optra 2022,Chevrolet,Optra,Blue,18000,alexandria,5/21/2025,320725
Chevrolet Lanos 2012,Chevrolet,Lanos,Dark red,260000,damanhur,5/21/2025,513101
Chevrolet Cruze 2015,Chevrolet,Cruze,Petroleum,140000,damanhur,5/21/2025,257278
Chevrolet Optra 2023,Chevrolet,Optra,Dark blue,15000,tanta,5/21/2025,235878
Chevrolet Optra 2013,Chevrolet,Optra,Black,194000,alexandria,5/21/2025,168815
Chevrolet Optra 2022,Chevrolet,Optra,Silver,100000,helwan,5/21/2025,379268
Chevrolet Optra 2022,Chevrolet,Optra,Silver,75000,alexandria,5/21/2025,472212
Chevrolet Lanos 2015,Chevrolet,Lanos,Dark blue,170000,cairo,5/21/2025,580897
Chevrolet Optra 2021,Chevrolet,Optra,Blue,114000,sohag,5/21/2025,592931
Chevrolet Optra 2010,Chevrolet,Optra,Silver,190000,agamy,5/20/2025,255406
Chevrolet Aveo 2013Verified User,Chevrolet,Aveo,Dark red,145000,cairo,5/20/2025,301078
Chevrolet Lanos 2010,Chevrolet,Lanos,White,120000,sheikh zayed city,5/20/2025,352863
Chevrolet Lanos 2010,Chevrolet,Lanos,Black,235000,cairo,5/20/2025,520554
Chevrolet Captiva 2021,Chevrolet,Captiva,White,70000,cairo,5/20/2025,235663
Chevrolet Aveo 2019,Chevrolet,Aveo,Black,118000,giza,5/20/2025,291167
Chevrolet Optra 2008,Chevrolet,Optra,Gold,215000,maadi,5/20/2025,466357
Chevrolet T-Series 2014,Chevrolet,T-Series,White,35000,10th of ramadan,5/20/2025,218420
Chevrolet Optra 2007,Chevrolet,Optra,White,200000,tanta,5/20/2025,334525
Chevrolet Cruze 2014,Chevrolet,Cruze,Black,186000,sheikh zayed city,5/20/2025,178980
Chevrolet Lanos 2011,Chevrolet,Lanos,Gray,144000,al shorouk,5/20/2025,354630
Chevrolet Aveo 2009,Chevrolet,Aveo,Dark grey,237000,giza,5/20/2025,596784
Chevrolet Lanos 2012,Chevrolet,Lanos,Dark red,30000,giza,5/20/2025,304577
Chevrolet Optra 2010,Chevrolet,Optra,Gray,190000,agamy,5/20/2025,309725
Chevrolet Aveo 2019,Chevrolet,Aveo,Dark blue,98000,shobra,5/20/2025,295079
Chevrolet Cruze 2011,Chevrolet,Cruze,Silver,300000,cairo,5/20/2025,374346
Chevrolet Lanos 2013,Chevrolet,Lanos,Dark red,200000,mohandessin,5/20/2025,566876
Chevrolet Optra 2017,Chevrolet,Optra,Dark blue,168000,el haram,5/20/2025,243752
Chevrolet Optra 2018,Chevrolet,Optra,Blue,141000,shobra,5/20/2025,231247
Chevrolet Aveo 2007,Chevrolet,Aveo,Silver,226500,el haram,5/19/2025,235776
Chevrolet Optra 2023,Chevrolet,Optra,Dark blue,40000,6-Oct,5/19/2025,553980
Chevrolet Aveo 2013,Chevrolet,Aveo,Red,91000,el katameya,5/19/2025,499807
Chevrolet Aveo 2007,Chevrolet,Aveo,Black,240000,el mahalla,5/19/2025,320607
Chevrolet N300 2025,Chevrolet,N300,Silver,10000,al shorouk,5/19/2025,178500
Chevrolet Cruze 2015,Chevrolet,Cruze,Mocha,118000,nasr city,5/19/2025,582504
Chevrolet Aveo 2012,Chevrolet,Aveo,Cyan,45000,alexandria,5/19/2025,378215
Chevrolet Aveo 2011,Chevrolet,Aveo,Dark grey,200000,el haram,5/19/2025,324903
Chevrolet Aveo 2010,Chevrolet,Aveo,Black,200000,al shorouk,5/19/2025,331415
Chevrolet Cruze 2010,Chevrolet,Cruze,Silver,260000,tagamo3 - new cairo,5/19/2025,190315
Chevrolet Lanos 2013,Chevrolet,Lanos,Red,200000,el minya,5/19/2025,406856
Chevrolet Cruze 2010,Chevrolet,Cruze,Dark grey,270000,sharqia,5/19/2025,583526
Chevrolet T-Series 2002,Chevrolet,T-Series,White,300000,faiyum,5/19/2025,532996
Chevrolet Aveo 2013,Chevrolet,Aveo,Silver,200000,damanhur,5/19/2025,466009
Chevrolet Lanos 2010,Chevrolet,Lanos,Black,50000,cairo,5/18/2025,202768
Chevrolet Captiva 2023,Chevrolet,Captiva,Silver,66000,cairo,5/18/2025,532830
Chevrolet Lanos 2010,Chevrolet,Lanos,White,567000,suez,5/18/2025,167362
Chevrolet Optra 2019,Chevrolet,Optra,Dark red,77000,al shorouk,5/18/2025,275455
Chevrolet Lanos 2012,Chevrolet,Lanos,Dark grey,68000,tanta,5/18/2025,387319
Chevrolet Lanos 2013,Chevrolet,Lanos,Dark red,180000,cairo,5/18/2025,375630
Chevrolet Spark 2012,Chevrolet,Spark,Silver,120000,cairo,5/18/2025,584841
Chevrolet Lanos 2010,Chevrolet,Lanos,Black,100000,cairo,5/18/2025,299210
Chevrolet Lanos 2012,Chevrolet,Lanos,Cyan,215000,al shorouk,5/18/2025,228127
Chevrolet Cruze 2010,Chevrolet,Cruze,Dark grey,270000,sharqia,5/18/2025,333858
Chevrolet Captiva 2021,Chevrolet,Captiva,White,105000,tagamo3 - new cairo,5/18/2025,562047
Chevrolet Optra 2022,Chevrolet,Optra,Silver,17000,zamalek,5/18/2025,464251
Chevrolet T-Series 2022,Chevrolet,T-Series,Red,70000,obour city,5/18/2025,160531
Chevrolet Aveo 2007,Chevrolet,Aveo,Black,225000,beni suef,5/18/2025,418352
Chevrolet Aveo 2009,Chevrolet,Aveo,Black,200000,cairo,5/18/2025,248158
Chevrolet Cruze 2011,Chevrolet,Cruze,Black,212000,alexandria,5/18/2025,305755
Chevrolet Cruze 2010,Chevrolet,Cruze,Dark grey,300000,ain shams,5/18/2025,294457
Chevrolet Cruze 2010,Chevrolet,Cruze,Black,124000,nasr city,5/18/2025,494350
Chevrolet Aveo 2008,Chevrolet,Aveo,Black,250000,giza,5/17/2025,238481
Chevrolet Aveo 2008,Chevrolet,Aveo,Silver,350000,giza,5/17/2025,392725
Chevrolet Optra 2008,Chevrolet,Optra,Green,300000,el haram,5/17/2025,180561
Chevrolet Cruze 2016,Chevrolet,Cruze,Dark red,240000,cairo,5/17/2025,239210
Chevrolet Cruze 2014,Chevrolet,Cruze,Black,249500,al shorouk,5/17/2025,536218
Chevrolet Cruze 2010,Chevrolet,Cruze,Red,290000,6-Oct,5/17/2025,520607
Chevrolet N300 2016,Chevrolet,N300,Silver,280000,giza,5/17/2025,480283
Chevrolet Aveo 2013,Chevrolet,Aveo,Red,219000,sohag,5/17/2025,596875
Chevrolet Lanos 2015,Chevrolet,Lanos,Dark red,61000,banha,5/17/2025,165179
Chevrolet Optra 2012,Chevrolet,Optra,Silver,168000,cairo,5/17/2025,550786
Chevrolet Cruze 2010,Chevrolet,Cruze,Black,200000,monufia,5/17/2025,259241
Chevrolet Aveo 2007,Chevrolet,Aveo,Dark grey,225000,el haram,5/17/2025,212815
Chevrolet Lanos 2015,Chevrolet,Lanos,Gray,130000,alexandria,5/17/2025,587384
Chevrolet Lanos 2010,Chevrolet,Lanos,Gray,214000,el minya,5/17/2025,281529
Chevrolet Cruze 2016,Chevrolet,Cruze,Other,175000,maadi,5/17/2025,252272
Chevrolet Aveo 2007,Chevrolet,Aveo,Blue,200000,cairo,5/17/2025,160018
Chevrolet Lanos 2012,Chevrolet,Lanos,Dark red,340000,zagazig,5/16/2025,452774
Chevrolet Cruze 2010,Chevrolet,Cruze,Black,99000,nasr city,5/16/2025,212763
Chevrolet Captiva 2011,Chevrolet,Captiva,Gray,220000,cairo,5/16/2025,435164
Chevrolet Aveo 2011,Chevrolet,Aveo,Dark red,240000,6-Oct,5/16/2025,457985
Chevrolet N300 2021,Chevrolet,N300,Silver,146000,imbaba,5/16/2025,274439
Chevrolet Aveo 2015,Chevrolet,Aveo,Dark blue,270000,sheikh zayed city,5/16/2025,576744
Chevrolet Lanos 2012,Chevrolet,Lanos,Dark red,340000,zagazig,5/16/2025,322488
Chevrolet Cruze 2016,Chevrolet,Cruze,Black,124000,cairo,5/16/2025,178556
Chevrolet Lanos 2009,Chevrolet,Lanos,Dark red,,damanhur,5/16/2025,281991
Chevrolet Lanos 2013,Chevrolet,Lanos,Dark red,316000,helwan,5/16/2025,281018
Chevrolet N300 2014,Chevrolet,N300,White,95000,giza,5/15/2025,367568
Chevrolet Optra 2020,Chevrolet,Optra,Silver,33000,el haram,5/15/2025,523667
Chevrolet Cruze 2009,Chevrolet,Cruze,Black,194000,banha,5/15/2025,189463
Chevrolet Spark 2008,Chevrolet,Spark,Other,160000,faqous,5/15/2025,151159
Chevrolet Optra 2010,Chevrolet,Optra,Red,171000,maadi,5/15/2025,499740
Chevrolet Captiva 2021,Chevrolet,Captiva,Dark grey,90000,mokattam,5/15/2025,375963
Chevrolet Lanos 2009,Chevrolet,Lanos,White,290000,helwan,5/15/2025,488663
Chevrolet Aveo 2009,Chevrolet,Aveo,Black,188000,beni suef,5/15/2025,295655
Chevrolet Optra 2022,Chevrolet,Optra,Silver,110000,tagamo3 - new cairo,5/15/2025,598107
Chevrolet Optra 2018Verified User,Chevrolet,Optra,Brown,320000,cairo,5/15/2025,545224
Chevrolet Spark 2018,Chevrolet,Spark,Black,89000,tanta,5/15/2025,509584
Chevrolet Optra 2020,Chevrolet,Optra,Dark red,146000,shibin el kom,5/15/2025,240393
Chevrolet Optra 2010,Chevrolet,Optra,Silver,240000,sheikh zayed city,5/15/2025,253829
Chevrolet T-Series 2016,Chevrolet,T-Series,White,,qalyubia,5/14/2025,526899
Chevrolet Optra 2020,Chevrolet,Optra,Gray,98000,10th of ramadan,5/15/2025,152958
Chevrolet Optra 2017,Chevrolet,Optra,Dark red,435000,6-Oct,5/15/2025,238240
Chevrolet Lanos 2015Verified User,Chevrolet,Lanos,Silver,191000,cairo,5/15/2025,380314
Chevrolet Lanos 2014,Chevrolet,Lanos,Other,214000,alexandria,5/15/2025,260069
Chevrolet Optra 2012,Chevrolet,Optra,Black,250000,el mahalla,5/15/2025,383841
Chevrolet Optra 2019,Chevrolet,Optra,Dark grey,78000,dakahlia,5/15/2025,548519
Chevrolet Optra 2013,Chevrolet,Optra,Silver,223000,asyut,5/15/2025,199867
Chevrolet Aveo 2016,Chevrolet,Aveo,Dark blue,105000,el haram,5/15/2025,317207
Chevrolet Spark 2008,Chevrolet,Spark,Black,85000,cairo,5/15/2025,534084
Chevrolet Aveo 2017,Chevrolet,Aveo,Blue,330000,el haram,5/15/2025,338308
Chevrolet Cruze 2010,Chevrolet,Cruze,Black,250000,alexandria,5/14/2025,552056
Chevrolet Spark 2012,Chevrolet,Spark,Red,70000,alexandria,5/14/2025,500631
Chevrolet Lanos 2013,Chevrolet,Lanos,Dark red,199000,giza,5/14/2025,204016
Chevrolet Optra 2022,Chevrolet,Optra,Silver,80000,6-Oct,3/3/2025,480334
Chevrolet Cruze 2011,Chevrolet,Cruze,Black,227000,helwan,5/14/2025,458248
Chevrolet Aveo 2017,Chevrolet,Aveo,Dark blue,111000,sheikh zayed city,5/14/2025,326866
Chevrolet Lanos 2011,Chevrolet,Lanos,Black,200450,cairo,5/14/2025,266032
Chevrolet Captiva 2011,Chevrolet,Captiva,Black,300000,nasr city,5/14/2025,225183
Chevrolet Spark 2011,Chevrolet,Spark,Cyan,65000,cairo,5/14/2025,231526
Chevrolet Lanos 2016,Chevrolet,Lanos,Dark grey,300000,qena,5/14/2025,498597
Chevrolet N300 2022,Chevrolet,N300,White,161000,tagamo3 - new cairo,5/14/2025,304621
Chevrolet Optra 2019,Chevrolet,Optra,Dark blue,127000,shubra al-khaimah,5/14/2025,399961
Chevrolet Cruze 2010,Chevrolet,Cruze,Black,165000,alexandria,5/14/2025,364960
Chevrolet Cruze 2010,Chevrolet,Cruze,Red,245000,cairo,5/14/2025,444540
Chevrolet Lanos 2009,Chevrolet,Lanos,Black,250000,giza,5/13/2025,501559
Chevrolet Aveo 2010,Chevrolet,Aveo,Silver,227000,shubra al-khaimah,5/13/2025,413528
Chevrolet Cruze 2016,Chevrolet,Cruze,Silver,156000,dyarb negm,5/13/2025,325244
Chevrolet Lanos 2014,Chevrolet,Lanos,Silver,113000,cairo,5/13/2025,426481
Chevrolet Optra 2012,Chevrolet,Optra,Dark red,139000,rosetta,5/13/2025,583108
Chevrolet Aveo 2012,Chevrolet,Aveo,Silver,141000,cairo,5/13/2025,598878
Chevrolet N300 2020,Chevrolet,N300,Silver,132000,cairo,5/13/2025,401631
Chevrolet N-Series 2020,Chevrolet,N-Series,White,300000,el manial,5/13/2025,182788
Chevrolet Aveo 2012,Chevrolet,Aveo,Dark grey,110000,heliopolis,5/13/2025,541722
Chevrolet Optra 2007,Chevrolet,Optra,Red,181000,el haram,5/13/2025,159164
Chevrolet Optra 2013,Chevrolet,Optra,Dark grey,220000,nasr city,5/13/2025,400590
Chevrolet Pickup 2020,Chevrolet,Pickup,White,200000,el mahalla,5/12/2025,366207
Chevrolet Aveo 2016,Chevrolet,Aveo,Dark blue,160000,pyramids gardens,5/12/2025,311842
Chevrolet Lanos 2010,Chevrolet,Lanos,White,,giza,5/12/2025,205734
Chevrolet Optra 2007,Chevrolet,Optra,Red,150000,sheraton,5/12/2025,381726
Chevrolet Optra 2007,Chevrolet,Optra,Red,181000,el haram,5/12/2025,380369
Chevrolet Captiva 2010,Chevrolet,Captiva,Black,110000,dokki,5/12/2025,384907
Chevrolet T-Series 2015,Chevrolet,T-Series,Red,150000,beheira,5/12/2025,392370
Chevrolet Aveo 2015,Chevrolet,Aveo,Silver,150000,alexandria,5/12/2025,539313
Chevrolet Lanos 2019,Chevrolet,Lanos,Silver,119000,cairo,5/12/2025,549890
Chevrolet T-Series 2003,Chevrolet,T-Series,White,165000,alexandria,5/12/2025,542111
Chevrolet Equinox 2019,Chevrolet,Equinox,Red,130000,alexandria,5/12/2025,248050
Chevrolet Aveo 2012,Chevrolet,Aveo,Dark red,188000,cairo,5/12/2025,454192
Chevrolet Lanos 2012,Chevrolet,Lanos,Cyan,105000,alexandria,5/12/2025,488993
Chevrolet Optra 2010,Chevrolet,Optra,Gray,195000,cairo,5/12/2025,329168
Chevrolet Aveo 2016,Chevrolet,Aveo,Red,207000,mokattam,5/12/2025,500955
Chevrolet Lanos 2017,Chevrolet,Lanos,Dark red,107000,helwan,5/11/2025,272744
Chevrolet Lanos 2011,Chevrolet,Lanos,White,240000,10th of ramadan,5/11/2025,263828
Chevrolet Optra 2008,Chevrolet,Optra,Silver,182000,heliopolis,5/11/2025,552709
Chevrolet Optra 2007,Chevrolet,Optra,Silver,114000,cairo,5/11/2025,192212
Chevrolet Optra 2006,Chevrolet,Optra,Silver,230000,monufia,5/11/2025,405620
Chevrolet Optra 2019,Chevrolet,Optra,Brown,135000,mansoura,5/11/2025,276432
Chevrolet Lanos 2009,Chevrolet,Lanos,Silver,190000,alexandria,5/11/2025,558034
Chevrolet Lanos 2011,Chevrolet,Lanos,Black,121000,heliopolis,5/11/2025,202635
Chevrolet Captiva 2020,Chevrolet,Captiva,Black,124000,alexandria,5/11/2025,381105
Chevrolet Lanos 2011,Chevrolet,Lanos,White,200000,warraq,5/11/2025,594891
Chevrolet Astro 2000,Chevrolet,Astro,Bronze,10000,kafr el-sheikh,5/11/2025,249329
Chevrolet T-Series 2008,Chevrolet,T-Series,Red,,obour city,5/11/2025,496086
Chevrolet Optra 2014,Chevrolet,Optra,Black,100000,el haram,5/11/2025,196268
Chevrolet Cruze 2016,Chevrolet,Cruze,Silver,143000,cairo,5/11/2025,228469
Chevrolet Cruze 2010,Chevrolet,Cruze,Silver,245000,nasr city,5/11/2025,468070
Chevrolet Aveo 2019,Chevrolet,Aveo,Silver,87000,alexandria,5/11/2025,253925
Chevrolet Optra 2010,Chevrolet,Optra,Black,197000,giza,5/11/2025,390300
Chevrolet Cruze 2014,Chevrolet,Cruze,Black,172000,dokki,5/10/2025,507710
Chevrolet Lanos 2016,Chevrolet,Lanos,Dark blue,108000,imbaba,5/10/2025,474464
Chevrolet Lanos 2013,Chevrolet,Lanos,Silver,240000,beheira,5/10/2025,510087
Chevrolet Lanos 2008,Chevrolet,Lanos,Silver,258000,10th of ramadan,5/10/2025,386620
Chevrolet T-Series 2020,Chevrolet,T-Series,Red,150000,tanta,5/10/2025,155485
Chevrolet Optra 2023,Chevrolet,Optra,Dark blue,70000,pyramids gardens,5/10/2025,434824
Chevrolet Aveo 2009,Chevrolet,Aveo,Black,280000,el salam city,5/10/2025,410747
Chevrolet Lanos 2019,Chevrolet,Lanos,Gray,160000,obour city,5/10/2025,213985
Chevrolet Aveo 2014,Chevrolet,Aveo,Silver,169000,cairo,5/10/2025,413758
Chevrolet Lanos 2010,Chevrolet,Lanos,Dark red,155000,helwan,5/10/2025,279318
Chevrolet Optra 2022,Chevrolet,Optra,Silver,38000,alexandria,5/10/2025,315344
Chevrolet Equinox 2019,Chevrolet,Equinox,Black,126000,dikirnis,4/26/2025,594597
Chevrolet Lanos 2015,Chevrolet,Lanos,Dark blue,248632,alexandria,5/10/2025,542346
Chevrolet Aveo 2020,Chevrolet,Aveo,Petroleum,97000,alexandria,5/10/2025,535054
Chevrolet N300 2023,Chevrolet,N300,Silver,33000,cairo,5/9/2025,563663
Chevrolet N300 2014,Chevrolet,N300,Dark red,230000,el salam city,5/9/2025,503284
Chevrolet Lanos 2012,Chevrolet,Lanos,Dark grey,160000,shobra,5/9/2025,245648
Chevrolet Optra 2008,Chevrolet,Optra,Black,229000,mokattam,5/9/2025,468712
Chevrolet Aveo 2011,Chevrolet,Aveo,Silver,160000,kom hamada,5/9/2025,434025
Chevrolet Aveo 2010,Chevrolet,Aveo,Silver,211000,damietta,5/9/2025,442628
Chevrolet Aveo 2015,Chevrolet,Aveo,Red,150000,cairo,5/9/2025,524405
Chevrolet Aveo 2014,Chevrolet,Aveo,Red,180000,cairo,5/9/2025,401496
Chevrolet Aveo 2011,Chevrolet,Aveo,Silver,150000,dokki,5/9/2025,537101
Chevrolet Aveo 2016,Chevrolet,Aveo,Gray,94000,pyramids gardens,5/9/2025,393348
Chevrolet Cruze 2016,Chevrolet,Cruze,Black,136000,zagazig,5/9/2025,503610
Chevrolet Cruze 2010,Chevrolet,Cruze,Black,209000,new administrative capital,5/9/2025,563535
Chevrolet Captiva 2020,Chevrolet,Captiva,Red,82000,maadi,5/9/2025,294780
Chevrolet Aveo 2013,Chevrolet,Aveo,Black,191000,cairo,5/9/2025,562924
Chevrolet Captiva 2012,Chevrolet,Captiva,Silver,167000,sheraton,5/9/2025,221693
Chevrolet Lanos 2013,Chevrolet,Lanos,Silver,171000,tagamo3 - new cairo,5/8/2025,175695
Chevrolet Lanos 2011,Chevrolet,Lanos,White,220000,hurghada,5/8/2025,275707
Chevrolet Optra 2023,Chevrolet,Optra,Dark blue,18000,cairo,5/8/2025,262265
Chevrolet Aveo 2009,Chevrolet,Aveo,Cyan,220000,tagamo3 - new cairo,5/8/2025,330792
Chevrolet Cruze 2010,Chevrolet,Cruze,Silver,200000,shobra,5/8/2025,389080
Chevrolet Cruze 2012,Chevrolet,Cruze,Black,100000,cairo,5/8/2025,424240
Chevrolet Captiva 2020,Chevrolet,Captiva,Black,63000,nasr city,5/8/2025,184828
Chevrolet Aveo 2014,Chevrolet,Aveo,Silver,200000,el haram,5/8/2025,583968
Chevrolet Aveo 2009,Chevrolet,Aveo,Red,190000,asyut,5/8/2025,232715
Chevrolet Aveo 2009,Chevrolet,Aveo,Red,183000,el minya,5/8/2025,453919
Chevrolet Aveo 2015,Chevrolet,Aveo,Silver,145000,madinaty,5/8/2025,410570
Chevrolet Aveo 2015,Chevrolet,Aveo,Red,150000,mohandessin,5/8/2025,517251
Chevrolet Aveo 2009,Chevrolet,Aveo,Red,190000,asyut,5/8/2025,540994
Chevrolet Optra 2009,Chevrolet,Optra,Silver,155000,beheira,5/7/2025,271065
Chevrolet Lanos 2015,Chevrolet,Lanos,Dark blue,195000,hurghada,5/7/2025,354073
Chevrolet Lanos 2011,Chevrolet,Lanos,White,300000,zagazig,5/7/2025,442195
Chevrolet Lanos 2009,Chevrolet,Lanos,Silver,169000,alexandria,5/7/2025,165650
Chevrolet Aveo 2014,Chevrolet,Aveo,Red,173000,kafr el zayat,5/7/2025,283051
Chevrolet N300 2014,Chevrolet,N300,Blue,200000,hurghada,5/7/2025,190281
Chevrolet Cruze 2010,Chevrolet,Cruze,Silver,164000,dokki,5/7/2025,266984
Chevrolet Aveo 2007,Chevrolet,Aveo,Cyan,79000,6-Oct,5/7/2025,169368
Chevrolet Aveo 2011,Chevrolet,Aveo,Petroleum,176000,dokki,5/7/2025,373517
Chevrolet Optra 2017,Chevrolet,Optra,Bronze,99000,al shorouk,5/7/2025,352860
Chevrolet Optra 2008,Chevrolet,Optra,Black,365000,cairo,5/7/2025,207099
Chevrolet Cruze 2016,Chevrolet,Cruze,Silver,195000,heliopolis,5/7/2025,333303
Chevrolet Optra 2009,Chevrolet,Optra,Black,,cairo,5/7/2025,570504
Chevrolet T-Series 2022,Chevrolet,T-Series,White,150000,faiyum,5/7/2025,444976
Chevrolet Lanos 2013,Chevrolet,Lanos,Silver,209000,cairo,5/7/2025,465131
Chevrolet Aveo 2006,Chevrolet,Aveo,Green,300000,hurghada,5/7/2025,288193
Chevrolet Lanos 2009,Chevrolet,Lanos,Silver,161000,suez,5/7/2025,479204
Chevrolet T-Series 2016,Chevrolet,T-Series,White,570000,zagazig,5/6/2025,470886
Chevrolet Optra 2014,Chevrolet,Optra,Silver,140000,alexandria,5/6/2025,176461
Chevrolet Optra 2011,Chevrolet,Optra,Dark grey,285000,banha,5/6/2025,448145
Chevrolet Optra 2012,Chevrolet,Optra,Dark red,282000,kafr el-sheikh,5/6/2025,481809
Chevrolet Aveo 2011,Chevrolet,Aveo,Silver,238000,10th of ramadan,5/6/2025,214424
Chevrolet Lanos 2013,Chevrolet,Lanos,Silver,212000,el minya,5/6/2025,429551
Chevrolet Cruze 2016,Chevrolet,Cruze,Other,97000,beheira,5/6/2025,151337
Chevrolet Optra 2015,Chevrolet,Optra,Silver,180000,obour city,5/6/2025,378155
Chevrolet Aveo 2016,Chevrolet,Aveo,Blue,145000,al shorouk,5/6/2025,485985
Chevrolet Lanos 2010,Chevrolet,Lanos,Silver,400000,helwan,5/6/2025,208475
Chevrolet Aveo 2009,Chevrolet,Aveo,Other,293000,heliopolis,5/6/2025,433062
Chevrolet Aveo 2015,Chevrolet,Aveo,Red,137000,mokattam,5/6/2025,484340
Chevrolet Optra 2015,Chevrolet,Optra,Silver,147000,shobra,5/6/2025,595274
Chevrolet Optra 2010,Chevrolet,Optra,Black,133000,ain shams,5/5/2025,524849
Chevrolet Lanos 2014,Chevrolet,Lanos,Cyan,75500,alexandria,5/5/2025,179460
Chevrolet Optra 2015,Chevrolet,Optra,Dark grey,201000,6-Oct,5/5/2025,154032
Chevrolet Aveo 2014,Chevrolet,Aveo,Silver,147000,mohandessin,5/5/2025,519396
Chevrolet Lanos 2012,Chevrolet,Lanos,Black,186000,el haram,5/5/2025,492070
Chevrolet Optra 2022,Chevrolet,Optra,Petroleum,50000,giza,5/5/2025,296572
Chevrolet Aveo 2009,Chevrolet,Aveo,Red,270000,pyramids gardens,5/5/2025,530375
Chevrolet Lanos 2012,Chevrolet,Lanos,White,200000,banha,5/5/2025,487517
Chevrolet Spark 2009,Chevrolet,Spark,Red,55000,tagamo3 - new cairo,5/5/2025,403860
Chevrolet Optra 2021,Chevrolet,Optra,Gray,100000,sharqia,5/5/2025,225962
Chevrolet Lanos 2012,Chevrolet,Lanos,Dark grey,300000,damanhur,5/5/2025,511504
Chevrolet N300 2015,Chevrolet,N300,Silver,100000,10th of ramadan,5/5/2025,430910
Chevrolet Optra 2010,Chevrolet,Optra,Black,100000,el haram,5/5/2025,216669
Chevrolet Optra 2020,Chevrolet,Optra,Bronze,115000,6-Oct,5/5/2025,504473
Chevrolet Lanos 2012,Chevrolet,Lanos,Gray,190000,cairo,5/5/2025,442175
Chevrolet Optra 2009,Chevrolet,Optra,Bronze,170000,suez,5/5/2025,271024
Chevrolet Optra 2012,Chevrolet,Optra,Silver,103000,cairo,5/4/2025,459151
Chevrolet Optra 2023,Chevrolet,Optra,Silver,100000,cairo,5/4/2025,166491
Chevrolet Captiva 2020,Chevrolet,Captiva,Silver,95000,nasr city,5/4/2025,392200
Chevrolet Captiva 2022,Chevrolet,Captiva,White,39000,obour city,5/4/2025,401762
Chevrolet Cruze 2010,Chevrolet,Cruze,Cyan,260000,giza,5/4/2025,481751
Chevrolet Optra 2019,Chevrolet,Optra,Brown,105000,giza,5/4/2025,379926
Chevrolet Optra 2020,Chevrolet,Optra,Silver,80000,cairo,5/4/2025,238716
Chevrolet Malibu 2019,Chevrolet,Malibu,Petroleum,103000,nasr city,5/4/2025,325802
Chevrolet Optra 2022,Chevrolet,Optra,Brown,90000,heliopolis,5/4/2025,421251
Chevrolet N200 2010,Chevrolet,N200,White,190000,faiyum,5/4/2025,469572
Chevrolet Aveo 2013,Chevrolet,Aveo,Silver,159000,el haram,5/4/2025,438973
Chevrolet N-Series 2019,Chevrolet,N-Series,Red,,tanta,5/4/2025,359935
Chevrolet Lanos 2014,Chevrolet,Lanos,Dark red,323000,el minya,5/4/2025,397089
Chevrolet N200 2011,Chevrolet,N200,Red,,giza,5/4/2025,528817
Chevrolet Lanos 2009,Chevrolet,Lanos,White,380000,cairo,5/4/2025,158631
Chevrolet N300 2013,Chevrolet,N300,Silver,24000,beni suef,5/4/2025,450200
Chevrolet Optra 2017,Chevrolet,Optra,Silver,126000,shobra,5/4/2025,599329
Chevrolet Optra 2017,Chevrolet,Optra,Silver,126000,shobra,5/4/2025,298354
Chevrolet Optra 2013,Chevrolet,Optra,Black,297000,zagazig,5/4/2025,274329
Chevrolet Optra 2019,Chevrolet,Optra,Blue,225000,qalyubia,5/3/2025,568526
Chevrolet Lanos 2014,Chevrolet,Lanos,Dark red,240000,al shorouk,5/3/2025,236524
Chevrolet Aveo 2020,Chevrolet,Aveo,Silver,150000,el haram,5/3/2025,166558
Chevrolet Lanos 2013,Chevrolet,Lanos,Dark red,200000,touhk,5/3/2025,499035
Chevrolet Cruze 2016,Chevrolet,Cruze,Silver,160000,obour city,5/3/2025,451635
Chevrolet Aveo 2014,Chevrolet,Aveo,Red,170000,el qanater el khayreya,5/3/2025,234785
Chevrolet Optra 2016,Chevrolet,Optra,Silver,222000,mansoura,5/3/2025,207408
Chevrolet Aveo 2020,Chevrolet,Aveo,Blue,380000,mokattam,5/3/2025,223632
Chevrolet Optra 2022,Chevrolet,Optra,Petroleum,130000,alexandria,5/3/2025,380990
Chevrolet Equinox 2019,Chevrolet,Equinox,Silver,227000,alexandria,5/3/2025,219122
Chevrolet Aveo 2013,Chevrolet,Aveo,Silver,170000,giza,5/3/2025,288940
Chevrolet Optra 2023,Chevrolet,Optra,Dark blue,40000,sharqia,5/3/2025,471515
Chevrolet Optra 2014,Chevrolet,Optra,White,86000,cairo,5/3/2025,491930
Chevrolet Aveo 2016,Chevrolet,Aveo,Blue,107000,sheikh zayed city,5/3/2025,329938
Chevrolet Aveo 2018,Chevrolet,Aveo,Dark red,200000,kerdasa,5/3/2025,482260
Chevrolet Aveo 2007,Chevrolet,Aveo,Silver,280000,heliopolis,5/3/2025,155310
Chevrolet Lanos 2008,Chevrolet,Lanos,Other,,taxi,5/3/2025,495649
Chevrolet Captiva 2021,Chevrolet,Captiva,Dark grey,50000,cairo,5/3/2025,181144
Chevrolet Lanos 2014Verified User,Chevrolet,Lanos,Silver,80000,dokki,5/2/2025,467113
Chevrolet Pickup 2015,Chevrolet,Pickup,White,216000,tanta,5/2/2025,278072
Chevrolet Cruze 2015,Chevrolet,Cruze,Silver,200000,helwan,5/2/2025,483938
Chevrolet Lanos 2016,Chevrolet,Lanos,Dark red,115000,asyut,5/2/2025,367510
Chevrolet Lanos 2011,Chevrolet,Lanos,Dark grey,225000,alexandria,5/2/2025,235188
Chevrolet Aveo 2014,Chevrolet,Aveo,Red,200000,cairo,5/2/2025,229082
Chevrolet Cruze 2016,Chevrolet,Cruze,Dark blue,200000,6-Oct,5/2/2025,338060
Chevrolet Optra 2019,Chevrolet,Optra,Dark blue,137000,6-Oct,5/2/2025,197569
Chevrolet Aveo 2011,Chevrolet,Aveo,Black,300000,alexandria,5/2/2025,291408
Chevrolet Aveo 2020,Chevrolet,Aveo,Red,120000,mohandessin,5/2/2025,532180
Chevrolet Optra 2009,Chevrolet,Optra,Silver,111104,luxor,5/2/2025,599408
Chevrolet Aveo 2020Verified User,Chevrolet,Aveo,Blue,85000,sheikh zayed city,5/2/2025,197318
Chevrolet Lanos 2009,Chevrolet,Lanos,White,240000,cairo,5/2/2025,496334
Chevrolet Cruze 2010,Chevrolet,Cruze,Silver,140000,alexandria,5/1/2025,342413
Chevrolet Optra 2011,Chevrolet,Optra,Cyan,195000,obour city,5/1/2025,363311
Chevrolet Optra 2023,Chevrolet,Optra,Blue,100000,sheikh zayed city,5/1/2025,323380
Chevrolet Aveo 2010,Chevrolet,Aveo,Black,195000,cairo,5/1/2025,197763
Chevrolet Captiva 2021,Chevrolet,Captiva,Red,61000,giza,5/1/2025,572753
Chevrolet Lanos 2017,Chevrolet,Lanos,Dark grey,180000,ismailia,5/1/2025,449565
Chevrolet Aveo 2006,Chevrolet,Aveo,Cyan,245000,helwan,5/1/2025,509452
Chevrolet Cruze 2015Verified User,Chevrolet,Cruze,Mocha,72000,tagamo3 - new cairo,5/1/2025,463284
Chevrolet Lanos 2013,Chevrolet,Lanos,Silver,240000,beheira,5/1/2025,346394
Chevrolet Aveo 2013,Chevrolet,Aveo,Silver,143000,faqous,5/1/2025,416289
Chevrolet Optra 2022,Chevrolet,Optra,Petroleum,108000,6-Oct,4/30/2025,350433
Chevrolet Optra 2017,Chevrolet,Optra,Dark red,120000,cairo,4/30/2025,584680
Chevrolet Optra 2016,Chevrolet,Optra,Silver,130000,mansoura,4/30/2025,472721
Chevrolet Spark 2012,Chevrolet,Spark,Black,180000,alexandria,4/30/2025,237507
Chevrolet Lanos 2016,Chevrolet,Lanos,Dark red,146000,el haram,4/30/2025,378801
Chevrolet Aveo 2015,Chevrolet,Aveo,Silver,290000,damietta,4/30/2025,584215
Chevrolet Optra 2007,Chevrolet,Optra,Gold,208000,qalyubia,4/30/2025,396420
Chevrolet Lanos 2012,Chevrolet,Lanos,Dark red,200000,el salam city,4/30/2025,175307
Chevrolet Optra 2014,Chevrolet,Optra,Silver,230000,agamy,4/30/2025,308210
Chevrolet Optra 2015,Chevrolet,Optra,Red,93000,tanta,4/30/2025,185896
Chevrolet Pickup 1999,Chevrolet,Pickup,White,,beni suef,4/30/2025,545384
Chevrolet Aveo 2008,Chevrolet,Aveo,Silver,184000,helwan,4/30/2025,214299
Chevrolet Optra 2011,Chevrolet,Optra,Gray,110000,damanhur,4/30/2025,270343
Chevrolet Lanos 2019,Chevrolet,Lanos,Dark grey,73000,damietta,4/29/2025,339880
Chevrolet Aveo 2008,Chevrolet,Aveo,Silver,230000,cairo,4/29/2025,327041
Chevrolet Pickup 2007,Chevrolet,Pickup,White,,obour city,4/29/2025,523946
Chevrolet Optra 2016,Chevrolet,Optra,Black,98000,heliopolis,4/29/2025,192129
Chevrolet Aveo 2020,Chevrolet,Aveo,Dark grey,112000,zagazig,4/29/2025,538534
Chevrolet Optra 2022,Chevrolet,Optra,Blue,71000,qena,4/29/2025,292887
Renault Megane 2023,Renault,Megane,White,,banha,6/2/2025,193487
Renault Fluence 2016,Renault,Fluence,Eggplant,100000,tagamo3 - new cairo,6/2/2025,243175
Renault Kadjar 2018Verified User,Renault,Kadjar,White,102000,shibin el kom,6/2/2025,256916
Renault Sandero 2013,Renault,Sandero,Red,95000,tanta,6/2/2025,219388
Renault Sandero Step Way 2018,Renault,Sandero Step Way,Mocha,73000,sheraton,6/2/2025,395642
Renault Fluence 2016,Renault,Fluence,Gold,165000,cairo,6/2/2025,260658
Renault Sandero Step Way 2013,Renault,Sandero Step Way,Petroleum,,sheikh zayed city,6/2/2025,418275
Renault Kadjar 2018,Renault,Kadjar,Petroleum,126000,6-Oct,6/2/2025,468591
Renault Duster 2019,Renault,Duster,Champagne,150000,madinaty,6/2/2025,428925
Renault Megane 2016,Renault,Megane,Black,120000,shibin el kom,6/2/2025,333981
Renault Logan 2016,Renault,Logan,Silver,220000,cairo,6/2/2025,158045
Renault Fluence 2011,Renault,Fluence,Silver,235000,nasr city,6/2/2025,374050
Renault Fluence 2015,Renault,Fluence,Black,213000,tagamo3 - new cairo,6/2/2025,161975
Renault Logan 2016,Renault,Logan,Black,130000,alexandria,6/2/2025,305629
Renault Logan 2018,Renault,Logan,Dark blue,180000,6-Oct,6/2/2025,325060
Renault Sandero 2020,Renault,Sandero,Dark blue,70300,heliopolis,6/2/2025,309118
Renault Megane 2005,Renault,Megane,Dark red,250000,alexandria,6/2/2025,458238
Renault Captur 2018,Renault,Captur,Black,130000,cairo,6/2/2025,399506
Renault Megane 2022,Renault,Megane,Dark blue,4200,dokki,6/2/2025,357152
Renault Scenic 2003,Renault,Scenic,Olive,194000,mohandessin,6/2/2025,417074
Renault Logan 2015,Renault,Logan,Black,140000,kafr el-dawwar,6/2/2025,354983
Renault Captur 2017,Renault,Captur,Blue,165000,cairo,6/2/2025,226863
Renault Kadjar 2019,Renault,Kadjar,Dark blue,108000,6-Oct,6/2/2025,464803
Renault Kadjar 2018,Renault,Kadjar,Red,90000,obour city,6/2/2025,293006
Renault Duster 2019,Renault,Duster,Gold,72000,heliopolis,6/2/2025,385022
Renault Captur 2017Verified User,Renault,Captur,Petroleum,100000,cairo,6/2/2025,295609
Renault Logan 2010,Renault,Logan,Dark red,180000,el haram,6/2/2025,432667
Renault Sandero Step Way 2022Verified User,Renault,Sandero Step Way,Silver,42000,tagamo3 - new cairo,6/2/2025,249871
Renault Megane 2023,Renault,Megane,Dark red,17000,tagamo3 - new cairo,6/2/2025,206592
Renault Austral 2024,Renault,Austral,Blue,18000,tagamo3 - new cairo,6/2/2025,318932
Renault Captur 2017,Renault,Captur,Blue,115000,shobra,6/2/2025,258433
Renault Megane 2018,Renault,Megane,White,147000,sheikh zayed city,6/2/2025,336192
Renault Kadjar 2020,Renault,Kadjar,Blue,94000,nasr city,6/2/2025,176528
Renault Fluence 2014,Renault,Fluence,Black,150000,tagamo3 - new cairo,6/2/2025,359920
Renault Captur 2016,Renault,Captur,Orange,120000,cairo,6/2/2025,445656
Renault Duster 2019,Renault,Duster,Silver,144000,maadi,6/2/2025,461468
Renault Duster 2016,Renault,Duster,Mocha,232000,red sea,6/2/2025,215120
Renault Kadjar 2018,Renault,Kadjar,Red,255000,ismailia,6/2/2025,458927
Renault Fluence 2011,Renault,Fluence,Silver,,nasr city,6/2/2025,237430
Renault Sandero Step Way 2016,Renault,Sandero Step Way,Blue,50000,cairo,6/2/2025,328141
Renault Logan 2021,Renault,Logan,Gold,39000,alexandria,6/2/2025,448417
Renault Logan 2011,Renault,Logan,Petroleum,200000,alexandria,6/2/2025,204851
Renault Duster 2019,Renault,Duster,Black,120000,alexandria,6/2/2025,284841
Renault Duster 2020,Renault,Duster,Gray,63000,nasr city,6/2/2025,240099
Renault Megane 2005,Renault,Megane,Silver,170000,el katameya,6/2/2025,397331
Renault Logan 2017,Renault,Logan,Red,70000,alexandria,6/2/2025,276510
Renault Duster 2018,Renault,Duster,Silver,87000,cairo,6/2/2025,444026
Renault Fluence 2015,Renault,Fluence,Silver,163000,cairo,6/2/2025,382535
Renault Sandero Step Way 2016,Renault,Sandero Step Way,Silver,148000,cairo,6/2/2025,313144
Renault Sandero Step Way 2020,Renault,Sandero Step Way,Mocha,20000,alexandria,6/2/2025,164415
Renault Clio 2008,Renault,Clio,Gray,160000,el haram,6/2/2025,468921
Renault Logan 2015,Renault,Logan,Black,103000,cairo,6/2/2025,221459
Renault Logan 2015,Renault,Logan,Blue,35000,al shorouk,6/2/2025,440626
Renault Clio 2003,Renault,Clio,Blue,180000,cairo,6/2/2025,170729
Renault Megane 2022,Renault,Megane,Blue,43000,alexandria,6/1/2025,176985
Renault 9 1986,Renault,9,Gray,220000,faqous,6/1/2025,301563
Renault Sandero Step Way 2013,Renault,Sandero Step Way,Red,150000,nasr city,6/1/2025,232391
Renault Clio 2003,Renault,Clio,Gray,333000,mokattam,6/1/2025,365814
Renault Clio 2004,Renault,Clio,Silver,370000,ain shams,6/1/2025,315613
Renault Duster 2021,Renault,Duster,Red,140000,obour city,6/1/2025,348300
Renault Megane 2020,Renault,Megane,Blue,123500,tagamo3 - new cairo,6/1/2025,413812
Renault Duster 2019,Renault,Duster,Blue,140000,6-Oct,6/1/2025,363345
Renault Megane 2021,Renault,Megane,Silver,145000,nasr city,6/1/2025,263443
Renault Logan 2012,Renault,Logan,Black,190000,cairo,6/1/2025,319238
Renault Kadjar 2018,Renault,Kadjar,Blue,190000,cairo,6/1/2025,269892
Renault Clio 2001,Renault,Clio,Black,,cairo,6/1/2025,163563
Renault Logan 2013,Renault,Logan,Silver,110000,maadi,6/1/2025,330504
Renault Megane 2018,Renault,Megane,White,180000,al shorouk,6/1/2025,243342
Renault Duster 2020,Renault,Duster,Dark blue,105000,6-Oct,6/1/2025,226638
Renault Logan 2021,Renault,Logan,Silver,69000,alexandria,6/1/2025,498258
Renault Megane 2005,Renault,Megane,Gray,265000,alexandria,5/31/2025,160043
Renault Duster 2021,Renault,Duster,White,420000,alexandria,5/31/2025,409148
Renault Megane 2020,Renault,Megane,Dark blue,169000,6-Oct,5/31/2025,300733
Renault Fluence 2013,Renault,Fluence,Red,240000,tagamo3 - new cairo,5/31/2025,338238
Renault Sandero Step Way 2016,Renault,Sandero Step Way,Black,110000,heliopolis,5/31/2025,231783
Renault Megane 2005,Renault,Megane,Black,255000,cairo,5/31/2025,397695
Renault Duster 2022,Renault,Duster,Orange,118000,el minya,5/31/2025,343018
Renault Fluence 2016,Renault,Fluence,Silver,129000,dokki,5/31/2025,179456
Renault Sandero Step Way 2012,Renault,Sandero Step Way,Silver,197000,cairo,5/31/2025,430707
Renault Duster 2020,Renault,Duster,Petroleum,135000,tagamo3 - new cairo,5/31/2025,300121
Renault Captur 2015,Renault,Captur,Bronze,160000,nasr city,5/31/2025,377693
Renault Logan 2014,Renault,Logan,Petroleum,190000,cairo,5/31/2025,422489
Renault Megane 2017,Renault,Megane,Black,280000,6-Oct,5/31/2025,425011
Renault Captur 2017,Renault,Captur,Black,149000,ismailia,5/30/2025,419223
Renault Fluence 2013,Renault,Fluence,Gray,125000,sheikh zayed city,5/30/2025,218905
Renault Logan 2019,Renault,Logan,Gray,96000,mohandessin,5/30/2025,172501
Renault Logan MCV 2013,Renault,Logan MCV,Dark blue,330000,el haram,5/30/2025,341176
Renault Sandero Step Way 2016Verified User,Renault,Sandero Step Way,Red,95000,nasr city,5/30/2025,174240
Renault Kadjar 2019,Renault,Kadjar,Silver,125000,6-Oct,5/30/2025,395075
Renault Kadjar 2019,Renault,Kadjar,Red,140000,tagamo3 - new cairo,5/30/2025,289679
Renault Sandero Step Way 2022,Renault,Sandero Step Way,Black,45000,hadayek october,5/30/2025,359207
Renault 9 1990,Renault,9,Blue,,6-Oct,5/30/2025,233836
Renault Sandero Step Way 2021,Renault,Sandero Step Way,Blue,52000,cairo,5/30/2025,495443
Renault Megane 2023Verified User,Renault,Megane,White,4900,al shorouk,5/30/2025,412815
Renault Kadjar 2019,Renault,Kadjar,Blue,139000,nasr city,5/29/2025,349746
Renault Logan 2021,Renault,Logan,Blue,84000,alexandria,5/29/2025,412633
Renault Logan 2016,Renault,Logan,Silver,190000,asyut,5/29/2025,319407
Renault Clio 2002,Renault,Clio,Olive,122499,tagamo3 - new cairo,5/29/2025,224630
Renault Sandero 2012,Renault,Sandero,Gray,120000,heliopolis,5/29/2025,489813
Renault Sandero 2014,Renault,Sandero,Dark blue,200000,mansoura,5/29/2025,195420
Renault Sandero Step Way 2017,Renault,Sandero Step Way,Blue,120000,cairo,5/29/2025,272902
Renault Logan 2017,Renault,Logan,Silver,210000,alexandria,5/29/2025,185472
Renault Fluence 2011,Renault,Fluence,Silver,199200,pyramids gardens,5/29/2025,331618
Renault Clio 2005,Renault,Clio,Silver,240000,obour city,5/29/2025,359681
Renault Sandero Step Way 2021,Renault,Sandero Step Way,Blue,120000,6-Oct,5/29/2025,368751
Renault Logan 2010,Renault,Logan,Black,183000,shibin el kom,5/29/2025,260223
Renault Duster 2021,Renault,Duster,Red,140000,alexandria,5/29/2025,339599
Renault Scenic 2006,Renault,Scenic,Silver,198000,6-Oct,5/28/2025,439219
Renault Kadjar 2022Verified User,Renault,Kadjar,Silver,56000,6-Oct,5/28/2025,458365
Renault Clio 2004,Renault,Clio,Silver,210000,alexandria,5/28/2025,182175
Renault Logan 2010,Renault,Logan,Black,290000,sheikh zayed city,5/28/2025,241850
Renault Kadjar 2022,Renault,Kadjar,Black,130000,nasr city,5/28/2025,300901
Renault Sandero 2017,Renault,Sandero,Red,101000,alexandria,5/28/2025,234557
Renault Megane 2017,Renault,Megane,Bronze,110000,sheikh zayed city,5/28/2025,486797
Renault Captur 2017,Renault,Captur,Red,65000,hurghada,5/28/2025,168870
Renault Duster 2021,Renault,Duster,Bronze,160000,tanta,5/28/2025,229721
Renault Sandero Step Way 2015,Renault,Sandero Step Way,Silver,238000,nasr city,5/28/2025,492622
Renault Sandero Step Way 2018,Renault,Sandero Step Way,Gray,63000,alexandria,5/28/2025,476052
Renault Logan 2016,Renault,Logan,Silver,130000,giza,5/28/2025,303870
Renault Sandero 2019,Renault,Sandero,Blue,55000,tagamo3 - new cairo,5/28/2025,495852
Renault Clio 2002,Renault,Clio,Black,443000,cairo,5/28/2025,175666
Renault Logan 2022,Renault,Logan,Silver,8000,giza,5/28/2025,484834
Renault Megane 2005,Renault,Megane,Dark grey,290000,giza,5/28/2025,206358
Renault Megane 2007,Renault,Megane,Red,130000,giza,5/28/2025,189009
Renault Megane 2020,Renault,Megane,Gold,34000,tagamo3 - new cairo,5/28/2025,239451
Renault Logan 2019,Renault,Logan,Red,235000,ain shams,5/27/2025,328541
Renault Logan 2019,Renault,Logan,Dark blue,195000,cairo,5/27/2025,297208
Renault Logan 2021,Renault,Logan,Silver,68000,alexandria,5/27/2025,256047
Renault Logan 2010,Renault,Logan,Dark red,207000,sohag,5/27/2025,497994
Renault Sandero 2006,Renault,Sandero,Black,,agamy,5/27/2025,213765
Renault Sandero Step Way 2019,Renault,Sandero Step Way,Gray,72000,alexandria,5/27/2025,261094
Renault Logan 2012,Renault,Logan,Silver,285000,6-Oct,5/27/2025,425906
Renault Captur 2017,Renault,Captur,Blue,126000,6-Oct,5/27/2025,299347
Renault Logan 2016,Renault,Logan,Gold,180000,mohandessin,5/27/2025,437187
Renault Sandero 2014,Renault,Sandero,Black,166000,el haram,5/27/2025,217333
Renault Rainbow 1999,Renault,Rainbow,Gray,240000,cairo,5/27/2025,240346
Renault Duster 2020,Renault,Duster,Mocha,90000,alexandria,5/27/2025,260434
Renault Logan 2015,Renault,Logan,Bronze,110000,nasr city,5/27/2025,374786
Renault Duster 2017Verified User,Renault,Duster,Black,108000,nasr city,5/27/2025,304897
Renault Duster 2016,Renault,Duster,Dark grey,180000,hurghada,5/26/2025,298500
Renault Logan 2010,Renault,Logan,Petroleum,128000,alexandria,5/26/2025,318861
Renault Rainbow 2000,Renault,Rainbow,Red,150000,alexandria,5/26/2025,478641
Renault Logan 2016,Renault,Logan,Dark red,140000,6-Oct,5/26/2025,244005
Renault Sandero 2015,Renault,Sandero,Red,196000,quesna,5/26/2025,373560
Renault Duster 2018,Renault,Duster,Mocha,170000,el haram,5/26/2025,483056
Renault Logan 2015,Renault,Logan,Black,155600,6-Oct,5/26/2025,267567
Renault Megane 2005,Renault,Megane,Silver,150000,cairo,5/26/2025,481660
Renault Duster 2020,Renault,Duster,Dark blue,126000,cairo,5/26/2025,200577
Renault Duster 2019,Renault,Duster,Black,88000,alexandria,5/26/2025,432146
Renault Duster 2019,Renault,Duster,Dark blue,190000,mohandessin,5/26/2025,401212
Renault Rainbow 1999,Renault,Rainbow,Dark blue,220000,kom hamada,5/25/2025,339139
Renault Kadjar 2018,Renault,Kadjar,Silver,160000,nasr city,5/26/2025,411359
Renault Logan 2013,Renault,Logan,Black,164000,maadi,5/25/2025,224240
Renault Megane 2005,Renault,Megane,Silver,230000,cairo,5/25/2025,182767
Renault Logan 2017,Renault,Logan,Dark grey,250000,heliopolis,5/25/2025,364016
Renault Duster 2019,Renault,Duster,Dark grey,41000,alexandria,5/25/2025,202150
Renault Clio 2005,Renault,Clio,Green,350000,obour city,5/25/2025,415145
Renault Logan 2012Verified User,Renault,Logan,Silver,106000,kafr el-dawwar,5/25/2025,250007
Renault Logan 2016,Renault,Logan,Dark blue,186000,6-Oct,5/25/2025,409746
Renault Megane 2021,Renault,Megane,Silver,51500,nasr city,5/25/2025,235029
Renault Megane 2022,Renault,Megane,Black,110000,mokattam,5/25/2025,429980
Renault Sandero 2014,Renault,Sandero,Dark grey,190000,mansoura,5/25/2025,185243
Renault Sandero Step Way 2016,Renault,Sandero Step Way,Blue,205000,tagamo3 - new cairo,5/25/2025,364315
Renault Megane 2021,Renault,Megane,Mocha,80000,al shorouk,5/25/2025,415994
Renault Megane 2021,Renault,Megane,Brown,80000,madinaty,5/25/2025,232744
Renault Duster 2021,Renault,Duster,Silver,117315,heliopolis,5/25/2025,408535
Renault Sandero 2019,Renault,Sandero,Dark blue,91000,alexandria,5/25/2025,173564
Renault Duster 2019,Renault,Duster,Black,130000,shobra,5/25/2025,310177
Renault Symbol 2009,Renault,Symbol,Black,200000,6-Oct,5/25/2025,410679
Renault Megane 2011,Renault,Megane,Black,200000,cairo,5/25/2025,359043
Renault Logan 2012,Renault,Logan,Black,168000,hurghada,5/25/2025,265485
Renault Fluence 2015,Renault,Fluence,Black,201500,el manial,5/24/2025,187502
Renault Clio 2004,Renault,Clio,Red,,shobra,5/24/2025,295158
Renault Logan 2022,Renault,Logan,Black,12000,alexandria,5/24/2025,164906
Renault Logan 2013,Renault,Logan,Dark grey,315000,alexandria,5/24/2025,394772
Renault Duster 2016,Renault,Duster,Black,340000,6-Oct,5/24/2025,248427
Renault Logan 2015,Renault,Logan,Blue,136000,giza,5/24/2025,490747
Renault Duster 2017,Renault,Duster,Blue,91500,nasr city,5/24/2025,303177
Renault Megane 2020,Renault,Megane,Mocha,89000,suez,5/24/2025,417943
Renault Fluence 2015,Renault,Fluence,Silver,160000,heliopolis,5/24/2025,438126
Renault Logan 2017,Renault,Logan,Dark grey,237000,helwan,5/24/2025,165194
Renault Megane 2006,Renault,Megane,Red,200000,alexandria,5/24/2025,449109
Renault Fluence 2015,Renault,Fluence,Silver,178000,mokattam,5/24/2025,327091
Renault Logan 2015,Renault,Logan,Black,193000,shobra,5/24/2025,377874
Renault Megane 2009,Renault,Megane,Black,151500,el haram,5/24/2025,232092
Renault Logan 2016,Renault,Logan,Red,240000,al shorouk,5/24/2025,356740
Renault Clio 2008,Renault,Clio,Black,165800,alexandria,5/24/2025,299613
Renault Kadjar 2021,Renault,Kadjar,Black,10000,el salam city,5/24/2025,180058
Renault Logan 2016,Renault,Logan,Dark blue,391000,alexandria,5/24/2025,327664
Renault Captur 2017,Renault,Captur,Orange,165000,cairo,5/24/2025,216626
Renault Sandero 2014,Renault,Sandero,Red,234000,monufia,5/24/2025,431570
Renault Fluence 2013,Renault,Fluence,Silver,260000,6-Oct,5/23/2025,489697
Renault Logan 2017,Renault,Logan,Dark blue,180000,cairo,5/23/2025,490905
Renault Sandero 2017,Renault,Sandero,Dark red,53000,heliopolis,5/23/2025,412234
Renault Logan 2018,Renault,Logan,Dark blue,126000,maadi,5/23/2025,159976
Renault Megane 2005,Renault,Megane,Silver,265000,giza,5/23/2025,236883
Renault Sandero 2020,Renault,Sandero,Brown,72000,nasr city,5/23/2025,428849
Renault Duster 2019,Renault,Duster,Dark blue,187000,obour city,5/23/2025,360707
Renault Logan 2013,Renault,Logan,Red,160000,pyramids gardens,5/23/2025,192634
Renault Megane 2018,Renault,Megane,Black,166000,6-Oct,5/23/2025,252177
Renault Kadjar 2020,Renault,Kadjar,Other,119000,cairo,5/23/2025,198051
Renault Sandero Step Way 2019,Renault,Sandero Step Way,White,76000,alexandria,5/23/2025,477024
Renault Duster 2015,Renault,Duster,Mocha,100000,cairo,5/23/2025,411959
Renault Megane 2020,Renault,Megane,Bronze,138000,tagamo3 - new cairo,5/23/2025,437553
Renault Sandero Step Way 2018,Renault,Sandero Step Way,Mocha,63000,shobra,5/23/2025,309191
Renault Megane 2019,Renault,Megane,Blue,93000,cairo,5/23/2025,289748
Renault Sandero Step Way 2018,Renault,Sandero Step Way,Dark blue,55000,nasr city,5/22/2025,250735
Renault Sandero Step Way 2021,Renault,Sandero Step Way,Red,65000,nasr city,5/22/2025,187610
Renault Megane 2020,Renault,Megane,Black,133000,mohandessin,5/22/2025,362592
Renault Sandero 2013,Renault,Sandero,Red,110000,cairo,5/22/2025,397976
Renault Sandero Step Way 2016,Renault,Sandero Step Way,Black,168000,nasr city,4/20/2025,285576
Renault Duster 2021,Renault,Duster,Silver,72000,tagamo3 - new cairo,5/22/2025,466034
Renault Clio 2003,Renault,Clio,Dark blue,230000,tanta,5/22/2025,432499
Renault Clio 2001,Renault,Clio,Blue,200000,pyramids gardens,5/22/2025,197179
Renault Megane 2020,Renault,Megane,White,171000,tagamo3 - new cairo,5/22/2025,466584
Renault Fluence 2016,Renault,Fluence,Silver,245000,tagamo3 - new cairo,5/22/2025,392955
Renault Megane 2020,Renault,Megane,Red,102000,6-Oct,5/22/2025,335058
Renault Logan 2012,Renault,Logan,Dark red,210000,asyut,5/22/2025,367504
Renault Fluence 2016,Renault,Fluence,Silver,165000,cairo,5/22/2025,172379
Renault Sandero Step Way 2020,Renault,Sandero Step Way,Silver,22000,cairo,5/22/2025,364812
Renault Duster 2020,Renault,Duster,Silver,151000,sheikh zayed city,5/22/2025,259672
Renault Logan 2016,Renault,Logan,Silver,116000,tanta,5/22/2025,425132
Renault Logan 2016,Renault,Logan,Silver,180000,pyramids gardens,5/21/2025,260049
Renault Sandero Step Way 2016,Renault,Sandero Step Way,Black,94000,nasr city,5/21/2025,183357
Renault Clio 2008,Renault,Clio,Silver,222000,alexandria,5/21/2025,444767
Renault Megane 2021Verified User,Renault,Megane,Blue,90000,nasr city,5/21/2025,481153
Renault Kadjar 2018,Renault,Kadjar,Black,109000,obour city,5/21/2025,324423
Renault Sandero Step Way 2013,Renault,Sandero Step Way,Silver,80000,zefta,5/21/2025,227724
Renault Logan 2020,Renault,Logan,Bronze,120000,tagamo3 - new cairo,5/21/2025,284485
Renault Megane 2020,Renault,Megane,Silver,186000,alexandria,5/21/2025,322171
Renault Kadjar 2019,Renault,Kadjar,Dark blue,130000,sheikh zayed city,5/21/2025,445416
Renault Logan 2016,Renault,Logan,Black,174000,agamy,5/21/2025,197761
Renault Sandero Step Way 2019,Renault,Sandero Step Way,Blue,21000,cairo,5/21/2025,423531
Renault Megane 2023Verified User,Renault,Megane,Dark blue,,obour city,5/21/2025,201702
Renault Symbol 2009,Renault,Symbol,Red,278000,shobra,5/21/2025,422155
Renault Sandero 2014Verified User,Renault,Sandero,Red,135000,heliopolis,3/10/2025,296976
Renault Sandero 2016Verified User,Renault,Sandero,Silver,90000,heliopolis,4/23/2025,222819
Renault Duster 2019Verified User,Renault,Duster,White,93000,heliopolis,4/6/2025,437495
Renault Fluence 2016,Renault,Fluence,Brown,205000,asyut,5/21/2025,241703
Renault Sandero Step Way 2016,Renault,Sandero Step Way,Silver,53000,alexandria,5/21/2025,419811
Renault Duster 2022,Renault,Duster,Silver,30000,maadi,5/20/2025,289747
Renault Logan 2017,Renault,Logan,Silver,162000,alexandria,5/20/2025,154672
Renault Megane 2023,Renault,Megane,Black,7000,6-Oct,5/20/2025,367132
Renault Logan 2018,Renault,Logan,Eggplant,130000,alexandria,5/20/2025,299713
Renault Sandero Step Way 2020,Renault,Sandero Step Way,Dark red,63000,cairo,5/20/2025,274303
Renault Fluence 2015,Renault,Fluence,Bronze,137000,cairo,5/20/2025,326340
Renault Captur 2016,Renault,Captur,Orange,50000,tagamo3 - new cairo,5/20/2025,497575
Renault Sandero Step Way 2023,Renault,Sandero Step Way,Black,28800,cairo,5/20/2025,348678
Renault Megane 2022,Renault,Megane,Black,,cairo,5/20/2025,184711
Renault Logan 2010,Renault,Logan,Petroleum,236000,cairo,5/20/2025,424188
Renault Megane 2022,Renault,Megane,Black,81000,cairo,5/20/2025,238190
Renault Megane 2022,Renault,Megane,Dark blue,75000,cairo,5/20/2025,213178
Renault Fluence 2011,Renault,Fluence,Black,220000,10th of ramadan,5/20/2025,430654
Renault Logan 2021,Renault,Logan,Dark blue,108000,cairo,5/20/2025,378717
Renault Logan 2016,Renault,Logan,Champagne,219000,sheikh zayed city,5/20/2025,404745
Renault Megane 2006,Renault,Megane,Gray,175000,cairo,5/20/2025,410099
Renault Megane 2022,Renault,Megane,Dark grey,61000,dokki,5/20/2025,303431
Renault Logan 2016,Renault,Logan,Dark blue,220000,6-Oct,5/8/2025,347310
Renault Duster 2019,Renault,Duster,Silver,190000,zamalek,5/20/2025,326448
Renault Captur 2016,Renault,Captur,White,198000,giza,5/20/2025,351625
Renault Duster 2020Verified User,Renault,Duster,White,190000,heliopolis,5/19/2025,255800
Renault Logan 2022,Renault,Logan,Silver,63000,hadayek october,5/19/2025,458430
Renault Logan 2013,Renault,Logan,Black,300000,6-Oct,5/19/2025,204206
Renault Duster 2020,Renault,Duster,Blue,165000,banha,5/19/2025,436453
Renault Megane 2020,Renault,Megane,White,155000,tagamo3 - new cairo,5/19/2025,338626
Renault Logan 2012,Renault,Logan,Red,182515,6-Oct,5/19/2025,415693
Renault Fluence 2015,Renault,Fluence,Silver,163000,heliopolis,5/19/2025,406726
Renault Duster 2018,Renault,Duster,Other,160000,port said,5/19/2025,153898
Renault Logan 2011,Renault,Logan,Dark grey,260000,abu qir,5/19/2025,322461
Renault Clio 2005,Renault,Clio,Silver,244000,obour city,4/22/2025,311866
Renault Taliant 2024,Renault,Taliant,Black,20000,tagamo3 - new cairo,5/19/2025,245914
Renault Sandero Step Way 2022,Renault,Sandero Step Way,Brown,24000,cairo,5/19/2025,268834
Renault Duster 2015,Renault,Duster,Green,178500,nasr city,5/19/2025,342714
Renault Sandero Step Way 2013,Renault,Sandero Step Way,Silver,85000,sheikh zayed city,4/22/2025,357142
Renault Sandero 2014,Renault,Sandero,Gray,131000,cairo,5/19/2025,227332
Renault Captur 2017,Renault,Captur,Blue,110000,banha,5/19/2025,232743
Renault Fluence 2017,Renault,Fluence,Silver,330000,madinaty,5/19/2025,154977
Renault Fluence 2016,Renault,Fluence,Mocha,193000,el minya,5/19/2025,319781
Renault Kadjar 2021,Renault,Kadjar,White,48000,gharbia,5/19/2025,356830
Renault Sandero Step Way 2016Verified User,Renault,Sandero Step Way,Silver,320000,6-Oct,5/19/2025,232313
Renault Sandero 2014,Renault,Sandero,Black,66000,maadi,5/19/2025,243885
Renault Sandero 2015,Renault,Sandero,Red,176322,saft el laban,5/19/2025,248486
Renault Captur 2017,Renault,Captur,Blue,108000,pyramids gardens,5/18/2025,306526
Renault Duster 2019,Renault,Duster,Gray,99000,kafr el-sheikh,5/18/2025,338140
Renault Logan 2016,Renault,Logan,Silver,170000,tagamo3 - new cairo,5/18/2025,455885
Renault Sandero 2021,Renault,Sandero,Dark blue,77000,6-Oct,5/18/2025,167860
Renault Megane 2020,Renault,Megane,Bronze,103000,alexandria,5/18/2025,489769
Renault Megane 2021,Renault,Megane,Dark red,100000,cairo,5/3/2025,352787
Renault Megane 2020,Renault,Megane,Dark blue,212000,tagamo3 - new cairo,5/18/2025,421089
Renault Logan 2016,Renault,Logan,Silver,160000,sheraton,5/18/2025,470786
Renault Logan 2016,Renault,Logan,Blue,170000,shobra,5/18/2025,236470
Renault Logan 2016,Renault,Logan,Silver,260000,cairo,5/18/2025,219443
Renault Kadjar 2018,Renault,Kadjar,Dark blue,128000,nasr city,5/18/2025,185666
Renault Duster 2019,Renault,Duster,Blue,170000,6-Oct,5/18/2025,207330
Renault Megane 1999,Renault,Megane,Red,255556,shobra,5/18/2025,182878
Renault Logan 2010,Renault,Logan,Petroleum,190000,el haram,5/18/2025,256064
Renault Kadjar 2019,Renault,Kadjar,Bronze,120000,giza,5/18/2025,210374
Renault Sandero 2015,Renault,Sandero,Gold,157000,madinaty,5/18/2025,307996
Renault Kadjar 2018,Renault,Kadjar,Bronze,92000,cairo,5/18/2025,483783
Renault Megane 2022,Renault,Megane,Blue,77000,heliopolis,5/18/2025,265455
Renault Megane 2003,Renault,Megane,Silver,270000,maadi,5/18/2025,151084
Renault Megane 2020,Renault,Megane,White,150000,helwan,5/17/2025,163423
Renault Clio 2003,Renault,Clio,White,290000,el katameya,5/7/2025,467536
Renault Duster 2017,Renault,Duster,Dark blue,101000,nasr city,5/17/2025,180012
Renault Logan 2016,Renault,Logan,Black,285000,obour city,5/17/2025,410725
Renault Clio 2003,Renault,Clio,Black,260000,6-Oct,5/17/2025,324802
Renault Sandero 2018,Renault,Sandero,Silver,104000,giza,5/17/2025,265465
Renault Logan 2019,Renault,Logan,Black,60000,alexandria,5/17/2025,188263
Renault 9 1990,Renault,9,Dark red,300000,mokattam,5/17/2025,418784
Renault Logan 2019,Renault,Logan,Black,95000,nasr city,5/17/2025,251809
Renault Kadjar 2019,Renault,Kadjar,Petroleum,125000,tagamo3 - new cairo,5/17/2025,379978
Renault Duster 2021,Renault,Duster,Blue,187000,al shorouk,5/17/2025,466408
Renault Sandero Step Way 2016,Renault,Sandero Step Way,Black,183000,alexandria,5/17/2025,394938
Renault Sandero 2014,Renault,Sandero,Red,135000,sheikh zayed city,5/2/2025,185320
Renault Megane 2005,Renault,Megane,Black,215000,cairo,5/16/2025,368504
Renault Sandero Step Way 2017,Renault,Sandero Step Way,Black,194000,al shorouk,5/16/2025,447565
Renault Captur 2017,Renault,Captur,Black,98000,nasr city,5/16/2025,205918
Renault Duster 2018,Renault,Duster,Gray,107000,6-Oct,5/16/2025,243929
Renault Megane 2018,Renault,Megane,Silver,29000,cairo,5/16/2025,249039
Renault Logan 2010,Renault,Logan,Red,212000,cairo,5/16/2025,252602
Renault Megane 2006,Renault,Megane,Gray,230000,sharqia,5/16/2025,352672
Renault Logan 2010,Renault,Logan,Silver,185000,giza,5/16/2025,172559
Renault Megane 2006,Renault,Megane,Blue,200000,heliopolis,5/16/2025,223789
Renault Megane 2015Verified User,Renault,Megane,Silver,330000,sheikh zayed city,5/16/2025,331338
Renault Megane 2017Verified User,Renault,Megane,Silver,230000,maadi,5/16/2025,318379
Renault Sandero Step Way 2018,Renault,Sandero Step Way,Dark grey,56000,nasr city,4/22/2025,270191
Renault Sandero Step Way 2015,Renault,Sandero Step Way,Red,248000,obour city,5/8/2025,371378
Renault Captur 2019,Renault,Captur,Orange,35000,nasr city,5/16/2025,154824
Renault Logan 2015,Renault,Logan,Silver,92000,6-Oct,5/15/2025,172076
Renault Megane 2022,Renault,Megane,Silver,107000,cairo,5/15/2025,162700
Renault Logan 2016,Renault,Logan,Silver,178000,imbaba,5/15/2025,227512
Renault Clio 2007,Renault,Clio,Silver,385000,giza,5/15/2025,307691
Renault Kadjar 2017,Renault,Kadjar,White,150000,aswan,5/15/2025,373246
Renault Duster 2019Verified User,Renault,Duster,Gold,130000,tagamo3 - new cairo,5/15/2025,465927
Renault Logan 2013,Renault,Logan,Petroleum,270000,6-Oct,5/15/2025,151655
Renault Sandero Step Way 2017,Renault,Sandero Step Way,Red,140000,giza,5/15/2025,419401
Renault Logan 2012,Renault,Logan,White,280000,alexandria,5/15/2025,160720
Renault Logan 2013,Renault,Logan,Silver,175000,mohandessin,5/15/2025,163536
Renault Megane 2000,Renault,Megane,Mocha,450000,ain shams,5/14/2025,192759
Renault Logan 2013,Renault,Logan,Dark blue,186000,cairo,5/14/2025,221077
Renault Austral 2025,Renault,Austral,Silver,8500,6-Oct,5/14/2025,195330
Renault Logan 2016,Renault,Logan,Red,185000,obour city,5/14/2025,401698
Renault Logan 2013,Renault,Logan,Dark blue,135000,el manial,5/14/2025,297557
Renault Duster 2018,Renault,Duster,Black,180000,6-Oct,5/14/2025,447632
Renault Fluence 2014,Renault,Fluence,Red,213000,alexandria,5/14/2025,324668
Renault Kadjar 2019,Renault,Kadjar,Mocha,69000,6-Oct,5/14/2025,185804
Renault Megane 2005,Renault,Megane,Black,200000,obour city,5/14/2025,485632
Renault Captur 2016,Renault,Captur,Black,130000,alexandria,5/14/2025,305383
Renault Sandero Step Way 2019,Renault,Sandero Step Way,Blue,198000,alexandria,5/14/2025,447607
Renault Logan 2019,Renault,Logan,Dark blue,45000,al shorouk,5/14/2025,184587
Renault Clio 2003,Renault,Clio,Dark grey,200000,6-Oct,5/14/2025,177911
Renault Logan 2010,Renault,Logan,Other,162000,cairo,5/14/2025,465654
Renault Megane 2015,Renault,Megane,Red,140000,tanta,5/14/2025,237227
Renault Sandero 2015,Renault,Sandero,Dark red,215000,nasr city,5/14/2025,448404
Renault Duster 2017,Renault,Duster,Black,265000,maadi,5/14/2025,434324
Renault Kadjar 2021,Renault,Kadjar,White,90000,suez,5/14/2025,343943
Renault Sandero Step Way 2019,Renault,Sandero Step Way,Gray,760000,tagamo3 - new cairo,5/14/2025,284539
Renault Logan 2016,Renault,Logan,Black,240000,el mahalla,5/13/2025,451489
Renault Sandero Step Way 2019,Renault,Sandero Step Way,Red,138000,giza,5/13/2025,218495
Renault Duster 2017,Renault,Duster,Silver,100500,cairo,5/13/2025,269962
Renault Megane 2020,Renault,Megane,Dark red,160000,al shorouk,5/13/2025,240471
Renault Sandero Step Way 2016,Renault,Sandero Step Way,White,360000,alexandria,5/13/2025,468952
Renault Logan 2017,Renault,Logan,Red,,helwan,5/13/2025,325614
Renault MCV 2011,Renault,MCV,Petroleum,215000,cairo,5/13/2025,237592
Renault Megane 2009Verified User,Renault,Megane,Petroleum,200000,mokattam,5/13/2025,475449
Renault Kadjar 2019,Renault,Kadjar,White,200000,giza,5/13/2025,226855
Renault Logan 2020,Renault,Logan,Blue,260000,cairo,5/13/2025,332343
Renault Megane 2022,Renault,Megane,Red,150000,6-Oct,5/13/2025,393086
Renault Logan 2019,Renault,Logan,Dark blue,200000,cairo,5/13/2025,170019
Renault Clio 2002,Renault,Clio,Other,198000,giza,5/13/2025,499054
Renault Megane 2023,Renault,Megane,White,16000,ismailia,5/13/2025,382291
Renault Duster 2019,Renault,Duster,Gray,45000,maadi,5/13/2025,467402
Renault Sandero 2014,Renault,Sandero,Dark grey,100000,el salam city,5/13/2025,325397
Renault Sandero Step Way 2017,Renault,Sandero Step Way,Black,100000,alexandria,5/13/2025,460449
Renault Sandero Step Way 2016,Renault,Sandero Step Way,Black,182000,maadi,5/13/2025,473821
Renault Duster 2015,Renault,Duster,Silver,180000,tagamo3 - new cairo,5/12/2025,288849
Renault Clio 2008,Renault,Clio,Silver,5000,tagamo3 - new cairo,5/12/2025,479500
Renault Sandero 2015,Renault,Sandero,Red,160000,nasr city,5/12/2025,295043
Renault Logan 2021,Renault,Logan,Brown,80000,gharbia,5/12/2025,227542
Renault Duster 2018,Renault,Duster,Blue,143000,nasr city,5/12/2025,302434
Renault Fluence 2015,Renault,Fluence,Silver,164000,tagamo3 - new cairo,5/12/2025,351253
Renault Lodgy 2017,Renault,Lodgy,Black,,marsa alam,5/12/2025,402060
Renault Sandero Step Way 2016,Renault,Sandero Step Way,Red,136000,cairo,5/12/2025,222472
Renault Logan 2014,Renault,Logan,Black,128000,maadi,4/13/2025,285943
Renault Kadjar 2018,Renault,Kadjar,Dark blue,40000,el minya,5/12/2025,425343
Renault Logan 2016,Renault,Logan,Red,240000,cairo,5/12/2025,371644
Renault Sandero 2012,Renault,Sandero,Black,138000,alexandria,5/12/2025,259152
Renault Fluence 2013,Renault,Fluence,Petroleum,98000,alexandria,5/12/2025,431429
Renault Fluence 2015,Renault,Fluence,Gray,230000,al shorouk,5/12/2025,174178
Renault Sandero Step Way 2015,Renault,Sandero Step Way,Blue,91000,asyut,5/11/2025,222944
Renault Duster 2020,Renault,Duster,Silver,98500,giza,5/11/2025,323577
Renault Logan 2015,Renault,Logan,Gold,117000,mohandessin,5/11/2025,296045
Renault Megane 2017,Renault,Megane,Bronze,115000,alexandria,5/11/2025,457981
Renault Megane 2006,Renault,Megane,Silver,233000,alexandria,5/11/2025,339799
Renault Logan 2010,Renault,Logan,Silver,330000,tagamo3 - new cairo,5/11/2025,303247
Renault Kadjar 2019,Renault,Kadjar,Blue,105000,alexandria,5/11/2025,379862
Renault Sandero Step Way 2016,Renault,Sandero Step Way,Red,95000,nasr city,5/11/2025,297641
Renault Duster 2019,Renault,Duster,Petroleum,150000,tanta,5/11/2025,331298
Renault Logan 2010,Renault,Logan,Silver,250000,6-Oct,5/11/2025,371616
Renault Sandero 2020,Renault,Sandero,Other,150000,gharbia,5/11/2025,197093
Renault Logan 2010,Renault,Logan,Black,270000,hurghada,5/11/2025,346987
Renault Clio 2004,Renault,Clio,Dark grey,350000,kerdasa,5/11/2025,470334
Renault Duster 2018Verified User,Renault,Duster,Silver,130000,cairo,5/11/2025,213892
Renault Fluence 2011,Renault,Fluence,Black,215000,el haram,5/11/2025,189743
Renault Duster 2020,Renault,Duster,Gold,48000,aswan,5/11/2025,346337
Renault Clio 2005,Renault,Clio,Green,147000,cairo,5/11/2025,408517
Renault Logan 2016,Renault,Logan,Silver,165000,bilbeis,5/11/2025,400029
Renault Logan 2019,Renault,Logan,Dark blue,230000,shobra,5/11/2025,280857
Renault Logan 2015,Renault,Logan,Bronze,152000,6-Oct,5/11/2025,352125
Renault Megane 2022,Renault,Megane,Silver,19000,asyut,5/11/2025,224584
Renault Duster 2017,Renault,Duster,Mocha,190000,mansoura,5/10/2025,498408
Renault Scala 2011,Renault,Scala,Bronze,380000,giza,5/10/2025,171852
Renault Logan 2018,Renault,Logan,Black,165000,pyramids gardens,5/10/2025,233285
Renault Fluence 2010,Renault,Fluence,Dark grey,243000,giza,5/10/2025,350614
Renault Logan 2010,Renault,Logan,Petroleum,250000,nasr city,5/10/2025,404406
Renault MCV 2009,Renault,MCV,Dark blue,190000,cairo,5/10/2025,373685
Renault Captur 2017,Renault,Captur,Blue,89000,alexandria,5/10/2025,495399
Renault Captur 2017,Renault,Captur,Red,81000,alexandria,5/10/2025,176095
Renault Duster 2018,Renault,Duster,Silver,65000,faiyum,5/10/2025,178269
Renault Duster 2022,Renault,Duster,Blue,36000,el manial,5/10/2025,187549
Renault Logan 2021,Renault,Logan,Red,58000,maadi,5/10/2025,324951
Renault Megane 2022,Renault,Megane,Silver,34000,alexandria,5/9/2025,363516
Renault Captur 2018,Renault,Captur,Blue,78600,maadi,5/9/2025,343089
Renault Kadjar 2018,Renault,Kadjar,Silver,113000,qalyubia,5/9/2025,458263
Renault Sandero Step Way 2016,Renault,Sandero Step Way,Red,66000,cairo,5/9/2025,442546
Renault Duster 2015,Renault,Duster,Silver,98443,alexandria,5/9/2025,403244
Renault Duster 2020,Renault,Duster,Bronze,56000,cairo,5/9/2025,280284
Renault Fluence 2011Verified User,Renault,Fluence,Gold,145000,alexandria,5/9/2025,322789
Renault Logan 2016,Renault,Logan,Gold,220000,cairo,5/9/2025,207990
Renault Kadjar 2018,Renault,Kadjar,White,139000,tagamo3 - new cairo,5/9/2025,454935
Renault Fluence 2015,Renault,Fluence,Silver,127000,heliopolis,5/9/2025,247283
Renault Megane 2006,Renault,Megane,Green,178000,cairo,5/9/2025,469206
Renault Clio 2008,Renault,Clio,Red,315000,beni suef,5/9/2025,204812
Renault Sandero Step Way 2022,Renault,Sandero Step Way,Gray,57000,giza,5/9/2025,202001
Renault Megane 2020,Renault,Megane,Black,51000,tagamo3 - new cairo,5/9/2025,330183
Renault Megane 2005,Renault,Megane,Silver,144000,alexandria,5/8/2025,195124
Renault Kadjar 2018,Renault,Kadjar,Dark grey,136000,6-Oct,4/28/2025,198719
Renault Duster 2019,Renault,Duster,Gray,160000,alexandria,5/8/2025,222579
Renault Rainbow 2000,Renault,Rainbow,Red,200000,alexandria,5/8/2025,435609
Renault Duster 2019,Renault,Duster,Champagne,157000,heliopolis,5/8/2025,162876
Renault Logan 2015,Renault,Logan,Silver,270000,cairo,5/8/2025,191927
Renault Logan 2016,Renault,Logan,Red,250000,saft el laban,5/8/2025,399225
Renault Megane 2006,Renault,Megane,Black,,obour city,5/8/2025,210399
Renault Sandero 2013,Renault,Sandero,Silver,288000,al shorouk,5/8/2025,295215
Renault Kadjar 2019,Renault,Kadjar,Black,140000,6-Oct,5/8/2025,389845
Renault Fluence 2015,Renault,Fluence,Gold,200000,cairo,5/8/2025,414324
Renault Kadjar 2018,Renault,Kadjar,White,204000,alexandria,4/28/2025,397012
Renault Sandero 2019,Renault,Sandero,Dark blue,79000,tagamo3 - new cairo,5/8/2025,317422
Renault Logan 2010,Renault,Logan,Silver,200000,nasr city,5/8/2025,404027
Renault Sandero Step Way 2014,Renault,Sandero Step Way,Silver,238000,nasr city,5/8/2025,284370
Renault Kadjar 2019,Renault,Kadjar,Silver,180000,tanta,5/8/2025,496192
Renault Duster 2019,Renault,Duster,Petroleum,139000,shibin el qanater,5/8/2025,313346
Renault Sandero Step Way 2016,Renault,Sandero Step Way,Red,107000,sheikh zayed city,5/8/2025,199669
Renault Clio 2004,Renault,Clio,Silver,180000,cairo,5/8/2025,333402
Renault MCV 2013,Renault,MCV,Petroleum,350000,asyut,5/8/2025,177383
Renault Megane 2022,Renault,Megane,Black,37000,el haram,5/8/2025,403172
Renault Logan 2021,Renault,Logan,Red,107000,al shorouk,5/7/2025,203836
Renault Logan 2016,Renault,Logan,Black,240000,alexandria,5/7/2025,329284
Renault Kadjar 2018,Renault,Kadjar,Bronze,75000,tagamo3 - new cairo,5/7/2025,476101
Renault Logan 2013,Renault,Logan,Dark red,157000,alexandria,5/7/2025,301100
Renault Sandero Step Way 2018,Renault,Sandero Step Way,White,97000,al shorouk,5/7/2025,318423
Renault Duster 2019,Renault,Duster,Gray,150000,shobra,5/7/2025,201852
Renault Sandero 2013,Renault,Sandero,Black,195000,cairo,5/7/2025,170792
Renault Duster 2011,Renault,Duster,Black,127000,nasr city,5/7/2025,497640
Renault Duster 2020,Renault,Duster,Petroleum,246000,6-Oct,5/7/2025,341469
Renault Duster 2015,Renault,Duster,Silver,170000,tagamo3 - new cairo,5/7/2025,268568
Renault Logan 2013,Renault,Logan,Black,307000,shobra,5/7/2025,153188
Renault Sandero 2014,Renault,Sandero,Red,101000,cairo,5/7/2025,462291
Renault Captur 2017,Renault,Captur,Red,97000,maadi,5/7/2025,363984
Renault Megane 1999,Renault,Megane,White,180000,el qanater el khayreya,5/7/2025,369252
Renault Logan 2016,Renault,Logan,Silver,163000,sohag,5/6/2025,212275
Renault Sandero 2015,Renault,Sandero,Silver,99000,6-Oct,5/6/2025,306565
Renault Duster 2015,Renault,Duster,Green,119000,alexandria,5/6/2025,369152
Renault Sandero Step Way 2020,Renault,Sandero Step Way,Red,50000,sohag,5/6/2025,403100
Renault Duster 2019,Renault,Duster,Gray,225000,maadi,5/6/2025,364681
Renault Kadjar 2020,Renault,Kadjar,Red,137000,tagamo3 - new cairo,5/6/2025,278819
Renault Sandero 2014,Renault,Sandero,Black,284000,mokattam,5/6/2025,464363
Renault Logan 2018,Renault,Logan,Dark blue,107000,cairo,5/6/2025,233865
Renault Duster 2020,Renault,Duster,Gold,69000,sheikh zayed city,5/6/2025,400729
Renault Megane 2020,Renault,Megane,White,77000,nasr city,5/6/2025,369630
Renault Logan 2021,Renault,Logan,Red,61000,el haram,5/6/2025,487427
Renault Logan 2022,Renault,Logan,White,80000,tagamo3 - new cairo,5/6/2025,443605
Renault Sandero Step Way 2019,Renault,Sandero Step Way,Black,99375,cairo,5/6/2025,413060
Renault Clio 2007,Renault,Clio,Silver,151000,heliopolis,5/5/2025,353097
Renault Clio 2008,Renault,Clio,Gray,108500,sheraton,5/5/2025,495308
Renault Logan 2012,Renault,Logan,Dark red,220000,cairo,5/5/2025,277473
Renault Sandero Step Way 2018,Renault,Sandero Step Way,Dark grey,165000,cairo,5/5/2025,255980
Renault Logan 2016,Renault,Logan,Blue,270000,cairo,5/5/2025,337159
Renault Logan 2020,Renault,Logan,Dark blue,250000,obour city,5/5/2025,303951
Renault Sandero 2014,Renault,Sandero,Silver,300900,cairo,5/5/2025,404610
Renault Sandero Step Way 2021,Renault,Sandero Step Way,Gold,80000,kafr el-sheikh,5/5/2025,241020
Renault Logan 2021,Renault,Logan,Dark grey,65000,alexandria,5/5/2025,469621
Renault Logan 2019,Renault,Logan,Black,150000,alexandria,5/5/2025,152270
Renault Sandero Step Way 2015,Renault,Sandero Step Way,Silver,163000,alexandria,5/5/2025,170806
Renault Sandero Step Way 2016,Renault,Sandero Step Way,Blue,155000,mansoura,5/5/2025,347662
Renault Duster 2016,Renault,Duster,Black,145000,cairo,5/5/2025,204130
Renault Megane 2018,Renault,Megane,Dark blue,175000,cairo,5/4/2025,251951
Renault Logan 2011,Renault,Logan,Petroleum,250000,6-Oct,5/4/2025,265672
Renault Megane 2020,Renault,Megane,Silver,115000,el katameya,5/4/2025,427614
Renault Sandero Step Way 2018,Renault,Sandero Step Way,Dark blue,190000,al shorouk,5/4/2025,494510
Renault Duster 2021,Renault,Duster,Dark blue,143000,tagamo3 - new cairo,5/4/2025,279808
Renault Sandero Step Way 2016,Renault,Sandero Step Way,Dark red,59000,cairo,5/4/2025,329120
Renault Logan 2010,Renault,Logan,Silver,198000,cairo,5/4/2025,440452
Renault Logan 2015,Renault,Logan,Dark red,195000,alexandria,5/4/2025,466971
Renault Sandero 2019,Renault,Sandero,White,62000,tagamo3 - new cairo,5/4/2025,395883
Renault Logan 2017,Renault,Logan,Black,230000,imbaba,5/4/2025,404878
Renault Logan 2014,Renault,Logan,Black,126000,nasr city,5/4/2025,367316
Renault Logan 2016,Renault,Logan,Silver,55000,alexandria,5/4/2025,204101
Renault Megane 2005,Renault,Megane,Black,205000,el haram,5/4/2025,152753
Renault Logan 2020,Renault,Logan,Mocha,207000,6-Oct,5/4/2025,216469
Renault Kadjar 2017,Renault,Kadjar,Bronze,104000,cairo,5/3/2025,246627
Renault Duster 2021,Renault,Duster,Petroleum,110000,alexandria,5/4/2025,191169
Renault Fluence 2014,Renault,Fluence,Black,238000,cairo,5/3/2025,347688
Renault Sandero 2014,Renault,Sandero,Dark red,90000,el manial,5/3/2025,233116
Renault Megane 2022,Renault,Megane,Silver,38000,tagamo3 - new cairo,5/3/2025,354338
Renault Fluence 2017,Renault,Fluence,Other,153000,cairo,5/3/2025,186077
Nissan Qashqai 2019,Nissan,Qashqai,Silver,115000,nasr city,6/2/2025,161952
Nissan Sunny 2016,Nissan,Sunny,Black,172500,cairo,6/2/2025,325131
Nissan Sunny 2013,Nissan,Sunny,Black,242000,nasr city,6/2/2025,344423
Nissan Sunny 2023,Nissan,Sunny,Black,97000,tanta,6/2/2025,458103
Nissan Sunny 2010,Nissan,Sunny,Black,123000,6-Oct,6/2/2025,542221
Nissan Sentra 2021,Nissan,Sentra,Silver,130000,alexandria,6/2/2025,173886
Nissan Sentra 2024,Nissan,Sentra,Silver,16000,6-Oct,6/2/2025,333885
Nissan Sunny 2020,Nissan,Sunny,Silver,160000,heliopolis,6/2/2025,177984
Nissan Qashqai 2019,Nissan,Qashqai,Black,157000,maadi,6/2/2025,425060
Nissan Sunny 2016,Nissan,Sunny,Gray,210000,6-Oct,6/2/2025,259362
Nissan Sunny 2023,Nissan,Sunny,Red,4000,dikirnis,6/2/2025,191970
Nissan Qashqai 2017,Nissan,Qashqai,Mocha,183000,sheikh zayed city,6/2/2025,386205
Nissan Pick up 2020,Nissan,Pick up,White,150000,giza,6/2/2025,536912
Nissan Juke 2015,Nissan,Juke,Red,142500,cairo,6/2/2025,561417
Nissan Sentra 2018,Nissan,Sentra,Dark grey,128000,faiyum,6/2/2025,192901
Nissan Juke 2014,Nissan,Juke,Brown,120000,sheikh zayed city,6/2/2025,230387
Nissan Qashqai 2019,Nissan,Qashqai,Blue,125000,tagamo3 - new cairo,6/2/2025,385565
Nissan Sentra 2018,Nissan,Sentra,Black,166000,banha,6/2/2025,272224
Nissan Sunny 2022,Nissan,Sunny,Dark grey,49700,el mahalla,6/2/2025,459761
Nissan Juke 2021Verified User,Nissan,Juke,Red,69000,tagamo3 - new cairo,6/2/2025,524374
Nissan Sunny 2011,Nissan,Sunny,Bronze,200000,obour city,6/2/2025,416860
Nissan Sunny 2022,Nissan,Sunny,Silver,138000,tagamo3 - new cairo,6/2/2025,544186
Nissan Sunny 2015Verified User,Nissan,Sunny,Petroleum,57000,pyramids gardens,6/2/2025,193196
Nissan Tiida 2009,Nissan,Tiida,Gold,156000,el haram,6/2/2025,397314
Nissan Sunny 2023,Nissan,Sunny,Black,95000,giza,6/2/2025,513624
Nissan Sentra 2016,Nissan,Sentra,Gold,234000,monufia,6/2/2025,289812
Nissan Qashqai 2019,Nissan,Qashqai,Black,200000,tagamo3 - new cairo,6/2/2025,541717
Nissan Sunny 2016,Nissan,Sunny,Bronze,210000,red sea,6/2/2025,450753
Nissan Qashqai 2012,Nissan,Qashqai,Red,147000,giza,6/2/2025,527142
Nissan Qashqai 2016,Nissan,Qashqai,Red,170000,faiyum,6/2/2025,167541
Nissan Qashqai 2019,Nissan,Qashqai,White,136000,helwan,6/2/2025,356011
Nissan Tiida 2015,Nissan,Tiida,Red,240000,mokattam,6/2/2025,516731
Nissan Sentra 2019,Nissan,Sentra,Silver,347000,cairo,6/2/2025,556449
Nissan Sentra 2019,Nissan,Sentra,Gold,160000,madinaty,6/1/2025,522789
Nissan Sunny 2009,Nissan,Sunny,Black,180000,6-Oct,6/1/2025,285841
Nissan Qashqai 2019,Nissan,Qashqai,Eggplant,167000,nasr city,6/1/2025,473248
Nissan Sunny 2016,Nissan,Sunny,Black,116000,tanta,6/1/2025,300727
Nissan Sunny 2011,Nissan,Sunny,Dark blue,235000,hadayek october,6/1/2025,155822
Nissan Sentra 2018,Nissan,Sentra,Bronze,165000,al shorouk,6/1/2025,181295
Nissan Sentra 2017,Nissan,Sentra,Gray,169000,cairo,6/1/2025,405515
Nissan Sentra 2017,Nissan,Sentra,Black,161000,helwan,6/1/2025,288057
Nissan Sunny 2014,Nissan,Sunny,Bronze,180000,cairo,6/1/2025,297297
Nissan Sunny 2009,Nissan,Sunny,Silver,225000,nasr city,6/1/2025,591710
Nissan Sunny 2013,Nissan,Sunny,Red,230000,giza,6/1/2025,165180
Nissan Juke 2015,Nissan,Juke,White,139000,tagamo3 - new cairo,5/31/2025,530725
Nissan Sentra 2024,Nissan,Sentra,Silver,8000,maadi,5/31/2025,286853
Nissan Sunny 2020,Nissan,Sunny,Black,60000,cairo,5/31/2025,447887
Nissan Sunny 2019,Nissan,Sunny,Bronze,190000,10th of ramadan,5/31/2025,504036
Nissan Sunny 2016,Nissan,Sunny,Gold,131000,dyarb negm,5/31/2025,367423
Nissan Qashqai 2014,Nissan,Qashqai,Silver,184000,el haram,5/31/2025,406088
Nissan Qashqai 2018,Nissan,Qashqai,Bronze,102000,monufia,5/31/2025,431037
Nissan Sunny 2015,Nissan,Sunny,Dark red,193000,tagamo3 - new cairo,5/31/2025,574635
Nissan XTrail 2010,Nissan,XTrail,Black,223000,cairo,5/31/2025,210853
Nissan Sunny 2005,Nissan,Sunny,Silver,400000,etay al-barud,5/31/2025,160710
Nissan Sunny 2020,Nissan,Sunny,Silver,44500,nasr city,5/31/2025,401589
Nissan Sunny 2009,Nissan,Sunny,Gold,215000,cairo,5/31/2025,445915
Nissan Qashqai 2017,Nissan,Qashqai,Gray,115000,6-Oct,5/31/2025,431799
Nissan Juke 2021,Nissan,Juke,Red,161000,sadat city,5/31/2025,547980
Nissan Juke 2022,Nissan,Juke,Silver,90000,maadi,5/31/2025,288786
Nissan Sunny 2019Verified User,Nissan,Sunny,Red,60000,alexandria,5/31/2025,182387
Nissan Sentra 2020,Nissan,Sentra,Black,155000,nasr city,5/31/2025,391003
Nissan Sunny 2015,Nissan,Sunny,Black,200000,obour city,5/31/2025,287102
Nissan Sunny 2010,Nissan,Sunny,Beige,110000,cairo,5/30/2025,170935
Nissan Sunny 2010,Nissan,Sunny,Dark blue,130000,asyut,5/30/2025,242442
Nissan Sunny 2021,Nissan,Sunny,Bronze,147300,obour city,5/30/2025,365392
Nissan Sentra 2023,Nissan,Sentra,Other,58000,el minya,5/30/2025,469418
Nissan Sunny 2017,Nissan,Sunny,Silver,80000,tagamo3 - new cairo,5/30/2025,264576
Nissan Sentra 2017,Nissan,Sentra,Silver,280000,10th of ramadan,5/30/2025,308793
Nissan Tiida 2011,Nissan,Tiida,Silver,101000,6-Oct,5/30/2025,152438
Nissan Qashqai 2021,Nissan,Qashqai,Cyan,125000,al shorouk,5/30/2025,418650
Nissan Tiida 2010,Nissan,Tiida,Bronze,163000,giza,5/30/2025,409017
Nissan Qashqai 2019,Nissan,Qashqai,Red,165000,6-Oct,5/30/2025,399081
Nissan Sunny 2019,Nissan,Sunny,Gold,75000,alexandria,5/29/2025,215131
Nissan Sunny 2007,Nissan,Sunny,Silver,180000,el haram,5/29/2025,189489
Nissan Sunny 2019,Nissan,Sunny,Bronze,65000,tagamo3 - new cairo,5/29/2025,320266
Nissan Sunny 2020,Nissan,Sunny,Dark grey,135000,monufia,5/29/2025,399784
Nissan Qashqai 2019,Nissan,Qashqai,Brown,165000,el qanater el khayreya,5/29/2025,479223
Nissan Sunny 2019,Nissan,Sunny,Black,148200,tanta,5/29/2025,499568
Nissan Sunny 2022,Nissan,Sunny,Bronze,33000,nasr city,5/29/2025,249610
Nissan Sunny 2016,Nissan,Sunny,Silver,300000,el haram,5/29/2025,419560
Nissan Sunny 2013,Nissan,Sunny,Black,297000,nasr city,5/29/2025,485633
Nissan Sunny 2009,Nissan,Sunny,Dark blue,245000,khanka,5/29/2025,325891
Nissan Sunny 2009,Nissan,Sunny,Red,190000,beheira,5/29/2025,264048
Nissan Sunny 2015,Nissan,Sunny,Black,325000,giza,5/29/2025,577330
Nissan Sentra 2016,Nissan,Sentra,Silver,225000,cairo,5/29/2025,370391
Nissan Sentra 2016,Nissan,Sentra,Dark grey,140070,red sea,5/28/2025,346192
Nissan Juke 2011Verified User,Nissan,Juke,White,130000,faqous,5/28/2025,483080
Nissan Sunny 2017,Nissan,Sunny,Silver,258000,giza,5/28/2025,277779
Nissan Qashqai 2014,Nissan,Qashqai,White,82160,sharqia,5/28/2025,552845
Nissan Sunny 2007,Nissan,Sunny,Dark green,290000,badr city,5/28/2025,307045
Nissan Sentra 2019,Nissan,Sentra,Black,85000,nasr city,5/28/2025,478309
Nissan Sentra 2016,Nissan,Sentra,Bronze,200000,obour city,5/28/2025,412405
Nissan Sunny 2018,Nissan,Sunny,Black,177000,alexandria,5/28/2025,375766
Nissan Juke 2021,Nissan,Juke,Red,250000,tagamo3 - new cairo,5/28/2025,430607
Nissan Sunny 2022,Nissan,Sunny,Gray,84000,shibin el kom,5/27/2025,280362
Nissan Qashqai 2016,Nissan,Qashqai,Eggplant,204000,shobra,5/27/2025,214265
Nissan Sunny 2020Verified User,Nissan,Sunny,Gray,161000,sheikh zayed city,5/27/2025,185917
Nissan Tiida 2015,Nissan,Tiida,White,208000,tagamo3 - new cairo,5/27/2025,581788
Nissan Qashqai 2016Verified User,Nissan,Qashqai,Red,102000,tagamo3 - new cairo,5/27/2025,513643
Nissan Juke 2014,Nissan,Juke,Dark red,128000,sheraton,5/27/2025,553633
Nissan Sunny 2007,Nissan,Sunny,Black,177650,el minya,5/27/2025,542538
Nissan Sunny 2017,Nissan,Sunny,Gray,200000,cairo,5/27/2025,288724
Nissan Qashqai 2020,Nissan,Qashqai,Blue,50000,cairo,5/26/2025,420775
Nissan Sentra 2016,Nissan,Sentra,Silver,135000,luxor,5/27/2025,276811
Nissan Sentra 2016,Nissan,Sentra,Red,130000,monufia,5/27/2025,381816
Nissan Sunny 2014,Nissan,Sunny,Black,210000,cairo,5/27/2025,186441
Nissan Pick up 2015,Nissan,Pick up,White,122000,banha,5/26/2025,521531
Nissan Sunny 2008,Nissan,Sunny,Gold,218000,mansoura,5/26/2025,366500
Nissan Qashqai 2021,Nissan,Qashqai,Dark red,113000,heliopolis,5/26/2025,301992
Nissan Sunny 2013,Nissan,Sunny,Black,242000,nasr city,5/26/2025,153978
Nissan Sunny 2013,Nissan,Sunny,Gold,190000,mansoura,5/26/2025,277747
Nissan Qashqai 2013,Nissan,Qashqai,Black,,pyramids gardens,5/26/2025,417365
Nissan Sunny 2018,Nissan,Sunny,Black,90000,6-Oct,5/26/2025,381421
Nissan Sunny 2017,Nissan,Sunny,Black,146000,obour city,5/26/2025,578829
Nissan Qashqai 2017,Nissan,Qashqai,White,147000,heliopolis,5/26/2025,425649
Nissan Sunny 2021,Nissan,Sunny,Bronze,175000,sheikh zayed city,5/25/2025,524314
Nissan Sentra 2022,Nissan,Sentra,Silver,860000,heliopolis,5/25/2025,545251
Nissan Sunny 2010,Nissan,Sunny,Silver,290000,kafr el-sheikh,5/25/2025,269951
Nissan Qashqai 2017,Nissan,Qashqai,Silver,154000,al shorouk,5/25/2025,184948
Nissan Sentra 2018,Nissan,Sentra,Black,100000,mansoura,5/25/2025,535774
Nissan Qashqai 2018,Nissan,Qashqai,Brown,136000,tagamo3 - new cairo,5/25/2025,250023
Nissan Sunny 1999,Nissan,Sunny,Green,355000,tagamo3 - new cairo,5/25/2025,210283
Nissan Juke 2014,Nissan,Juke,Dark grey,222670,sohag,5/25/2025,439883
Nissan Urvan 2014,Nissan,Urvan,White,70000,el salam city,5/25/2025,543701
Nissan Qashqai 2019,Nissan,Qashqai,Gray,130000,10th of ramadan,5/25/2025,403052
Nissan Sunny 2015,Nissan,Sunny,Red,155000,el salam city,5/25/2025,354027
Nissan Tiida 2006,Nissan,Tiida,Gold,370000,aswan,5/25/2025,180757
Nissan Qashqai 2016,Nissan,Qashqai,Red,179000,mokattam,5/24/2025,247401
Nissan Juke 2014,Nissan,Juke,Black,160000,agamy,5/24/2025,170199
Nissan Sunny 2013,Nissan,Sunny,Black,191000,minya al qamh,5/24/2025,568706
Nissan Qashqai 2013,Nissan,Qashqai,Silver,209000,6-Oct,5/24/2025,586519
Nissan Sentra 2016,Nissan,Sentra,Other,136000,agamy,5/24/2025,205895
Nissan Qashqai 2017,Nissan,Qashqai,Bronze,103500,cairo,5/24/2025,513350
Nissan Sunny 2013,Nissan,Sunny,Silver,235000,mohandessin,5/24/2025,325332
Nissan Sunny 1999,Nissan,Sunny,Gray,,alexandria,5/24/2025,259828
Nissan XTrail 2015,Nissan,XTrail,Red,260000,heliopolis,5/24/2025,188177
Nissan Qashqai 2019,Nissan,Qashqai,Blue,87000,tagamo3 - new cairo,5/24/2025,216241
Nissan Tiida 2008,Nissan,Tiida,Silver,260000,mansoura,5/24/2025,592306
Nissan Sentra 2020,Nissan,Sentra,Red,105000,maadi,5/23/2025,192709
Nissan Juke 2016,Nissan,Juke,Black,128000,shobra,5/23/2025,373796
Nissan Sunny 1995,Nissan,Sunny,Black,300000,faqous,5/23/2025,349093
Nissan Sentra 2022,Nissan,Sentra,Silver,56000,el haram,5/23/2025,240436
Nissan Sunny 2016,Nissan,Sunny,Bronze,225000,shibin el kom,5/23/2025,246351
Nissan Sunny 2024,Nissan,Sunny,Black,30000,tagamo3 - new cairo,5/23/2025,309887
Nissan Tiida 2008,Nissan,Tiida,Red,173000,cairo,5/23/2025,163584
Nissan Sentra 2023,Nissan,Sentra,Other,31500,pyramids gardens,5/23/2025,433548
Nissan Qashqai 2022,Nissan,Qashqai,Blue,66000,mokattam,5/23/2025,546472
Nissan Sunny 2018,Nissan,Sunny,Black,190000,shibin el kom,5/23/2025,416184
Nissan Sunny 2019,Nissan,Sunny,Red,200000,damanhur,5/23/2025,521241
Nissan Sunny 2022,Nissan,Sunny,Silver,105000,cairo,5/23/2025,234702
Nissan Sentra 2017,Nissan,Sentra,Red,190000,pyramids gardens,5/23/2025,580712
Nissan Sunny 2008,Nissan,Sunny,Dark red,300000,tagamo3 - new cairo,5/22/2025,366207
Nissan Sunny 2013,Nissan,Sunny,Bronze,245000,nasr city,5/22/2025,538262
Nissan Sunny 2012,Nissan,Sunny,Gray,250000,tagamo3 - new cairo,5/22/2025,433176
Nissan Sentra 2021,Nissan,Sentra,Red,120000,faiyum,5/22/2025,237521
Nissan Sunny 2018,Nissan,Sunny,Red,62000,el haram,5/22/2025,318632
Nissan Sunny 2021,Nissan,Sunny,Mocha,70000,cairo,5/22/2025,196860
Nissan Sunny 2011Verified User,Nissan,Sunny,Black,541000,sheikh zayed city,5/22/2025,515775
Nissan Sunny 2021Verified User,Nissan,Sunny,Black,84000,giza,5/22/2025,406587
Nissan Sunny 2024,Nissan,Sunny,Gray,11000,sharqia,5/22/2025,324984
Nissan Juke 2013,Nissan,Juke,White,220000,tagamo3 - new cairo,5/22/2025,241632
Nissan Qashqai 2017,Nissan,Qashqai,Dark grey,140000,monufia,5/22/2025,499606
Nissan Juke 2013,Nissan,Juke,Black,136000,alexandria,5/22/2025,220293
Nissan Qashqai 2014,Nissan,Qashqai,Silver,245000,6-Oct,5/22/2025,341038
Nissan Sentra 2018,Nissan,Sentra,Black,113500,mokattam,5/22/2025,464289
Nissan Juke 2021,Nissan,Juke,Silver,140000,maadi,5/22/2025,592212
Nissan Qashqai 2016,Nissan,Qashqai,White,153000,al shorouk,5/22/2025,533100
Nissan Sunny 2005,Nissan,Sunny,Silver,370000,sharqia,5/22/2025,259737
Nissan Qashqai 2017,Nissan,Qashqai,Dark red,190000,hadayek october,5/21/2025,473628
Nissan Qashqai 2022,Nissan,Qashqai,Silver,44000,zamalek,5/21/2025,303016
Nissan Qashqai 2018,Nissan,Qashqai,Blue,93000,nasr city,5/21/2025,163957
Nissan Sentra 2021,Nissan,Sentra,Champagne,125000,6-Oct,5/21/2025,455452
Nissan Qashqai 2021,Nissan,Qashqai,White,60000,sheikh zayed city,5/21/2025,392567
Nissan Qashqai 2017,Nissan,Qashqai,Silver,185000,el haram,5/21/2025,468278
Nissan Sunny 2010Verified User,Nissan,Sunny,Dark blue,153000,alexandria,5/21/2025,410020
Nissan Qashqai 2014,Nissan,Qashqai,Silver,370000,el marg,5/21/2025,200223
Nissan Sunny 2016,Nissan,Sunny,Bronze,150000,6-Oct,5/21/2025,361179
Nissan Sunny 2012,Nissan,Sunny,Black,184000,damanhur,5/20/2025,421754
Nissan Sunny 2001,Nissan,Sunny,Blue,216000,cairo,5/20/2025,415397
Nissan Sunny 2021,Nissan,Sunny,Dark red,95000,el manial,5/20/2025,532800
Nissan Qashqai 2017,Nissan,Qashqai,Black,70000,sheikh zayed city,5/20/2025,221477
Nissan Sentra 2017,Nissan,Sentra,Black,168000,10th of ramadan,5/20/2025,373907
Nissan Sunny 2011,Nissan,Sunny,Silver,170000,6-Oct,5/20/2025,375994
Nissan Sunny 2008,Nissan,Sunny,Gold,219000,mohandessin,5/20/2025,189683
Nissan Sunny 2020,Nissan,Sunny,Brown,160000,kerdasa,5/20/2025,327938
Nissan Sentra 2019,Nissan,Sentra,Red,23000,alexandria,5/20/2025,430633
Nissan Juke 2016,Nissan,Juke,Yellow,152000,hadayek october,5/20/2025,522566
Nissan Qashqai 2013,Nissan,Qashqai,Silver,250000,alexandria,5/20/2025,534226
Nissan Qashqai 2020,Nissan,Qashqai,Dark blue,120000,sohag,5/20/2025,481711
Nissan XTrail 2026,Nissan,XTrail,White,,sheikh zayed city,5/19/2025,366188
Nissan Juke 2013,Nissan,Juke,Black,99000,tagamo3 - new cairo,5/19/2025,595338
Nissan Sunny 2018,Nissan,Sunny,Bronze,70000,el haram,5/19/2025,304081
Nissan Sunny 2018,Nissan,Sunny,Bronze,147000,obour city,5/19/2025,367736
Nissan Sentra 2018,Nissan,Sentra,Dark grey,43000,shobra,5/19/2025,180561
Nissan Sunny 2014,Nissan,Sunny,Black,220000,ismailia,5/19/2025,579146
Nissan Sunny 2022,Nissan,Sunny,Silver,,imbaba,5/19/2025,512583
Nissan Sentra 2018,Nissan,Sentra,Bronze,50000,cairo,5/19/2025,244996
Nissan Qashqai 2017,Nissan,Qashqai,Dark grey,190000,cairo,5/19/2025,506032
Nissan Sentra 2022,Nissan,Sentra,Dark blue,130000,nasr city,5/19/2025,405048
Nissan Sunny 2013,Nissan,Sunny,Eggplant,120000,cairo,5/19/2025,217749
Nissan Sunny 2010,Nissan,Sunny,Black,224000,heliopolis,5/19/2025,170976
Nissan Sunny 2020,Nissan,Sunny,Dark grey,177000,shobra,5/19/2025,531400
Nissan Sentra 2019,Nissan,Sentra,Black,217000,6-Oct,5/19/2025,254903
Nissan Tiida 2006,Nissan,Tiida,Gold,214000,suez,5/19/2025,334179
Nissan Sunny 2017,Nissan,Sunny,Silver,111000,mansoura,5/19/2025,367682
Nissan Sunny 2020,Nissan,Sunny,Bronze,114000,el mahalla,5/18/2025,302177
Nissan Sentra 2020,Nissan,Sentra,Gray,205000,cairo,5/18/2025,522395
Nissan Sunny 2017,Nissan,Sunny,Bronze,150000,el salam city,5/18/2025,448518
Nissan Qashqai 2017,Nissan,Qashqai,White,130000,cairo,5/18/2025,380462
Nissan Sunny 2015,Nissan,Sunny,Gray,200000,faiyum,5/18/2025,239036
Nissan Sentra 2023,Nissan,Sentra,Gold,30000,al shorouk,5/18/2025,571483
Nissan Sentra 2024Verified User,Nissan,Sentra,Red,,tagamo3 - new cairo,5/15/2025,596891
Nissan Sunny 2016,Nissan,Sunny,Other,88000,nasr city,5/18/2025,371792
Nissan XTrail 2008,Nissan,XTrail,Black,170000,heliopolis,4/23/2025,187400
Nissan Sunny 2022,Nissan,Sunny,Bronze,90000,alexandria,5/17/2025,483150
Nissan Sentra 2018,Nissan,Sentra,Dark grey,187000,tagamo3 - new cairo,5/17/2025,190872
Nissan Sentra 2021,Nissan,Sentra,Silver,49000,10th of ramadan,5/17/2025,585591
Nissan Sunny 2020,Nissan,Sunny,Red,110000,cairo,5/17/2025,169971
Nissan Qashqai 2018,Nissan,Qashqai,Red,180000,mansoura,5/17/2025,514009
Nissan Sentra 2025Verified User,Nissan,Sentra,Gray,10000,tagamo3 - new cairo,5/17/2025,171188
Nissan Sunny 1999,Nissan,Sunny,Silver,120000,6-Oct,5/17/2025,223187
Nissan Sunny 2021,Nissan,Sunny,Black,36000,nasr city,5/17/2025,490616
Nissan Sunny 2019,Nissan,Sunny,Black,148000,6-Oct,5/17/2025,565720
Nissan Qashqai 2018,Nissan,Qashqai,Black,240000,obour city,5/17/2025,235879
Nissan Sunny 2019,Nissan,Sunny,Gray,119000,imbaba,5/17/2025,477420
Nissan Sunny 2004,Nissan,Sunny,Silver,350000,6-Oct,5/17/2025,428411
Nissan Sunny 2022,Nissan,Sunny,Champagne,92000,cairo,5/17/2025,544968
Nissan Sunny 2021,Nissan,Sunny,Red,168000,qalyubia,5/16/2025,191216
Nissan Sentra 2024,Nissan,Sentra,Red,20000,nasr city,5/16/2025,480090
Nissan Sunny 2021,Nissan,Sunny,Black,104000,ashmoun,5/16/2025,307304
Nissan Sunny 2011,Nissan,Sunny,Dark red,220000,banha,5/16/2025,360348
Nissan Sunny 2010,Nissan,Sunny,Silver,200000,nasr city,5/16/2025,175708
Nissan Datsun 1982,Nissan,Datsun,Black,,sohag,5/16/2025,334611
Nissan Sunny 2019,Nissan,Sunny,Red,170000,giza,5/16/2025,276371
Nissan Sunny 2020,Nissan,Sunny,Black,100000,giza,5/16/2025,570377
Nissan Juke 2015,Nissan,Juke,Black,137000,tagamo3 - new cairo,5/16/2025,274207
Nissan Sunny 2010,Nissan,Sunny,Silver,176000,cairo,5/16/2025,250786
Nissan Sunny 2021,Nissan,Sunny,Black,70000,nasr city,5/16/2025,409507
Nissan Qashqai 2018,Nissan,Qashqai,Gray,145000,nasr city,5/16/2025,571383
Nissan Qashqai 2018,Nissan,Qashqai,Petroleum,147000,cairo,5/16/2025,335211
Nissan Sunny 2020,Nissan,Sunny,Red,65000,mansoura,5/15/2025,504109
Nissan Sentra 2024,Nissan,Sentra,Silver,33000,mansoura,5/15/2025,275591
Nissan Qashqai 2021,Nissan,Qashqai,White,87000,heliopolis,5/15/2025,435834
Nissan Qashqai 2017,Nissan,Qashqai,Silver,156000,alexandria,5/15/2025,524059
Nissan Tiida 2015Verified User,Nissan,Tiida,Red,123000,6-Oct,5/15/2025,366105
Nissan Qashqai 2019,Nissan,Qashqai,Bronze,83000,tagamo3 - new cairo,5/15/2025,356683
Nissan Sunny 2022,Nissan,Sunny,Black,24000,shibin el qanater,5/15/2025,490789
Nissan Sunny 2009,Nissan,Sunny,Silver,333000,6-Oct,5/15/2025,589563
Nissan Sunny 1999,Nissan,Sunny,White,140000,heliopolis,5/15/2025,163244
Nissan Qashqai 2018,Nissan,Qashqai,Red,225000,cairo,5/15/2025,371667
Nissan Qashqai 2018,Nissan,Qashqai,Red,125000,sheikh zayed city,5/15/2025,539177
Nissan Tiida 2007,Nissan,Tiida,Black,250000,al shorouk,5/14/2025,582660
Nissan Pathfinder 2013,Nissan,Pathfinder,Black,200000,cairo,5/14/2025,330766
Nissan Sunny 2009,Nissan,Sunny,Blue,225000,tagamo3 - new cairo,5/14/2025,467276
Nissan Qashqai 2017,Nissan,Qashqai,White,113000,cairo,5/14/2025,396805
Nissan Juke 2014,Nissan,Juke,Red,120000,tagamo3 - new cairo,5/14/2025,239883
Nissan Juke 2015,Nissan,Juke,White,179000,ismailia,5/14/2025,218882
Nissan Juke 2023,Nissan,Juke,Silver,8000,6-Oct,5/14/2025,392781
Nissan Sunny 2019,Nissan,Sunny,Dark grey,38000,beni suef,5/14/2025,240903
Nissan Sunny 2014,Nissan,Sunny,Gold,98000,ain shams,5/14/2025,586337
Nissan Qashqai 2017,Nissan,Qashqai,Eggplant,98000,suez,5/14/2025,524897
Nissan Sunny 2014,Nissan,Sunny,Dark grey,280000,el minya,5/14/2025,321575
Nissan Qashqai 2019,Nissan,Qashqai,Blue,169000,nasr city,5/14/2025,449345
Nissan Sunny 2019,Nissan,Sunny,Bronze,140000,cairo,5/14/2025,349589
Nissan Sentra 2023,Nissan,Sentra,Silver,39000,sheikh zayed city,5/13/2025,196844
Nissan Qashqai 2024,Nissan,Qashqai,Black,8500,tagamo3 - new cairo,5/14/2025,466572
Nissan Sentra 2019,Nissan,Sentra,Black,143000,asyut,5/13/2025,296473
Nissan Sunny 2023,Nissan,Sunny,Silver,36000,rosetta,5/13/2025,244690
Nissan Sunny 2012,Nissan,Sunny,Blue,220000,beni suef,5/13/2025,225086
Nissan Sunny 2020Verified User,Nissan,Sunny,Red,88000,heliopolis,5/13/2025,468230
Nissan Sentra 2019,Nissan,Sentra,Black,140000,qena,5/13/2025,438131
Nissan Sunny 1999,Nissan,Sunny,White,360000,cairo,5/13/2025,566151
Nissan Qashqai 2012,Nissan,Qashqai,Bronze,334500,sheikh zayed city,5/13/2025,316104
Nissan Qashqai 2022Verified User,Nissan,Qashqai,Gray,111000,cairo,5/13/2025,246317
Nissan Sunny 2017,Nissan,Sunny,Black,220000,imbaba,5/13/2025,229671
Nissan Bluebird 2015,Nissan,Bluebird,Silver,300000,el minya,5/13/2025,461446
Nissan Sunny 2015,Nissan,Sunny,Petroleum,78000,el mahalla,5/13/2025,476167
Nissan Sunny 2013,Nissan,Sunny,Red,199000,cairo,5/13/2025,449354
Nissan Livina 2010,Nissan,Livina,Silver,250000,cairo,5/12/2025,415609
Nissan Qashqai 2025Verified User,Nissan,Qashqai,Other,,obour city,5/12/2025,298154
Nissan Qashqai 2019,Nissan,Qashqai,Blue,120000,warraq,5/12/2025,375642
Nissan Juke 2015,Nissan,Juke,Black,213000,tagamo3 - new cairo,4/24/2025,345782
Nissan Sunny 2016,Nissan,Sunny,Gray,102000,shobra,5/12/2025,576086
Nissan Sunny 2022,Nissan,Sunny,Red,147000,dyarb negm,5/12/2025,234702
Nissan Qashqai 2018,Nissan,Qashqai,Blue,345000,mohandessin,5/12/2025,425677
Nissan Sunny 2022,Nissan,Sunny,Gold,30000,cairo,5/12/2025,309788
Nissan Sunny 2021,Nissan,Sunny,Black,144000,faiyum,5/12/2025,260371
Nissan Sunny 2001,Nissan,Sunny,Gray,200000,sohag,5/12/2025,553939
Nissan Qashqai 2024,Nissan,Qashqai,Dark grey,39000,mokattam,5/11/2025,383106
Nissan Sentra 2018,Nissan,Sentra,Dark grey,187000,tagamo3 - new cairo,5/12/2025,515497
Nissan Sunny 2015,Nissan,Sunny,Silver,152000,tagamo3 - new cairo,5/12/2025,350877
Nissan Pick up 2016,Nissan,Pick up,White,150000,tagamo3 - new cairo,5/12/2025,571011
Nissan Sunny 2021,Nissan,Sunny,Black,81000,maadi,5/11/2025,338766
Nissan Sunny 2017,Nissan,Sunny,Red,133000,cairo,5/11/2025,153769
Nissan Sunny 2020,Nissan,Sunny,Red,66000,damanhur,5/11/2025,578544
Nissan Sunny 2020,Nissan,Sunny,Black,103000,mansoura,5/11/2025,264058
Nissan Sunny 2018,Nissan,Sunny,Black,112000,cairo,5/11/2025,503938
Nissan Sentra 2018,Nissan,Sentra,Silver,195000,asyut,5/11/2025,204821
Nissan Sunny 2013,Nissan,Sunny,Bronze,150000,helwan,5/11/2025,435399
Nissan Sunny 2014,Nissan,Sunny,Red,330000,kafr el-sheikh,5/11/2025,384638
Nissan Sentra 2016,Nissan,Sentra,Silver,135000,kafr el-sheikh,5/11/2025,387087
Nissan Qashqai 2018,Nissan,Qashqai,Silver,128000,cairo,5/11/2025,253612
Nissan Sunny 2008,Nissan,Sunny,Beige,90000,alexandria,5/11/2025,503304
Nissan Sunny 2015,Nissan,Sunny,Silver,210000,alexandria,5/11/2025,221834
Nissan Qashqai 2018,Nissan,Qashqai,White,118000,el minya,5/11/2025,443929
Nissan Sunny 2020,Nissan,Sunny,Bronze,92000,mansoura,5/11/2025,224884
Nissan Sunny 2018,Nissan,Sunny,Silver,40000,cairo,5/11/2025,310322
Nissan Sentra 2024,Nissan,Sentra,Dark grey,43000,qena,5/11/2025,589302
Nissan Sunny 2015,Nissan,Sunny,Gold,200000,imbaba,5/11/2025,472413
Nissan Sunny 2024,Nissan,Sunny,Black,8500,qena,5/11/2025,442950
Nissan Sunny 2013,Nissan,Sunny,Other,120000,monufia,5/11/2025,368201
Nissan Sentra 2016,Nissan,Sentra,Red,131000,quesna,5/10/2025,219880
Nissan Qashqai 2013,Nissan,Qashqai,Petroleum,160000,damietta,5/10/2025,194199
Nissan Sunny 2014,Nissan,Sunny,Black,140000,tagamo3 - new cairo,5/10/2025,268053
Nissan Sunny 2018,Nissan,Sunny,Silver,130000,cairo,5/10/2025,550422
Nissan Juke 2012,Nissan,Juke,Black,128500,nasr city,5/10/2025,595780
Nissan Pick up 2014,Nissan,Pick up,White,456000,hurghada,5/10/2025,340059
Nissan Juke 2013,Nissan,Juke,White,215000,giza,5/10/2025,442673
Nissan Sentra 2024,Nissan,Sentra,Black,30000,6-Oct,5/10/2025,555331
Nissan Sunny 2025,Nissan,Sunny,Black,10000,cairo,5/10/2025,227263
Nissan Sunny 2022,Nissan,Sunny,Silver,200000,el haram,5/10/2025,354162
Nissan Sunny 2012,Nissan,Sunny,Dark red,274000,el salam city,5/10/2025,347350
Nissan Juke 2014,Nissan,Juke,Dark red,181000,cairo,5/3/2025,549632
Nissan Sunny 2018,Nissan,Sunny,Gray,74000,asyut,5/10/2025,485530
Nissan Sentra 2018,Nissan,Sentra,Silver,187000,tanta,5/10/2025,335954
Nissan Sentra 2017,Nissan,Sentra,Gold,100000,cairo,5/10/2025,582157
Nissan Sunny 2003,Nissan,Sunny,White,253000,sharqia,5/10/2025,596947
Nissan Qashqai 2017,Nissan,Qashqai,Black,120000,kafr el-dawwar,5/10/2025,319333
Nissan Sentra 2018,Nissan,Sentra,Red,141000,giza,5/9/2025,262102
Nissan Qashqai 2016,Nissan,Qashqai,White,93000,mohandessin,5/9/2025,520626
Nissan Sunny 2014,Nissan,Sunny,Black,300000,badr city,5/9/2025,193190
Nissan Qashqai 2017,Nissan,Qashqai,Dark red,188000,al shorouk,5/9/2025,484784
Nissan Sunny 2009,Nissan,Sunny,Black,190000,alexandria,5/9/2025,594418
Nissan Tiida 2007,Nissan,Tiida,Black,350000,heliopolis,5/9/2025,340669
Nissan Sunny 2009Verified User,Nissan,Sunny,Silver,123897,maadi,5/9/2025,221273
Nissan Sunny 2013,Nissan,Sunny,Bronze,265000,cairo,5/9/2025,219777
Nissan Sentra 2020,Nissan,Sentra,Bronze,73000,cairo,5/9/2025,263477
Nissan Sunny 2015,Nissan,Sunny,Silver,245000,cairo,5/9/2025,411433
Nissan Qashqai 2016,Nissan,Qashqai,Silver,170000,ain shams,5/9/2025,464679
Nissan Qashqai 2017,Nissan,Qashqai,Silver,125000,dyarb negm,5/8/2025,364178
Nissan Sunny 2003,Nissan,Sunny,Silver,193000,gharbia,5/8/2025,192286
Nissan Sunny 2020,Nissan,Sunny,Bronze,200000,giza,5/1/2025,511241
Nissan Sunny 2019,Nissan,Sunny,Black,110000,shibin el kom,5/8/2025,449491
Nissan Sunny 2018,Nissan,Sunny,Bronze,215000,al shorouk,5/8/2025,251938
Nissan Sunny 2008,Nissan,Sunny,Dark green,320000,tagamo3 - new cairo,5/8/2025,341634
Nissan Qashqai 2014,Nissan,Qashqai,Dark grey,193000,giza,5/8/2025,229627
Nissan Sunny 2014,Nissan,Sunny,Red,125000,cairo,5/8/2025,509409
Nissan Qashqai 2017,Nissan,Qashqai,Silver,140000,tagamo3 - new cairo,5/8/2025,152350
Nissan Qashqai 2019,Nissan,Qashqai,Silver,95000,6-Oct,5/8/2025,507012
Nissan Sunny 1998,Nissan,Sunny,Green,26999,marsa matrouh,5/8/2025,206131
Nissan Qashqai 2012,Nissan,Qashqai,Silver,190000,cairo,5/7/2025,467590
Nissan Sentra 2018,Nissan,Sentra,Dark grey,180000,mohandessin,5/7/2025,481016
Nissan Sunny 2023,Nissan,Sunny,Black,16000,mohandessin,5/7/2025,486269
Nissan Sunny 2018,Nissan,Sunny,Silver,120000,sheikh zayed city,5/7/2025,207914
Nissan Sentra 2023,Nissan,Sentra,Dark grey,70000,mohandessin,5/7/2025,247865
Nissan Sentra 2021,Nissan,Sentra,Dark grey,190000,sheikh zayed city,5/7/2025,286926
Nissan Sunny 2023,Nissan,Sunny,Gray,140000,obour city,5/7/2025,399193
Nissan Sunny 2013,Nissan,Sunny,Petroleum,500000,6-Oct,5/7/2025,155529
Nissan Qashqai 2013,Nissan,Qashqai,Brown,230000,tagamo3 - new cairo,5/7/2025,593065
Nissan Sunny 2001,Nissan,Sunny,Gray,500000,helwan,5/7/2025,310729
Nissan Tiida 2006,Nissan,Tiida,Silver,301000,warraq,5/7/2025,292723
Nissan Sunny 2020,Nissan,Sunny,Bronze,54000,sohag,5/7/2025,398377
Nissan Sunny 2017,Nissan,Sunny,Bronze,170000,sohag,5/6/2025,294608
Nissan Qashqai 2014Verified User,Nissan,Qashqai,White,270000,alexandria,5/6/2025,411014
Nissan Sunny 2022,Nissan,Sunny,Silver,145000,6-Oct,5/6/2025,519815
Nissan Sentra 2019,Nissan,Sentra,Gray,183000,el haram,5/6/2025,439130
Nissan Qashqai 2019,Nissan,Qashqai,Black,146000,nasr city,5/6/2025,181507
Nissan Sunny 2014,Nissan,Sunny,Red,490000,giza,5/6/2025,346063
Nissan Sunny 2021,Nissan,Sunny,Gray,130000,nasr city,4/24/2025,547193
Nissan Sunny 1999,Nissan,Sunny,Silver,,heliopolis,5/6/2025,203906
Nissan Sentra 2017,Nissan,Sentra,Petroleum,128000,dakahlia,5/6/2025,353330
Nissan Sentra 2015,Nissan,Sentra,Black,160000,beni suef,5/6/2025,588716
Nissan Sunny 2015,Nissan,Sunny,Silver,152000,tagamo3 - new cairo,5/6/2025,465262
Nissan Sunny 2001,Nissan,Sunny,White,300000,tanta,5/6/2025,450172
Nissan Qashqai 2023,Nissan,Qashqai,Gray,59000,faiyum,5/6/2025,560382
Nissan Sunny 2013,Nissan,Sunny,Bronze,298000,shobra,5/5/2025,441824
Nissan Qashqai 2019,Nissan,Qashqai,Black,89000,sheikh zayed city,5/5/2025,561967
Nissan Sunny 2023Verified User,Nissan,Sunny,Gray,88000,pyramids gardens,5/5/2025,418779
Nissan Sentra 2024,Nissan,Sentra,Silver,8000,pyramids gardens,5/5/2025,330218
Nissan Sentra 2017,Nissan,Sentra,Silver,170000,obour city,5/5/2025,433596
Nissan Qashqai 2018,Nissan,Qashqai,Eggplant,193000,tagamo3 - new cairo,5/5/2025,557976
Nissan Qashqai 2019,Nissan,Qashqai,White,119000,faiyum,5/5/2025,327703
Nissan Sentra 2020,Nissan,Sentra,Silver,152000,cairo,5/5/2025,258805
Nissan Sunny 2010,Nissan,Sunny,Silver,176000,cairo,5/5/2025,430599
Nissan Sunny 2023,Nissan,Sunny,Brown,15000,shibin el kom,5/5/2025,556138
Nissan Sunny 2018,Nissan,Sunny,Gray,115000,sohag,5/5/2025,381098
Nissan Sunny 1994,Nissan,Sunny,Silver,220000,giza,5/4/2025,542694
Nissan Sunny 2003,Nissan,Sunny,White,270000,sharqia,5/4/2025,161477
Nissan Sunny 1999,Nissan,Sunny,Silver,52740,obour city,5/4/2025,584782
Nissan Sunny 2009,Nissan,Sunny,Black,185000,6-Oct,5/4/2025,181524
Nissan Qashqai 2019,Nissan,Qashqai,Brown,99000,tagamo3 - new cairo,5/4/2025,246636
Nissan Sunny 2022,Nissan,Sunny,Bronze,75000,alexandria,5/4/2025,173858
Nissan Sunny 2019,Nissan,Sunny,Bronze,122500,zamalek,5/4/2025,554195
Nissan Qashqai 2017,Nissan,Qashqai,Mocha,132000,mokattam,5/4/2025,308839
Nissan Qashqai 2021,Nissan,Qashqai,Red,92000,6-Oct,5/4/2025,571471
Nissan Sunny 2017,Nissan,Sunny,Black,329038,cairo,5/4/2025,386303
Nissan Sunny 2008,Nissan,Sunny,Bronze,235000,heliopolis,5/4/2025,165496
Nissan Qashqai 2018,Nissan,Qashqai,Brown,190000,sharqia,5/4/2025,183820
Nissan Tiida 2006,Nissan,Tiida,White,268000,6-Oct,5/3/2025,404900
Nissan Qashqai 2020,Nissan,Qashqai,Red,96000,el haram,5/3/2025,460262
Nissan Qashqai 2021,Nissan,Qashqai,White,162000,mokattam,5/3/2025,553121
Nissan Sunny 2013,Nissan,Sunny,Black,330000,nasr city,5/3/2025,576787
Nissan Sunny 2024,Nissan,Sunny,Red,,faiyum,5/3/2025,209797
Nissan Sunny 2019,Nissan,Sunny,Gray,178000,nasr city,5/3/2025,448983
Nissan Sunny 2015,Nissan,Sunny,Silver,100500,cairo,5/3/2025,316649
Nissan Qashqai 2018,Nissan,Qashqai,Black,150000,heliopolis,5/2/2025,187640
Nissan Sentra 2016,Nissan,Sentra,Dark grey,194000,cairo,5/2/2025,326203
Nissan XTrail 2006,Nissan,XTrail,Black,650000,damanhur,5/2/2025,263267
Nissan Qashqai 2022,Nissan,Qashqai,Gray,50000,tagamo3 - new cairo,5/2/2025,170972
Nissan Qashqai 2018,Nissan,Qashqai,Eggplant,98000,heliopolis,5/2/2025,178887
Nissan Qashqai 2017,Nissan,Qashqai,Bronze,159000,sheikh zayed city,5/2/2025,292720
Nissan Sunny 2022,Nissan,Sunny,Black,84000,heliopolis,5/1/2025,336909
Nissan Sunny 2013,Nissan,Sunny,Silver,249000,helwan,5/1/2025,256497
Nissan Sunny 2018,Nissan,Sunny,Red,130000,tagamo3 - new cairo,5/1/2025,277441
Nissan Qashqai 2018,Nissan,Qashqai,Red,90000,sheikh zayed city,4/30/2025,567590
Nissan Sunny 2015,Nissan,Sunny,Gray,320000,6-Oct,4/30/2025,282346
Nissan Sunny 2000,Nissan,Sunny,Silver,230000,asyut,4/30/2025,571165
Nissan Sunny 2001,Nissan,Sunny,Petroleum,502000,giza,4/30/2025,330447
Nissan Qashqai 2013,Nissan,Qashqai,White,120000,cairo,4/30/2025,533438
Nissan Juke 2013,Nissan,Juke,Red,200000,madinaty,4/30/2025,209421
Nissan Qashqai 2020,Nissan,Qashqai,Black,106000,el haram,4/26/2025,434097
Nissan Sunny 2013,Nissan,Sunny,Silver,300000,agamy,4/30/2025,200365
Nissan Sentra 2019,Nissan,Sentra,Gray,130000,10th of ramadan,4/30/2025,395467
Nissan Sunny 2020,Nissan,Sunny,Gold,49900,kafr el-sheikh,4/30/2025,164210
Nissan Sunny 2006,Nissan,Sunny,Silver,100000,el minya,4/29/2025,210770
Nissan Pick up 2017,Nissan,Pick up,White,158000,aswan,4/29/2025,365522
Nissan Qashqai 2014,Nissan,Qashqai,Silver,162000,sharqia,4/29/2025,242849
Nissan Sunny 2013,Nissan,Sunny,Silver,155500,tagamo3 - new cairo,4/29/2025,329918
Nissan Tiida 2013,Nissan,Tiida,Black,210000,tagamo3 - new cairo,4/29/2025,503743
Nissan Sunny 1999,Nissan,Sunny,Silver,240000,aswan,4/29/2025,315002
Nissan Sentra 2025,Nissan,Sentra,Black,13000,nasr city,4/29/2025,229186
Nissan Sunny 2017,Nissan,Sunny,Bronze,200000,agamy,4/29/2025,276081
Nissan Tiida 2013,Nissan,Tiida,Silver,270000,sheikh zayed city,4/28/2025,257400
Nissan Sunny 2010,Nissan,Sunny,Silver,300000,faiyum,4/28/2025,249757
Nissan Sunny 2020,Nissan,Sunny,Red,210000,el haram,4/28/2025,447777
Nissan Sunny 2019,Nissan,Sunny,Silver,119000,banha,4/28/2025,287991
Nissan Juke 2016,Nissan,Juke,Black,185000,maadi,4/28/2025,511867
Nissan Juke 2014,Nissan,Juke,Red,220000,tagamo3 - new cairo,4/28/2025,427830
Nissan Sentra 2016,Nissan,Sentra,Silver,156000,nasr city,4/28/2025,208050
Nissan Sunny 2021,Nissan,Sunny,Black,86000,khanka,4/28/2025,428329
Nissan Sunny 1999,Nissan,Sunny,Dark grey,254000,asyut,4/28/2025,577866
Nissan Sunny 2015,Nissan,Sunny,Dark red,142000,heliopolis,4/28/2025,572482
Nissan XTrail 2011,Nissan,XTrail,Silver,120000,qalyubia,4/28/2025,470012
Nissan Qashqai 2018,Nissan,Qashqai,Red,180000,giza,4/26/2025,392985
Nissan Sunny 2022,Nissan,Sunny,Bronze,40000,helwan,4/28/2025,485518
Nissan Juke 2014,Nissan,Juke,Red,220000,tagamo3 - new cairo,4/28/2025,197142
Nissan Juke 2012,Nissan,Juke,Red,135000,tagamo3 - new cairo,4/27/2025,572781
Nissan Sunny 2006,Nissan,Sunny,White,165000,heliopolis,4/27/2025,435193
Nissan Sunny 2017,Nissan,Sunny,Gray,300000,cairo,4/27/2025,499570
Nissan Sunny 2025,Nissan,Sunny,Bronze,14000,heliopolis,4/27/2025,292703
Nissan Sunny 2015,Nissan,Sunny,Black,150000,port said,4/27/2025,282481
Nissan Qashqai 2016,Nissan,Qashqai,Silver,215000,cairo,4/27/2025,314740
Nissan Sentra 2018,Nissan,Sentra,Champagne,161000,maadi,4/6/2025,237637
Nissan Sunny 2014,Nissan,Sunny,Black,275000,cairo,4/27/2025,402593
Nissan Sunny 2002,Nissan,Sunny,Silver,209000,alexandria,4/27/2025,544958
Nissan Sunny 2013,Nissan,Sunny,Silver,213000,6-Oct,4/27/2025,388964
Nissan Sunny 2007,Nissan,Sunny,Gold,350000,tagamo3 - new cairo,4/27/2025,471867
Nissan Sunny 2019,Nissan,Sunny,Gray,333000,mokattam,4/26/2025,371977
Nissan Juke 2016,Nissan,Juke,Yellow,160000,alexandria,4/26/2025,163493
Nissan Sunny 1996,Nissan,Sunny,Blue,200000,shibin el kom,4/26/2025,178439
Nissan Juke 2012,Nissan,Juke,Petroleum,97000,sheraton,4/26/2025,350528
Nissan Qashqai 2016,Nissan,Qashqai,Red,145000,heliopolis,4/26/2025,405012
Nissan Sentra 2018,Nissan,Sentra,Mocha,130000,dokki,4/26/2025,542871
Nissan Qashqai 2017,Nissan,Qashqai,Silver,170000,nasr city,4/26/2025,513619
Nissan Sunny 2014,Nissan,Sunny,Silver,119000,helwan,4/26/2025,549992
Nissan Sunny 2022Verified User,Nissan,Sunny,Gold,83000,el haram,4/26/2025,574677
Nissan Sunny 2017,Nissan,Sunny,Red,160000,tagamo3 - new cairo,4/25/2025,413388
Nissan Qashqai 2017,Nissan,Qashqai,Dark grey,221000,zagazig,4/25/2025,339691
Nissan Pick up 2015,Nissan,Pick up,White,179000,ismailia,4/25/2025,220367
Nissan Bluebird 2009,Nissan,Bluebird,Cyan,280000,el haram,4/25/2025,281251
Nissan Sunny 2019,Nissan,Sunny,Red,176000,cairo,4/25/2025,288017
Nissan Sentra 2016,Nissan,Sentra,Black,300000,cairo,4/25/2025,526199
Nissan Sunny 2016,Nissan,Sunny,Dark grey,185000,faiyum,4/25/2025,514102
Nissan Juke 2013,Nissan,Juke,Dark red,160000,el haram,4/25/2025,425820
Nissan Sunny 2020,Nissan,Sunny,Bronze,211000,heliopolis,4/25/2025,329267
Nissan Sentra 2018,Nissan,Sentra,Red,130100,cairo,4/25/2025,418345
Nissan Sunny 2018,Nissan,Sunny,Gray,107500,madinaty,4/25/2025,530457
Nissan Sunny 2016,Nissan,Sunny,Silver,194000,alexandria,4/24/2025,461339
Nissan Sunny 2016,Nissan,Sunny,Silver,180000,heliopolis,4/24/2025,466717
Nissan Sunny 2004,Nissan,Sunny,Dark blue,495000,mansoura,4/24/2025,554949
Nissan Sunny 2026Verified User,Nissan,Sunny,Silver,,beni suef,4/24/2025,426956
Nissan XTrail 2010,Nissan,XTrail,Black,211000,cairo,4/24/2025,558968
Nissan Sunny 2013,Nissan,Sunny,Gold,122000,tagamo3 - new cairo,4/24/2025,284729
Nissan Sentra 2018,Nissan,Sentra,Red,130100,cairo,4/24/2025,309181
Nissan Qashqai 2013,Nissan,Qashqai,Gold,277313,6-Oct,4/24/2025,284913
Nissan Qashqai 2014,Nissan,Qashqai,White,160000,qalyubia,4/24/2025,293107
Nissan Qashqai 2012,Nissan,Qashqai,Silver,200000,dikirnis,4/23/2025,361534
Nissan Sunny 2020,Nissan,Sunny,Silver,50000,giza,4/23/2025,396208
Nissan Sunny 2014,Nissan,Sunny,Silver,310000,tanta,4/23/2025,419557
Nissan Sunny 2024,Nissan,Sunny,Silver,14000,mansoura,4/23/2025,485811
Nissan Qashqai 2020Verified User,Nissan,Qashqai,Silver,145000,pyramids gardens,4/23/2025,248442
Nissan Sunny 2019,Nissan,Sunny,Bronze,108000,el qanater el khayreya,4/23/2025,270449
Nissan Sunny 2019,Nissan,Sunny,Dark grey,340000,cairo,4/23/2025,330955
Nissan Sunny 2021,Nissan,Sunny,Silver,237000,sheikh zayed city,4/23/2025,239145
Nissan Juke 2014,Nissan,Juke,Red,190000,cairo,4/23/2025,510254
Nissan Sentra 2017,Nissan,Sentra,Mocha,120000,damietta,4/23/2025,185857
Nissan Sentra 2024,Nissan,Sentra,Black,12000,6-Oct,4/22/2025,159240
Nissan Sunny 2014,Nissan,Sunny,Red,230000,6-Oct,4/22/2025,597862
Nissan Sunny 1994,Nissan,Sunny,Dark blue,270000,el manial,4/22/2025,567373
Nissan XTrail 2012,Nissan,XTrail,Silver,250000,el haram,4/22/2025,586094
Nissan Sunny 2016,Nissan,Sunny,Silver,290000,al shorouk,4/22/2025,332320
Nissan Qashqai 2022,Nissan,Qashqai,White,24000,6-Oct,4/22/2025,482684
Nissan Sunny 2021,Nissan,Sunny,Black,150000,ashmoun,4/22/2025,447600
Nissan Sunny 2014,Nissan,Sunny,Silver,213000,tagamo3 - new cairo,4/22/2025,256545
Nissan Sunny 2015,Nissan,Sunny,Gray,260000,6-Oct,4/21/2025,242049
Nissan Sunny 2017,Nissan,Sunny,Dark grey,91000,shobra,4/21/2025,273209
Nissan Sunny 2011,Nissan,Sunny,Petroleum,252000,mokattam,4/21/2025,400690
Nissan Sentra 2018,Nissan,Sentra,Silver,163000,hurghada,4/21/2025,484666
Nissan Sentra 2016,Nissan,Sentra,Silver,180000,heliopolis,4/21/2025,552687
Nissan Sunny 2011Verified User,Nissan,Sunny,Silver,190000,cairo,4/21/2025,300795
Nissan Qashqai 2016,Nissan,Qashqai,Gray,139000,sheikh zayed city,4/21/2025,549876
Nissan Juke 2015,Nissan,Juke,Gray,97000,kafr el-sheikh,4/21/2025,330233
Nissan Sunny 2008,Nissan,Sunny,Gold,270000,sadat city,4/21/2025,402975
Nissan Sentra 2017,Nissan,Sentra,Bronze,170000,el minya,4/21/2025,534529
Nissan Sunny 2014,Nissan,Sunny,Dark grey,190000,mohandessin,4/21/2025,500836
Nissan Sentra 2016,Nissan,Sentra,Petroleum,108000,tanta,4/21/2025,573570
Nissan Sunny 2007,Nissan,Sunny,Dark green,,giza,4/21/2025,205357
Nissan Sunny 2023,Nissan,Sunny,Mocha,52000,heliopolis,4/20/2025,416053
Nissan Sunny 2013,Nissan,Sunny,Silver,240000,nasr city,4/20/2025,370986
Nissan Sentra 2023,Nissan,Sentra,Silver,36000,6-Oct,4/20/2025,355981
Nissan Qashqai 2017,Nissan,Qashqai,Blue,80000,6-Oct,4/20/2025,259689
Nissan Sunny 2010,Nissan,Sunny,Blue,350000,giza,4/20/2025,496509
Nissan Sentra 2020,Nissan,Sentra,Gray,200000,cairo,4/20/2025,323025
Nissan Sunny 2016,Nissan,Sunny,Red,245000,el haram,4/20/2025,332117
Nissan Sunny 2018,Nissan,Sunny,Gray,150000,faqous,4/19/2025,184161
Nissan Sentra 2017,Nissan,Sentra,Bronze,168000,mansoura,4/20/2025,220186
Nissan Sentra 2024,Nissan,Sentra,Dark grey,24000,cairo,4/20/2025,245984
Nissan Juke 2021,Nissan,Juke,Red,47000,tagamo3 - new cairo,4/20/2025,511030
Nissan Sunny 2006,Nissan,Sunny,Dark red,115000,pyramids gardens,4/20/2025,156272
Mercedes CLA 180 2015Verified User,Mercedes,CLA 180,Silver,82000,cairo,6/2/2025,1478164
Mercedes C 180 2013,Mercedes,C 180,White,139000,tagamo3 - new cairo,6/2/2025,1119828
Mercedes C 180 2010,Mercedes,C 180,Black,142000,mohandessin,6/2/2025,2262175
Mercedes C 200 2022,Mercedes,C 200,Blue,40000,tagamo3 - new cairo,6/2/2025,991366
Mercedes C 180 2022,Mercedes,C 180,Black,11000,sheraton,6/2/2025,1200620
Mercedes CLA 200 2024,Mercedes,CLA 200,White,49000,nasr city,6/2/2025,1307828
Mercedes C 180 2024,Mercedes,C 180,White,8000,6-Oct,6/2/2025,1567501
Mercedes E 200 2023,Mercedes,E 200,Silver,26000,nasr city,6/2/2025,1341483
Mercedes EQB 2023,Mercedes,EQB,Petroleum,52000,electric,6/2/2025,1793039
Mercedes GLC 200 2023Verified User,Mercedes,GLC 200,Black,45000,tagamo3 - new cairo,6/2/2025,2142659
Mercedes E 200 2020,Mercedes,E 200,Black,20000,nasr city,6/2/2025,1217040
Mercedes E 200 2009,Mercedes,E 200,Black,310000,nasr city,6/2/2025,581547
Mercedes E 200 2025,Mercedes,E 200,White,,tagamo3 - new cairo,6/2/2025,797552
Mercedes E 200 2015,Mercedes,E 200,Black,71800,sheikh zayed city,6/2/2025,1671028
Mercedes C 200 AMG 2020,Mercedes,C 200 AMG,Blue,70000,dokki,6/2/2025,457920
Mercedes E 200 2021,Mercedes,E 200,White,26000,6-Oct,6/2/2025,926565
Mercedes C 180 2024,Mercedes,C 180,White,8500,6-Oct,6/2/2025,1422890
Mercedes C 180 2019,Mercedes,C 180,Dark grey,79000,nasr city,6/2/2025,976769
Mercedes C 200 AMG 2020,Mercedes,C 200 AMG,Black,130000,tagamo3 - new cairo,6/2/2025,1280767
Mercedes C 180 2025,Mercedes,C 180,Black,,tagamo3 - new cairo,6/2/2025,749712
Mercedes C 200 2023,Mercedes,C 200,Red,8000,sheikh zayed city,6/2/2025,421496
Mercedes C 200 2023,Mercedes,C 200,Black,9100,tagamo3 - new cairo,6/2/2025,400716
Mercedes C 200 2023,Mercedes,C 200,Dark red,9000,tagamo3 - new cairo,6/2/2025,1180603
Mercedes E 200 2023,Mercedes,E 200,Black,,tagamo3 - new cairo,6/2/2025,1396055
Mercedes C 180 2023,Mercedes,C 180,White,7000,tagamo3 - new cairo,6/2/2025,1126173
Mercedes C 200 2023,Mercedes,C 200,Gray,11000,tagamo3 - new cairo,6/2/2025,2491008
Mercedes E 300 2020,Mercedes,E 300,Gray,20000,heliopolis,6/2/2025,1841524
Mercedes B 200 2013Verified User,Mercedes,B 200,Gold,200000,mokattam,6/2/2025,619710
Mercedes E 200 1989,Mercedes,E 200,Silver,177000,dokki,6/2/2025,1220356
Mercedes CLA 200 2021Verified User,Mercedes,CLA 200,White,130000,cairo,6/2/2025,2125015
Mercedes C 180 2010Verified User,Mercedes,C 180,Petroleum,150000,mohandessin,6/2/2025,831644
Mercedes GLC 2021,Mercedes,GLC,White,110000,hadayek october,6/2/2025,646220
Mercedes CLA 200 2021,Mercedes,CLA 200,Dark grey,31000,tagamo3 - new cairo,6/2/2025,1949789
Mercedes C 180 2011,Mercedes,C 180,White,178000,tagamo3 - new cairo,6/2/2025,1736579
Mercedes Mercedes-Benz EQE 500 2024,Mercedes,Mercedes-Benz EQE 500,Black,,electric,6/2/2025,2347974
Mercedes C 180 2018,Mercedes,C 180,White,63000,alexandria,6/2/2025,873611
Mercedes C 200 2022Verified User,Mercedes,C 200,Dark grey,40000,cairo,6/2/2025,1427042
Mercedes E 200 2023,Mercedes,E 200,Black,16000,tagamo3 - new cairo,6/2/2025,2300944
Mercedes E 200 2022,Mercedes,E 200,Black,15000,tagamo3 - new cairo,6/2/2025,1366057
Mercedes C 180 2022,Mercedes,C 180,Black,13000,tagamo3 - new cairo,6/2/2025,1597496
Mercedes CLA 180 2015,Mercedes,CLA 180,Gray,180000,maadi,6/2/2025,646730
Mercedes E 280 2010Verified User,Mercedes,E 280,Other,200000,ismailia,6/2/2025,2459262
Mercedes C 200 AMG 2002,Mercedes,C 200 AMG,Blue,175000,tagamo3 - new cairo,6/2/2025,2379824
Mercedes GLC 300 2024,Mercedes,GLC 300,White,10000,nasr city,6/2/2025,2331891
Mercedes 200 1990Verified User,Mercedes,200,Black,217000,6-Oct,6/2/2025,1892948
Mercedes C 200 2009,Mercedes,C 200,Black,200000,tagamo3 - new cairo,6/2/2025,1355419
Mercedes C 180 2013,Mercedes,C 180,Silver,157000,obour city,6/2/2025,1534459
Mercedes 180 2000,Mercedes,180,Blue,,dokki,6/2/2025,701580
Mercedes E 200 2015,Mercedes,E 200,Silver,250000,cairo,6/1/2025,407390
Mercedes C 240 2005,Mercedes,C 240,Black,290000,tagamo3 - new cairo,6/2/2025,820384
Mercedes CLA 180 2018,Mercedes,CLA 180,Gray,65000,tagamo3 - new cairo,6/1/2025,1191271
Mercedes C 180 2013,Mercedes,C 180,Gray,226000,tagamo3 - new cairo,6/1/2025,1075869
Mercedes 230 1978,Mercedes,230,Other,90000,hybrid,6/1/2025,791052
Mercedes GLC 300 2022,Mercedes,GLC 300,Blue,41000,hybrid,6/1/2025,2347261
Mercedes E 200 1994,Mercedes,E 200,Black,280000,mansoura,6/1/2025,1152703
Mercedes E 200 2021,Mercedes,E 200,Silver,13000,heliopolis,6/1/2025,1910465
Mercedes 300 1987,Mercedes,300,Black,,shobra,6/1/2025,1363692
Mercedes C 200 2008,Mercedes,C 200,Black,240000,sheikh zayed city,6/1/2025,1421356
Mercedes C 180 2009,Mercedes,C 180,Silver,300000,al shorouk,6/1/2025,2106056
Mercedes C 180 2010,Mercedes,C 180,Red,155000,heliopolis,5/31/2025,1962308
Mercedes C 180 2011,Mercedes,C 180,White,170000,cairo,5/31/2025,2409967
Mercedes C 180 2023,Mercedes,C 180,Gray,8300,heliopolis,5/31/2025,2405478
Mercedes A 35 AMG 2022,Mercedes,A 35 AMG,Black,57000,heliopolis,5/31/2025,1315479
Mercedes C 180 2022,Mercedes,C 180,White,,tagamo3 - new cairo,5/31/2025,1887185
Mercedes C 180 2022,Mercedes,C 180,White,40000,nasr city,5/31/2025,684869
Mercedes C 180 2004,Mercedes,C 180,Other,380000,tagamo3 - new cairo,5/31/2025,2482525
Mercedes C 180 2022,Mercedes,C 180,Red,,nasr city,5/31/2025,1481927
Mercedes E 200 2025,Mercedes,E 200,Black,8000,nasr city,5/31/2025,781692
Mercedes B 150 2008,Mercedes,B 150,Silver,225000,nasr city,5/31/2025,2146152
Mercedes C 250 2012,Mercedes,C 250,Silver,350000,sadat city,5/31/2025,2190688
Mercedes GLA 200 2017,Mercedes,GLA 200,Silver,86000,cairo,5/31/2025,572743
Mercedes E 200 2001,Mercedes,E 200,Silver,257000,cairo,5/31/2025,856803
Mercedes E 250 2011Verified User,Mercedes,E 250,Gray,140000,maadi,5/31/2025,1952012
Mercedes GLA 200 2021,Mercedes,GLA 200,Black,19000,alexandria,5/30/2025,1777368
Mercedes GLE 2023,Mercedes,GLE,White,54700,6-Oct,5/30/2025,643663
Mercedes C 180 2010,Mercedes,C 180,Black,180000,tagamo3 - new cairo,5/30/2025,454406
Mercedes C 180 2014,Mercedes,C 180,White,161000,al shorouk,5/30/2025,780957
Mercedes C 180 2023,Mercedes,C 180,White,25000,tagamo3 - new cairo,5/30/2025,2367238
Mercedes C 180 2023,Mercedes,C 180,Silver,15000,tagamo3 - new cairo,5/30/2025,1744856
Mercedes C 180 2009,Mercedes,C 180,Silver,300000,tagamo3 - new cairo,5/30/2025,920372
Mercedes B 160 2010,Mercedes,B 160,Silver,166000,ashmoun,5/30/2025,2103400
Mercedes E 200 2023,Mercedes,E 200,Black,,tagamo3 - new cairo,5/30/2025,706066
Mercedes E 200 2022Verified User,Mercedes,E 200,Black,15000,tagamo3 - new cairo,5/3/2025,826236
Mercedes B 200 2023,Mercedes,B 200,Gray,,heliopolis,5/29/2025,1575328
Mercedes C 200 2020,Mercedes,C 200,Red,32000,tagamo3 - new cairo,5/29/2025,1419150
Mercedes S 450 2022,Mercedes,S 450,Gray,10000,heliopolis,5/29/2025,1708634
Mercedes GLE 500 2023,Mercedes,GLE 500,Silver,5600,tagamo3 - new cairo,5/29/2025,979920
Mercedes B 180 2014,Mercedes,B 180,Bronze,140000,obour city,5/29/2025,1927598
Mercedes E 200 1992,Mercedes,E 200,Dark red,240000,tanta,5/29/2025,1220696
Mercedes C 200 2002,Mercedes,C 200,Green,175000,heliopolis,5/29/2025,2433748
Mercedes GLC 250 2019,Mercedes,GLC 250,Black,79000,maadi,5/29/2025,585424
Mercedes GLA 200 2015,Mercedes,GLA 200,Red,177000,tagamo3 - new cairo,5/29/2025,610242
Mercedes 200 1980,Mercedes,200,Petroleum,,el haram,5/28/2025,818757
Mercedes GLC 200 2021,Mercedes,GLC 200,White,120000,6-Oct,5/28/2025,1123626
Mercedes C 200 2010,Mercedes,C 200,Petroleum,125000,port said,5/28/2025,1680994
Mercedes CLA 180 2020,Mercedes,CLA 180,White,100000,tagamo3 - new cairo,5/28/2025,2470637
Mercedes E 200 2001,Mercedes,E 200,Black,161000,6-Oct,5/28/2025,1078228
Mercedes B 180 2014,Mercedes,B 180,Black,130000,alexandria,5/28/2025,2311112
Mercedes C 180 2010,Mercedes,C 180,Silver,230000,maadi,5/28/2025,1736878
Mercedes E 200 1990,Mercedes,E 200,White,108000,cairo,5/28/2025,1426007
Mercedes C 180 2023,Mercedes,C 180,Dark red,15000,tagamo3 - new cairo,5/27/2025,1065416
Mercedes E 250 2010,Mercedes,E 250,Silver,119000,cairo,5/27/2025,2282047
Mercedes S 500 2002,Mercedes,S 500,Black,280000,cairo,5/27/2025,1714072
Mercedes C 180 2023,Mercedes,C 180,White,8000,6-Oct,5/27/2025,516650
Mercedes C 280 2008Verified User,Mercedes,C 280,Silver,150000,tagamo3 - new cairo,5/27/2025,1090214
Mercedes GLS 2024,Mercedes,GLS,Black,8000,nasr city,5/27/2025,1005267
Mercedes 200 1980,Mercedes,200,Green,,6-Oct,5/27/2025,1068436
Mercedes 230 1981,Mercedes,230,Olive,150000,sharqia,5/27/2025,1893152
Mercedes 200 1984,Mercedes,200,White,,10th of ramadan,5/27/2025,1786693
Mercedes 280 1981,Mercedes,280,Gray,200000,red sea,5/26/2025,1584928
Mercedes E 350 2019,Mercedes,E 350,Black,90000,hybrid,5/26/2025,2392915
Mercedes E 300 2021,Mercedes,E 300,White,103000,tagamo3 - new cairo,5/26/2025,2181319
Mercedes B 200 2013,Mercedes,B 200,Dark blue,115000,alexandria,5/26/2025,2340152
Mercedes 180 2007,Mercedes,180,Silver,240000,giza,5/25/2025,1186513
Mercedes C 250 2011,Mercedes,C 250,Silver,255000,alexandria,5/25/2025,2170852
Mercedes GLK 250 2014,Mercedes,GLK 250,Silver,197000,heliopolis,5/25/2025,960812
Mercedes E 200 2002,Mercedes,E 200,Champagne,156000,tagamo3 - new cairo,5/25/2025,1566542
Mercedes E 200 2021,Mercedes,E 200,Silver,10000,tagamo3 - new cairo,5/25/2025,2313174
Mercedes C 180 2010,Mercedes,C 180,Gray,250000,cairo,5/25/2025,2446983
Mercedes C 180 2005,Mercedes,C 180,Silver,359464,cairo,5/25/2025,400027
Mercedes C 200 2019,Mercedes,C 200,Silver,93000,al shorouk,5/25/2025,1307113
Mercedes C 180 1993,Mercedes,C 180,Blue,300000,heliopolis,5/25/2025,1075376
Mercedes C 180 2004,Mercedes,C 180,Dark blue,200000,madinaty,5/25/2025,776061
Mercedes C 250 2011,Mercedes,C 250,Black,214000,sheikh zayed city,5/25/2025,729864
Mercedes C 180 2009,Mercedes,C 180,Black,200000,faiyum,5/25/2025,1465057
Mercedes E 240 2003,Mercedes,E 240,Silver,355000,cairo,5/24/2025,1274473
Mercedes C 180 2003,Mercedes,C 180,Silver,180000,dokki,5/24/2025,1395317
Mercedes CLA 200 2024,Mercedes,CLA 200,White,,sheikh zayed city,5/24/2025,2000174
Mercedes B 150 2007,Mercedes,B 150,Black,170000,cairo,5/24/2025,2334987
Mercedes E 240 2003,Mercedes,E 240,Gray,430000,al shorouk,5/24/2025,1561839
Mercedes GLC 300 2020,Mercedes,GLC 300,Black,32000,alexandria,5/24/2025,2097807
Mercedes A 200 2021,Mercedes,A 200,Black,77000,sheikh zayed city,5/24/2025,1125126
Mercedes E 240 2001,Mercedes,E 240,Petroleum,,safaga,5/24/2025,1216289
Mercedes C 180 2015,Mercedes,C 180,Black,167000,sheraton,5/24/2025,1835543
Mercedes C 180 2019,Mercedes,C 180,Gray,80000,disabled,5/24/2025,407744
Mercedes C 180 2002,Mercedes,C 180,Silver,300000,tagamo3 - new cairo,5/24/2025,1705527
Mercedes C 180 2007,Mercedes,C 180,Silver,300000,pyramids gardens,5/24/2025,509396
Mercedes A 180 2021,Mercedes,A 180,Black,105000,tagamo3 - new cairo,5/23/2025,2205717
Mercedes E 200 2020,Mercedes,E 200,Black,25000,cairo,5/23/2025,1779193
Mercedes E 240 2003,Mercedes,E 240,Silver,206000,heliopolis,5/24/2025,1266547
Mercedes C 180 2007,Mercedes,C 180,Black,220000,tagamo3 - new cairo,5/23/2025,2068518
Mercedes 200 1990,Mercedes,200,Black,350000,sohag,5/23/2025,2479052
Mercedes C 180 2013,Mercedes,C 180,Black,140000,el haram,5/23/2025,1651604
Mercedes C 180 2014,Mercedes,C 180,Black,200000,cairo,5/22/2025,1162828
Mercedes C 180 1999,Mercedes,C 180,Dark green,,el marg,5/23/2025,1865469
Mercedes C 180 2018,Mercedes,C 180,White,117000,sheikh zayed city,5/22/2025,1654898
Mercedes EQS 450 2023,Mercedes,EQS 450,Blue,,electric,5/22/2025,1749040
Mercedes C 180 2013,Mercedes,C 180,Red,106000,tagamo3 - new cairo,3/22/2025,1532436
Mercedes CLA 180 2015,Mercedes,CLA 180,Red,135000,madinaty,5/22/2025,1579261
Mercedes C 180 2018,Mercedes,C 180,White,90000,cairo,5/22/2025,1416201
Mercedes GLC 300 2019,Mercedes,GLC 300,Dark grey,71000,cairo,5/22/2025,835846
Mercedes EQS 2023,Mercedes,EQS,Dark grey,,electric,5/22/2025,451022
Mercedes C 180 2023,Mercedes,C 180,Gray,8000,cairo,5/22/2025,2060005
Mercedes C 180 2013Verified User,Mercedes,C 180,White,140000,mokattam,5/21/2025,2429074
Mercedes E 300 2019,Mercedes,E 300,Black,9000,heliopolis,5/21/2025,1305555
Mercedes C Class 2023,Mercedes,C Class,Red,,tagamo3 - new cairo,5/21/2025,1194068
Mercedes C 200 2024,Mercedes,C 200,Gray,8000,sheikh zayed city,5/21/2025,539713
Mercedes E 200 AMG 2020,Mercedes,E 200 AMG,White,58000,cairo,5/21/2025,622746
Mercedes C 180 2015,Mercedes,C 180,Silver,160000,cairo,5/21/2025,1322956
Mercedes C 180 2018,Mercedes,C 180,Black,130000,cairo,5/21/2025,1067477
Mercedes C 200 AMG 2022,Mercedes,C 200 AMG,Black,37000,6-Oct,5/21/2025,1574696
Mercedes E 180 2018,Mercedes,E 180,Black,83000,tagamo3 - new cairo,5/21/2025,1408473
Mercedes GLC 200 2024,Mercedes,GLC 200,White,16000,nasr city,5/20/2025,1362975
Mercedes E 200 AMG 2019,Mercedes,E 200 AMG,Black,10000,6-Oct,5/20/2025,1770759
Mercedes C 180 2023,Mercedes,C 180,Gray,65000,6-Oct,5/20/2025,1121950
Mercedes C 200 AMG 2022,Mercedes,C 200 AMG,White,39000,heliopolis,5/20/2025,1752378
Mercedes C 240 2004,Mercedes,C 240,Silver,300000,nasr city,5/20/2025,1079243
Mercedes GLC 300 2021,Mercedes,GLC 300,Silver,124000,tagamo3 - new cairo,5/20/2025,948914
Mercedes GLS 2023,Mercedes,GLS,Silver,11000,heliopolis,5/20/2025,2428903
Mercedes C 180 2019,Mercedes,C 180,Black,30000,nasr city,5/20/2025,1058325
Mercedes C 300 2011,Mercedes,C 300,Black,105000,sheikh zayed city,5/20/2025,1926298
Mercedes E 180 2018,Mercedes,E 180,Silver,167000,tagamo3 - new cairo,5/19/2025,2294199
Mercedes E 250 2011,Mercedes,E 250,Black,370000,al shorouk,5/19/2025,1196599
Mercedes C 180 2019,Mercedes,C 180,Black,150000,cairo,5/19/2025,597208
Mercedes E 200 2023,Mercedes,E 200,Champagne,,cairo,5/19/2025,1965064
Mercedes C 250 2012,Mercedes,C 250,Black,160000,heliopolis,5/19/2025,868394
Mercedes EQS 450 2022,Mercedes,EQS 450,Black,9000,electric,5/19/2025,1328528
Mercedes GLE 2021,Mercedes,GLE,Black,74000,giza,5/19/2025,2204608
Mercedes A 150 2005,Mercedes,A 150,Silver,233000,pyramids gardens,5/19/2025,1472016
Mercedes C 200 2020,Mercedes,C 200,Black,110000,tagamo3 - new cairo,5/19/2025,2297240
Mercedes C 200 AMG 2020,Mercedes,C 200 AMG,Black,110000,tagamo3 - new cairo,4/27/2025,1813302
Mercedes B 200 2013,Mercedes,B 200,Gray,155000,10th of ramadan,5/19/2025,2419366
Mercedes E 320 2003,Mercedes,E 320,Black,155000,maadi,5/18/2025,2396397
Mercedes C 180 2000,Mercedes,C 180,Other,300000,tagamo3 - new cairo,5/18/2025,1612413
Mercedes E 200 2021,Mercedes,E 200,Black,35000,obour city,5/18/2025,1223603
Mercedes C 180 2014,Mercedes,C 180,White,200000,cairo,5/18/2025,2483758
Mercedes C 180 2018,Mercedes,C 180,White,138000,tagamo3 - new cairo,4/22/2025,677660
Mercedes C 200 2023Verified User,Mercedes,C 200,Dark grey,18000,cairo,5/18/2025,2272644
Mercedes S 350 2010,Mercedes,S 350,Black,45000,nasr city,5/18/2025,1412804
Mercedes E 300 2020Verified User,Mercedes,E 300,Silver,110000,heliopolis,5/18/2025,1078826
Mercedes CLA 180 2015,Mercedes,CLA 180,Black,95500,6-Oct,5/18/2025,1060255
Mercedes C 180 2023,Mercedes,C 180,Red,4000,6-Oct,5/17/2025,1769236
Mercedes C 180 2023,Mercedes,C 180,Black,19000,madinaty,5/18/2025,2434469
Mercedes C 180 2009,Mercedes,C 180,Black,69000,damanhur,5/17/2025,1502655
Mercedes 200 1983,Mercedes,200,Red,200000,mokattam,5/17/2025,1954642
Mercedes C 180 2015,Mercedes,C 180,Black,170000,cairo,5/17/2025,2082309
Mercedes C 180 2009Verified User,Mercedes,C 180,Black,200000,cairo,5/17/2025,693140
Mercedes GLC 350 2018,Mercedes,GLC 350,Black,86000,hybrid,5/17/2025,1896094
Mercedes C 180 2024,Mercedes,C 180,Silver,22000,tagamo3 - new cairo,5/17/2025,1205056
Mercedes E 280 2007,Mercedes,E 280,Silver,160000,6-Oct,5/17/2025,2269490
Mercedes C 180 2020,Mercedes,C 180,Silver,17000,tagamo3 - new cairo,5/17/2025,1795462
Mercedes C 200 2005,Mercedes,C 200,Silver,121000,alexandria,5/17/2025,2147139
Mercedes A 180 2021,Mercedes,A 180,Black,80000,mokattam,5/17/2025,755693
Mercedes 180 1999,Mercedes,180,Black,175000,maadi,5/16/2025,2350132
Mercedes 200 1986,Mercedes,200,Bronze,,damanhur,5/17/2025,1156924
Mercedes CLA 200 2022,Mercedes,CLA 200,Silver,57000,tagamo3 - new cairo,5/16/2025,1807846
Mercedes C 200 AMG 2019Verified User,Mercedes,C 200 AMG,Dark grey,90000,mohandessin,5/16/2025,2025608
Mercedes C 200 2020,Mercedes,C 200,Petroleum,108000,dokki,5/16/2025,1319239
Mercedes S 300 1992,Mercedes,S 300,Bronze,120000,nasr city,5/16/2025,1604913
Mercedes E 200 2013,Mercedes,E 200,Black,250000,tagamo3 - new cairo,5/15/2025,1369253
Mercedes GLE 2023,Mercedes,GLE,Black,13600,cairo,5/15/2025,1955873
Mercedes GLC 200 2020,Mercedes,GLC 200,White,150000,heliopolis,5/15/2025,894703
Mercedes C 280 2009,Mercedes,C 280,Silver,135000,alexandria,5/15/2025,1402032
Mercedes GLC 300 2019,Mercedes,GLC 300,Gray,150000,tagamo3 - new cairo,5/15/2025,909029
Mercedes 230 1980,Mercedes,230,Black,223000,sohag,5/15/2025,2113351
Mercedes C 240 2003,Mercedes,C 240,Dark blue,,banha,5/15/2025,1593804
Mercedes GLA 200 2015,Mercedes,GLA 200,Gray,122000,maadi,5/14/2025,474905
Mercedes GLC 200 2020,Mercedes,GLC 200,Black,45000,tagamo3 - new cairo,5/14/2025,487766
Mercedes C 180 2022,Mercedes,C 180,Silver,,el haram,4/20/2025,1923221
Mercedes GLA 200 2018Verified User,Mercedes,GLA 200,Red,135000,nasr city,5/13/2025,712928
Mercedes 200 1981,Mercedes,200,Black,,qena,5/13/2025,793225
Mercedes C 200 2002,Mercedes,C 200,Silver,280000,alexandria,5/13/2025,1821441
Mercedes CLA 200 2021,Mercedes,CLA 200,White,120000,nasr city,5/13/2025,572694
Mercedes C 180 2023,Mercedes,C 180,Gray,45000,nasr city,5/13/2025,743773
Mercedes E 200 1996,Mercedes,E 200,Petroleum,170000,gharbia,5/13/2025,998678
Mercedes E 200 2021,Mercedes,E 200,Dark grey,55000,cairo,5/1/2025,2116637
Mercedes GLA 200 2018,Mercedes,GLA 200,Silver,140000,cairo,5/2/2025,1363641
Mercedes E 180 2020,Mercedes,E 180,Black,60000,alexandria,5/13/2025,1157932
Mercedes GLK 350 2013,Mercedes,GLK 350,White,300000,cairo,5/13/2025,2283246
Mercedes C 180 1997,Mercedes,C 180,Dark blue,400000,qalyubia,5/12/2025,2237568
Mercedes CLA 180 2014,Mercedes,CLA 180,Red,197000,al shorouk,5/12/2025,442580
Mercedes B 150 2009,Mercedes,B 150,Blue,238000,tagamo3 - new cairo,5/12/2025,2183399
Mercedes C 180 2010,Mercedes,C 180,Silver,92800,el katameya,5/12/2025,1797096
Mercedes C 250 2011,Mercedes,C 250,Dark red,235000,maadi,5/12/2025,616560
Mercedes S 500 2008,Mercedes,S 500,Black,268000,heliopolis,5/12/2025,1354822
Mercedes C 200 2001,Mercedes,C 200,White,300000,giza,5/12/2025,1004104
Mercedes E 200 1999,Mercedes,E 200,Silver,298000,cairo,5/12/2025,1861139
Mercedes 200 1985,Mercedes,200,White,230000,el senbellawein,5/11/2025,1680898
Mercedes C 280 2008,Mercedes,C 280,Black,233000,taxi,5/11/2025,452081
Mercedes C 180 2009,Mercedes,C 180,Black,190000,asyut,5/11/2025,901135
Mercedes B 150 2006,Mercedes,B 150,Blue,244000,cairo,5/11/2025,887357
Mercedes C 200 2021,Mercedes,C 200,Red,37000,tagamo3 - new cairo,5/10/2025,1243042
Mercedes E 280 2008,Mercedes,E 280,Silver,,el marg,5/11/2025,1689846
Mercedes 300 1990,Mercedes,300,Black,,shobra,5/10/2025,1924526
Mercedes E 200 2003,Mercedes,E 200,Gray,290000,tagamo3 - new cairo,5/10/2025,2462119
Mercedes E 180 2016,Mercedes,E 180,White,85000,tagamo3 - new cairo,5/10/2025,1392550
Mercedes E 200 2021,Mercedes,E 200,Black,22000,tagamo3 - new cairo,5/9/2025,1242828
Mercedes 200 1981,Mercedes,200,White,200000,banha,5/9/2025,545303
Mercedes 230 1980,Mercedes,230,Bronze,,cairo,5/9/2025,2014424
Mercedes 200 1985,Mercedes,200,Bronze,,10th of ramadan,5/9/2025,1049215
Mercedes B 150 2007,Mercedes,B 150,Black,275000,maadi,5/9/2025,916619
Mercedes A 150 2005,Mercedes,A 150,Silver,90000,sheikh zayed city,5/8/2025,747292
Mercedes E 180 2019,Mercedes,E 180,Black,60000,al shorouk,5/8/2025,1530760
Mercedes C 200 2002,Mercedes,C 200,Dark blue,200000,shobra,5/8/2025,1079003
Mercedes GLA 200 2019,Mercedes,GLA 200,Silver,45000,alexandria,5/8/2025,1966496
Mercedes GLA 200 2020,Mercedes,GLA 200,Petroleum,140000,alexandria,5/8/2025,516893
Mercedes 200 1980,Mercedes,200,Red,500000,mansoura,5/8/2025,1419837
Mercedes C 180 2012Verified User,Mercedes,C 180,Black,230000,nasr city,5/7/2025,879610
Mercedes A 200 2020,Mercedes,A 200,Silver,95000,heliopolis,5/7/2025,1171291
Mercedes E 200 1998,Mercedes,E 200,White,105000,alexandria,5/7/2025,1040114
Mercedes 230 1979,Mercedes,230,Dark green,,giza,5/7/2025,1469862
Mercedes C 180 2002,Mercedes,C 180,Olive,318000,shibin el kom,5/7/2025,1871468
Mercedes C 180 2010,Mercedes,C 180,Dark grey,310000,heliopolis,5/7/2025,507169
Mercedes C 180 2024,Mercedes,C 180,Dark red,8500,tagamo3 - new cairo,5/7/2025,2480280
Mercedes C 250 2011,Mercedes,C 250,Dark blue,160000,alexandria,5/7/2025,679446
Mercedes GLC 200 AMG Imported 2024,Mercedes,GLC 200 AMG Imported,Black,,maadi,5/6/2025,1517704
Mercedes GLC 200 2023,Mercedes,GLC 200,Blue,4800,tagamo3 - new cairo,5/6/2025,1689492
Mercedes C 180 2010,Mercedes,C 180,White,187000,tagamo3 - new cairo,5/6/2025,847331
Mercedes C 180 2023Verified User,Mercedes,C 180,White,25000,tagamo3 - new cairo,5/6/2025,1534560
Mercedes C 180 2009,Mercedes,C 180,Gray,120000,10th of ramadan,5/6/2025,689072
Mercedes C 240 2004,Mercedes,C 240,Silver,250000,al shorouk,5/6/2025,462753
Mercedes GLA 200 2016,Mercedes,GLA 200,White,147000,madinaty,5/5/2025,910735
Mercedes C 180 2001,Mercedes,C 180,Silver,190000,tagamo3 - new cairo,5/5/2025,470667
Mercedes 200 1979,Mercedes,200,White,275000,cairo,5/5/2025,1069883
Mercedes CLA 200 2021,Mercedes,CLA 200,Black,40000,cairo,5/5/2025,2331288
Mercedes E 200 2022,Mercedes,E 200,Black,111000,cairo,5/4/2025,1653313
Mercedes C 180 2022,Mercedes,C 180,Black,37000,tagamo3 - new cairo,5/4/2025,1584754
Mercedes E 200 2013,Mercedes,E 200,White,140000,alexandria,5/4/2025,1536930
Mercedes 200 1981,Mercedes,200,White,,damanhur,5/4/2025,2264918
Mercedes C 250 2010,Mercedes,C 250,Black,138000,alexandria,5/4/2025,2263870
Mercedes A 200 2021,Mercedes,A 200,Silver,60000,tagamo3 - new cairo,5/4/2025,1863144
Mercedes C 180 2013,Mercedes,C 180,Black,220000,cairo,5/4/2025,1267340
Mercedes C 180 2002,Mercedes,C 180,Black,281000,cairo,5/4/2025,582458
Mercedes C 180 2013,Mercedes,C 180,White,230000,madinaty,5/4/2025,1313604
Mercedes 200 1983,Mercedes,200,Gold,300000,10th of ramadan,5/3/2025,1382542
Mercedes E 180 2019,Mercedes,E 180,Dark blue,140000,tagamo3 - new cairo,5/3/2025,819717
Mercedes B 150 2009,Mercedes,B 150,Silver,235000,tagamo3 - new cairo,5/3/2025,1575940
Mercedes E 200 2021,Mercedes,E 200,Silver,27000,tagamo3 - new cairo,5/3/2025,1667968
Mercedes GLA 200 2021,Mercedes,GLA 200,Silver,93000,tagamo3 - new cairo,5/3/2025,1811651
Mercedes 230 1982,Mercedes,230,White,200000,giza,5/3/2025,2072384
Mercedes C 280 2008,Mercedes,C 280,Black,317000,6-Oct,5/3/2025,1553252
Mercedes B 200 2022,Mercedes,B 200,Black,26000,6-Oct,5/2/2025,1859803
Mercedes E 240 2003,Mercedes,E 240,Cyan,240135,cairo,5/2/2025,1679965
Mercedes GLE 2023,Mercedes,GLE,Gray,,heliopolis,5/2/2025,1787044
Mercedes C 180 2013,Mercedes,C 180,Black,200000,nasr city,5/1/2025,1349140
Mercedes B 150 2007,Mercedes,B 150,Dark blue,250000,el haram,5/1/2025,1066764
Mercedes B 180 2021,Mercedes,B 180,Black,30000,tagamo3 - new cairo,5/1/2025,975338
Mercedes SEL 280 1982,Mercedes,SEL 280,Red,200000,mansoura,5/1/2025,2035599
Mercedes C 200 AMG 2024,Mercedes,C 200 AMG,Black,9600,tagamo3 - new cairo,5/1/2025,1766051
Mercedes 190 1984,Mercedes,190,Other,110000,tanta,5/1/2025,1015065
Mercedes 200 1984,Mercedes,200,Green,300000,sharqia,5/1/2025,2321531
Mercedes B 180 2015,Mercedes,B 180,Black,215000,6-Oct,5/1/2025,1379385
Mercedes C 180 2011,Mercedes,C 180,White,150000,tanta,4/30/2025,2198724
Mercedes C 200 AMG 2023,Mercedes,C 200 AMG,Black,19800,maadi,4/30/2025,2129424
Mercedes B 150 2007,Mercedes,B 150,Black,176000,alexandria,4/29/2025,1962992
Mercedes E 200 2025,Mercedes,E 200,Black,,heliopolis,4/29/2025,1065425
Mercedes C 180 2000,Mercedes,C 180,Dark blue,317000,giza,4/29/2025,1561441
Mercedes GLC 200 2021,Mercedes,GLC 200,Black,45700,tagamo3 - new cairo,4/29/2025,1757199
Mercedes E 200 2005,Mercedes,E 200,Gold,400000,tagamo3 - new cairo,4/29/2025,1994157
Mercedes C 180 2010,Mercedes,C 180,Black,133000,nasr city,4/29/2025,429961
Mercedes E 200 2024,Mercedes,E 200,Black,11000,sheikh zayed city,4/28/2025,1176774
Mercedes C 180 2012,Mercedes,C 180,Black,260000,obour city,4/28/2025,630052
Mercedes C 180 2012,Mercedes,C 180,Black,154000,heliopolis,4/28/2025,2203649
Mercedes E 200 2021,Mercedes,E 200,Silver,28000,tagamo3 - new cairo,4/28/2025,489162
Mercedes C 200 2008,Mercedes,C 200,Silver,200000,hurghada,4/28/2025,1975374
Mercedes E 200 1998,Mercedes,E 200,White,200000,mansoura,4/28/2025,2296963
Mercedes C 200 2008,Mercedes,C 200,Silver,280000,6-Oct,4/28/2025,2063861
Mercedes 200 1979,Mercedes,200,White,275123,tagamo3 - new cairo,4/28/2025,2350325
Mercedes B 160 2011,Mercedes,B 160,Red,105000,tagamo3 - new cairo,4/27/2025,1160617
Mercedes C 200 AMG 2023,Mercedes,C 200 AMG,Dark grey,38500,6-Oct,4/27/2025,1605121
Mercedes C 180 2015,Mercedes,C 180,Silver,54085,tagamo3 - new cairo,4/27/2025,1232637
Mercedes E 300 2010,Mercedes,E 300,Silver,185000,tagamo3 - new cairo,4/26/2025,1177102
Mercedes C 280 2008,Mercedes,C 280,Silver,185000,cairo,4/26/2025,2424895
Mercedes C 180 2022,Mercedes,C 180,Black,35000,tagamo3 - new cairo,4/26/2025,752259
Mercedes GLA 200 2021,Mercedes,GLA 200,White,70000,tagamo3 - new cairo,4/26/2025,792570
Mercedes 190 1984,Mercedes,190,Cyan,200000,alexandria,4/26/2025,675037
Mercedes 200 1980,Mercedes,200,Gold,,6-Oct,4/26/2025,2060704
Mercedes E 180 2019,Mercedes,E 180,Black,175000,cairo,4/25/2025,2036963
Mercedes GLC 300 2021,Mercedes,GLC 300,Gray,45000,dokki,4/25/2025,1835991
Mercedes B 180 2014,Mercedes,B 180,White,200000,cairo,4/25/2025,858866
Mercedes CLA AMG 2018,Mercedes,CLA AMG,Silver,70000,cairo,4/11/2025,2252000
Mercedes 200 1980,Mercedes,200,Brown,,port said,4/24/2025,976725
Mercedes C 180 2009,Mercedes,C 180,Black,291000,sheikh zayed city,4/24/2025,610347
Mercedes B 200 2013,Mercedes,B 200,Silver,140000,tagamo3 - new cairo,4/24/2025,1763721
Mercedes C 180 2005,Mercedes,C 180,Silver,200000,cairo,4/24/2025,2375884
Mercedes C 200 2022,Mercedes,C 200,White,75000,al shorouk,4/24/2025,1829061
Mercedes C 200 2001,Mercedes,C 200,Black,330000,cairo,4/24/2025,1408306
Mercedes 200 2006,Mercedes,200,Black,240000,abu kabir,4/24/2025,2309772
Mercedes C 200 2009,Mercedes,C 200,Silver,305000,pyramids gardens,4/23/2025,760005
Mercedes E 200 1994,Mercedes,E 200,Red,,el bagour,4/23/2025,2076311
Mercedes 200 1979,Mercedes,200,Gold,,monufia,4/23/2025,432920
Mercedes C 280 2009,Mercedes,C 280,Gold,259000,alexandria,4/23/2025,1378189
Mercedes 200 1980,Mercedes,200,White,344000,cairo,4/22/2025,2428435
Mercedes C 200 2008,Mercedes,C 200,Black,180000,tagamo3 - new cairo,4/22/2025,1566177
Mercedes 280 1984,Mercedes,280,White,200000,alexandria,4/22/2025,2285046
Mercedes GLA 200 2019Verified User,Mercedes,GLA 200,Silver,165000,6-Oct,4/22/2025,2472191
Mercedes C 180 2007,Mercedes,C 180,Black,262000,sheraton,4/22/2025,2463164
Mercedes C 180 2007,Mercedes,C 180,Silver,163000,6-Oct,4/21/2025,449901
Mercedes C 300 2009,Mercedes,C 300,Black,220000,qalyubia,4/21/2025,421268
Mercedes C 180 2018Verified User,Mercedes,C 180,White,100000,mohandessin,4/20/2025,1270825
Mercedes S 500 2007,Mercedes,S 500,Black,225000,cairo,4/20/2025,659073
Mercedes E 230 1980,Mercedes,E 230,Gray,840000,6-Oct,4/20/2025,436913
Mercedes GLK 250 2015,Mercedes,GLK 250,Black,347000,heliopolis,4/20/2025,594503
Mercedes 200 1977,Mercedes,200,White,280000,mit ghamr,4/20/2025,2424556
Mercedes C 200 2023,Mercedes,C 200,Black,12000,nasr city,4/18/2025,1738205
Mercedes 200 1996,Mercedes,200,Dark blue,368000,pyramids gardens,4/20/2025,1240725
Mercedes C 180 2019,Mercedes,C 180,Silver,164000,heliopolis,4/20/2025,1423648
Mercedes GLE 2023,Mercedes,GLE,Black,13000,heliopolis,4/20/2025,1436077
Mercedes GLC 300 2025Verified User,Mercedes,GLC 300,Black,,sheraton,4/20/2025,1982159
Mercedes C 250 2010,Mercedes,C 250,White,225000,nasr city,4/19/2025,2044852
Mercedes A 200 2021,Mercedes,A 200,Dark grey,47000,alexandria,4/19/2025,1487033
Mercedes E 200 2017,Mercedes,E 200,Black,190000,mohandessin,4/19/2025,673385
Mercedes E 250 2018Verified User,Mercedes,E 250,Black,98000,cairo,4/18/2025,1166258
Mercedes CLA 200 2021,Mercedes,CLA 200,Black,90000,6-Oct,4/18/2025,2456968
Mercedes C 180 2022,Mercedes,C 180,Red,,heliopolis,4/18/2025,1145761
Mercedes C 180 2019,Mercedes,C 180,Black,150000,cairo,4/18/2025,1223583
Mercedes A 200 2019,Mercedes,A 200,White,141000,madinaty,4/18/2025,1144136
Mercedes 300 1990,Mercedes,300,Silver,270000,giza,4/18/2025,1512365
Mercedes C 180 2013,Mercedes,C 180,Silver,94000,6-Oct,4/17/2025,969739
Mercedes C 250 2016,Mercedes,C 250,Blue,950000,marsa matrouh,4/17/2025,1898481
Mercedes E 200 1987,Mercedes,E 200,Dark green,300000,asyut,4/17/2025,2442201
Mercedes S 280 1984,Mercedes,S 280,Brown,190000,shobra,4/17/2025,1609788
Mercedes E 200 1986,Mercedes,E 200,Gold,,asyut,4/17/2025,727719
Mercedes CLA 200 2020Verified User,Mercedes,CLA 200,Gray,90000,tagamo3 - new cairo,4/17/2025,1776115
Mercedes 190 1986,Mercedes,190,Silver,340000,cairo,4/17/2025,1115411
Mercedes E 300 2010,Mercedes,E 300,Silver,283000,asyut,4/17/2025,890389
Mercedes C 300 2020,Mercedes,C 300,White,53000,heliopolis,4/17/2025,2336026
Mercedes C 180 2020,Mercedes,C 180,Bronze,130000,6-Oct,4/17/2025,1366331
Mercedes C 200 2019,Mercedes,C 200,White,120000,obour city,4/16/2025,1670513
Mercedes E 280 2006,Mercedes,E 280,Gold,300250,mansoura,4/12/2025,1862251
Mercedes C 180 2000,Mercedes,C 180,Gold,403000,mohandessin,4/16/2025,727015
Mercedes B 200 2013,Mercedes,B 200,White,142000,alexandria,4/16/2025,1521041
Mercedes 230 1981,Mercedes,230,Olive,230000,cairo,4/15/2025,1781230
Mercedes C 350 2008,Mercedes,C 350,Black,275000,ismailia,4/15/2025,1427468
Mercedes C 180 2023,Mercedes,C 180,Blue,34000,cairo,4/15/2025,716487
Mercedes C 250 2010,Mercedes,C 250,Black,181000,beni suef,4/15/2025,1125180
Mercedes C 200 2008,Mercedes,C 200,Silver,275000,6-Oct,4/15/2025,408246
Mercedes C 180 2020,Mercedes,C 180,Gray,54000,cairo,4/15/2025,2164742
Mercedes E 200 2007,Mercedes,E 200,Black,210000,sheikh zayed city,4/14/2025,1631316
Mercedes E 300 2025Verified User,Mercedes,E 300,Black,10,hybrid,4/14/2025,819223
Mercedes E 200 2025,Mercedes,E 200,Black,,tagamo3 - new cairo,4/13/2025,570057
Mercedes B 180 2016,Mercedes,B 180,Black,110000,el haram,4/13/2025,601712
Mercedes S 300 1992,Mercedes,S 300,White,300000,cairo,3/7/2025,573346
Mercedes GLE 2022,Mercedes,GLE,Black,3910,6-Oct,4/13/2025,1757252
Mercedes A 150 2005,Mercedes,A 150,Silver,173000,cairo,4/13/2025,1362896
Mercedes C 300 1989,Mercedes,C 300,Black,50000,el marg,4/13/2025,2420561
Mercedes C 180 2013,Mercedes,C 180,Black,200000,giza,4/12/2025,1943280
Mercedes B 150 2009,Mercedes,B 150,Blue,238000,cairo,4/12/2025,2406213
Mercedes C 180 2003,Mercedes,C 180,Silver,156000,cairo,4/12/2025,444724
Mercedes E 200 1985,Mercedes,E 200,Beige,176000,asyut,4/12/2025,1355475
Mercedes E 200 1978,Mercedes,E 200,Gold,,cairo,4/12/2025,666115
Mercedes C 180 2012,Mercedes,C 180,Silver,218000,sheikh zayed city,4/12/2025,2441375
Mercedes GLC 300 2021,Mercedes,GLC 300,Black,70000,ismailia,4/12/2025,717227
Mercedes C 180 2009,Mercedes,C 180,Black,295000,helwan,4/12/2025,598883
Mercedes GLA 200 2015,Mercedes,GLA 200,Brown,100000,cairo,4/11/2025,2309990
Mercedes 200 1984,Mercedes,200,Silver,,dakahlia,4/11/2025,2481241
Mercedes CLA 180 2015,Mercedes,CLA 180,Black,220000,mohandessin,4/11/2025,782058
Mercedes E 53 AMG  2022,Mercedes,E 53 AMG,Black,18500,tagamo3 - new cairo,4/11/2025,611141
Mercedes GLA 200 2022,Mercedes,GLA 200,Silver,145000,obour city,4/11/2025,449561
Mercedes GLK 250 2015,Mercedes,GLK 250,Silver,180000,cairo,4/10/2025,1245004
Mercedes C 180 2016,Mercedes,C 180,Silver,56000,nasr city,4/10/2025,1407975
Mercedes GLC 200 2021,Mercedes,GLC 200,Black,89000,tagamo3 - new cairo,4/10/2025,2306921
Mercedes C 200 AMG 2023,Mercedes,C 200 AMG,Gray,30000,alexandria,4/10/2025,2375967
Mercedes E 180 2016,Mercedes,E 180,Dark grey,82000,heliopolis,4/10/2025,842562
Mercedes 230 1977Verified User,Mercedes,230,Green,300000,cairo,4/10/2025,2173025
Mercedes A 200 2020,Mercedes,A 200,Black,97000,al shorouk,4/10/2025,901447
Mercedes C 200 AMG 2019,Mercedes,C 200 AMG,White,109000,tagamo3 - new cairo,4/9/2025,607591
Mercedes E 200 1991,Mercedes,E 200,Bronze,170000,gharbia,4/9/2025,879353
Mercedes C 200 2024,Mercedes,C 200,Silver,14000,tagamo3 - new cairo,4/9/2025,712115
Mercedes C 180 1999,Mercedes,C 180,Blue,,tagamo3 - new cairo,4/9/2025,1039173
Mercedes C 200 2022,Mercedes,C 200,White,23900,maadi,4/8/2025,2214218
Mercedes C 200 AMG 2022,Mercedes,C 200 AMG,Gray,7000,madinaty,4/8/2025,783320
Mercedes C 180 2020,Mercedes,C 180,White,95000,sheikh zayed city,4/8/2025,1838051
Mercedes EQA 2023,Mercedes,EQA,White,20000,electric,4/8/2025,1007189
Mercedes C 180 2019,Mercedes,C 180,Black,106000,heliopolis,4/8/2025,613259
Mercedes C 180 2023,Mercedes,C 180,Silver,15000,nasr city,4/8/2025,1465040
Mercedes B 150 2009,Mercedes,B 150,Dark blue,230000,damanhur,4/8/2025,717706
Mercedes CLA 200 2020,Mercedes,CLA 200,Dark grey,60000,sheikh zayed city,4/8/2025,419064
Mercedes 190 1983,Mercedes,190,Silver,,sohag,4/8/2025,1652137
Mercedes E 200 1999,Mercedes,E 200,Gray,300000,tanta,4/8/2025,1161217
Mercedes EQE 2024Verified User,Mercedes,EQE,Black,2000,electric,4/7/2025,1192796
Mercedes C 180 2013,Mercedes,C 180,White,262000,cairo,3/24/2025,511006
Fiat Tipo 2020,Fiat,Tipo,Mocha,120000,cairo,6/2/2025,145421
Fiat 500 X 2017,Fiat,500 X,Silver,111000,6-Oct,6/2/2025,162738
Fiat Tipo 2024,Fiat,Tipo,Dark blue,22000,tagamo3 - new cairo,6/2/2025,131472
Fiat 500 X 2019,Fiat,500 X,White,110000,tagamo3 - new cairo,6/2/2025,385442
Fiat Shahin 2002,Fiat,Shahin,Silver,200000,6-Oct,6/2/2025,163976
Fiat Tipo 2020Verified User,Fiat,Tipo,Dark blue,150000,tagamo3 - new cairo,6/2/2025,134679
Fiat 132 1975,Fiat,132,Blue,,tagamo3 - new cairo,6/2/2025,133353
Fiat Panda 2017,Fiat,Panda,Silver,127000,nasr city,6/2/2025,163657
Fiat Tipo 2021,Fiat,Tipo,Dark green,133000,heliopolis,6/2/2025,350324
Fiat Punto 2015,Fiat,Punto,Black,210000,cairo,6/2/2025,335562
Fiat Shahin 2008,Fiat,Shahin,Silver,150000,shobra,6/2/2025,252036
Fiat Tipo 2021,Fiat,Tipo,Dark blue,80000,sheikh zayed city,6/2/2025,189826
Fiat Tipo 2021,Fiat,Tipo,Silver,78000,6-Oct,6/2/2025,294882
Fiat Dogan 1993,Fiat,Dogan,Black,20000,cairo,6/2/2025,283612
Fiat 500 X 2017,Fiat,500 X,Blue,220000,tagamo3 - new cairo,6/2/2025,134590
Fiat Shahin 1996,Fiat,Shahin,Green,,cairo,6/2/2025,309786
Fiat Grand Punto 2017,Fiat,Grand Punto,White,110000,nasr city,6/2/2025,281706
Fiat Polonez 1990,Fiat,Polonez,White,,cairo,6/2/2025,275045
Fiat Tipo 2021,Fiat,Tipo,Brown,85000,el gamaleya,6/2/2025,155243
Fiat Tipo 2021,Fiat,Tipo,Dark blue,87000,sheraton,6/2/2025,325505
Fiat Dogan 1994,Fiat,Dogan,Dark red,,alexandria,6/2/2025,335429
Fiat 128 1991,Fiat,128,Silver,77000,alexandria,6/2/2025,223760
Fiat Tipo 2020,Fiat,Tipo,Gold,95000,kafr el-dawwar,6/1/2025,215073
Fiat Shahin 2000,Fiat,Shahin,Green,,alexandria,6/1/2025,255296
Fiat Tipo 2021,Fiat,Tipo,Silver,117000,cairo,6/1/2025,156156
Fiat Siena 2002,Fiat,Siena,White,128000,tagamo3 - new cairo,6/1/2025,272279
Fiat Tempra 2000,Fiat,Tempra,Cyan,130000,6-Oct,6/1/2025,288232
Fiat Siena 2002,Fiat,Siena,Black,,hadayek october,6/1/2025,375833
Fiat Tipo 2020,Fiat,Tipo,Dark blue,122000,obour city,6/1/2025,339270
Fiat 128 1981,Fiat,128,White,,10th of ramadan,6/1/2025,259050
Fiat 128 1982,Fiat,128,White,,nasr city,6/1/2025,131290
Fiat Palio 2006,Fiat,Palio,Champagne,220000,maadi,6/1/2025,144545
Fiat Grand Punto 2011,Fiat,Grand Punto,Black,200000,damietta,6/1/2025,160741
Fiat Shahin 1998,Fiat,Shahin,Other,,giza,6/1/2025,165403
Fiat 127 1983,Fiat,127,Red,48000,el salam city,5/31/2025,215673
Fiat 128 1992,Fiat,128,Red,,al shorouk,5/31/2025,159043
Fiat 128 1983,Fiat,128,Red,90000,nasr city,5/31/2025,358493
Fiat 132 1976,Fiat,132,Red,,obour city,5/31/2025,128743
Fiat 128 1989,Fiat,128,White,,alexandria,5/31/2025,300251
Fiat 128 1992,Fiat,128,White,43000,qalyub,5/31/2025,200722
Fiat Shahin 2002,Fiat,Shahin,White,,sohag,5/31/2025,399212
Fiat Tipo 2018,Fiat,Tipo,Red,150000,giza,5/30/2025,338347
Fiat 128 1986,Fiat,128,Blue,,cairo,5/30/2025,263009
Fiat Shahin 1993,Fiat,Shahin,Black,58000,nasr city,5/30/2025,223153
Fiat 128 1991,Fiat,128,Beige,100000,pyramids gardens,5/30/2025,235011
Fiat Tipo 2021,Fiat,Tipo,Mocha,129000,hadayek october,5/30/2025,325737
Fiat 128 1980,Fiat,128,Green,,el haram,5/30/2025,397838
Fiat Tipo 2020,Fiat,Tipo,Dark blue,175900,el haram,5/30/2025,258880
Fiat Punto 2002,Fiat,Punto,Silver,230000,maadi,5/30/2025,369948
Fiat Nova 2006,Fiat,Nova,Other,,faqous,5/30/2025,394211
Fiat Other 1984,Fiat,Other,Beige,120000,dokki,5/30/2025,325721
Fiat Tipo 2022,Fiat,Tipo,Gray,34000,tagamo3 - new cairo,5/30/2025,298553
Fiat Tipo 2021,Fiat,Tipo,White,100000,al shorouk,5/30/2025,240950
Fiat Tipo 2022,Fiat,Tipo,White,30000,beheira,5/29/2025,351873
Fiat Tipo 2019,Fiat,Tipo,Silver,117000,tanta,5/29/2025,284887
Fiat Uno 2007,Fiat,Uno,Other,195000,hadayek october,5/29/2025,187662
Fiat Tipo 2021,Fiat,Tipo,Dark grey,94000,el minya,5/29/2025,308873
Fiat Tipo 2019,Fiat,Tipo,Red,129000,tagamo3 - new cairo,5/29/2025,335317
Fiat Siena 2004,Fiat,Siena,Cyan,290000,ismailia,5/29/2025,356674
Fiat 132 1977,Fiat,132,Dark blue,,cairo,5/29/2025,356769
Fiat Shahin 1998,Fiat,Shahin,Dark red,,cairo,5/29/2025,295675
Fiat Shahin 2001,Fiat,Shahin,Other,200000,beni suef,5/28/2025,186616
Fiat Tipo 2021,Fiat,Tipo,Silver,10000,kafr el-sheikh,5/28/2025,384774
Fiat Tipo 2020,Fiat,Tipo,Black,45000,aswan,5/28/2025,247661
Fiat Tipo 2020,Fiat,Tipo,Green,88000,zagazig,5/28/2025,122162
Fiat 128 1983,Fiat,128,White,,el salam city,5/28/2025,136299
Fiat Shahin 1992,Fiat,Shahin,White,,el haram,5/28/2025,320071
Fiat 127 1985,Fiat,127,Red,,cairo,5/27/2025,145125
Fiat 128 2001,Fiat,128,Red,,6-Oct,5/27/2025,228682
Fiat Doblo 2018,Fiat,Doblo,Red,170000,dokki,5/27/2025,154814
Fiat Shahin 2002,Fiat,Shahin,Silver,100000,zagazig,5/27/2025,344889
Fiat Shahin 2002,Fiat,Shahin,Green,,6-Oct,5/27/2025,356181
Fiat Shahin 2006,Fiat,Shahin,Red,73000,el marg,5/27/2025,176728
Fiat Tipo 2019,Fiat,Tipo,Silver,90000,cairo,5/27/2025,208055
Fiat 127 1985,Fiat,127,Green,,damietta,5/27/2025,296168
Fiat Shahin 2000,Fiat,Shahin,Other,,cairo,5/26/2025,279521
Fiat Petra 2003Verified User,Fiat,Petra,Green,,giza,5/26/2025,224563
Fiat Uno 1994,Fiat,Uno,Other,150000,damietta,5/26/2025,161697
Fiat Linea 2017,Fiat,Linea,Dark red,195021,mansoura,5/26/2025,180428
Fiat Tempra 1992,Fiat,Tempra,Silver,133000,shobra,5/26/2025,337955
Fiat 128 2006,Fiat,128,White,72000,ismailia,5/26/2025,173352
Fiat Tempra 1997,Fiat,Tempra,Dark green,200000,el minya,5/26/2025,370381
Fiat 128 1976,Fiat,128,Blue,,cairo,5/26/2025,216711
Fiat Shahin 2007,Fiat,Shahin,White,140000,10th of ramadan,5/25/2025,385278
Fiat 132 1975,Fiat,132,Cyan,,mit ghamr,5/25/2025,140714
Fiat Tipo 2020,Fiat,Tipo,Dark red,40000,new administrative capital,5/25/2025,207985
Fiat 128 1988,Fiat,128,Other,,imbaba,5/25/2025,179203
Fiat 128 1990,Fiat,128,White,,qalyubia,5/25/2025,152982
Fiat Shahin 1997,Fiat,Shahin,Silver,,helwan,5/25/2025,244601
Fiat 127 1987,Fiat,127,White,,obour city,5/25/2025,299833
Fiat Linea 2016,Fiat,Linea,White,210000,giza,5/25/2025,321014
Fiat Shahin 2009,Fiat,Shahin,Black,,cairo,5/25/2025,378148
Fiat 132 1980,Fiat,132,Green,,el salam city,5/25/2025,311387
Fiat 128 1990,Fiat,128,Red,1300,shobra,5/25/2025,367503
Fiat Shahin 2008,Fiat,Shahin,Red,75000,6-Oct,5/24/2025,148443
Fiat 128 1983,Fiat,128,Red,,ain shams,5/24/2025,220743
Fiat 128 1991,Fiat,128,Red,,shobra,5/24/2025,197484
Fiat 128 1987,Fiat,128,White,,bilbeis,5/24/2025,294148
Fiat Siena 2001,Fiat,Siena,Dark blue,,nasr city,5/24/2025,186715
Fiat Dogan 1993,Fiat,Dogan,Dark grey,50000,zagazig,5/24/2025,211567
Fiat Tipo 2020,Fiat,Tipo,Black,67000,maadi,5/24/2025,271952
Fiat Tipo 2020,Fiat,Tipo,Red,111000,damietta,5/24/2025,320075
Fiat Shahin 2002,Fiat,Shahin,White,,beheira,5/24/2025,177066
Fiat Tempra 1990,Fiat,Tempra,Silver,180000,6-Oct,5/24/2025,238547
Fiat Tipo 2022,Fiat,Tipo,Red,56000,mansoura,5/24/2025,122302
Fiat 128 1975,Fiat,128,Green,,giza,5/24/2025,248056
Fiat 131 1981,Fiat,131,Red,2000,6-Oct,5/24/2025,338162
Fiat 128 1988,Fiat,128,Red,80000,el haram,5/24/2025,222804
Fiat Linea 2009,Fiat,Linea,Dark red,244000,tagamo3 - new cairo,5/24/2025,389121
Fiat 128 1999,Fiat,128,Dark red,,cairo,5/23/2025,271478
Fiat Tempra 1992,Fiat,Tempra,Green,160000,agamy,5/23/2025,341589
Fiat Grand Punto 2010,Fiat,Grand Punto,Black,180000,cairo,5/23/2025,179645
Fiat 131 1982,Fiat,131,Silver,,tanta,5/23/2025,327571
Fiat 132 1975,Fiat,132,Gold,,helwan,5/23/2025,323721
Fiat Tipo 2020,Fiat,Tipo,Dark red,151000,cairo,5/23/2025,278325
Fiat Tipo 2021,Fiat,Tipo,Green,90000,heliopolis,5/12/2025,296143
Fiat 128 1987,Fiat,128,White,180000,nasr city,5/23/2025,357846
Fiat Tipo 2021,Fiat,Tipo,Gray,55600,shibin el kom,5/23/2025,270862
Fiat Tipo 2022,Fiat,Tipo,Cyan,49000,damietta,5/23/2025,364150
Fiat Tipo 2020,Fiat,Tipo,Dark red,140000,tagamo3 - new cairo,5/23/2025,139068
Fiat Punto 2000,Fiat,Punto,Dark blue,250000,6-Oct,5/23/2025,150728
Fiat 128 1981,Fiat,128,Red,82000,giza,5/23/2025,186078
Fiat Tipo 2021,Fiat,Tipo,Dark blue,95000,zamalek,5/22/2025,295142
Fiat 128 1977,Fiat,128,White,,shobra,5/22/2025,393633
Fiat 128 1998,Fiat,128,Dark red,,mohandessin,5/22/2025,163840
Fiat Tipo 2022,Fiat,Tipo,Dark grey,25000,mokattam,5/22/2025,125474
Fiat Punto 2000,Fiat,Punto,Blue,230000,cairo,5/22/2025,239463
Fiat 127 1985,Fiat,127,Petroleum,,damietta,5/22/2025,374441
Fiat Punto 2007,Fiat,Punto,Black,306000,6-Oct,5/22/2025,165790
Fiat Siena 2000,Fiat,Siena,White,200000,dyarb negm,5/22/2025,338120
Fiat 127 1982,Fiat,127,Red,,banha,5/22/2025,210811
Fiat Uno 2006Verified User,Fiat,Uno,Dark blue,2000,alexandria,5/22/2025,293372
Fiat Tipo 2020,Fiat,Tipo,Dark blue,130000,al shorouk,5/21/2025,343274
Fiat Punto 2010,Fiat,Punto,Black,,touhk,5/21/2025,397271
Fiat Punto 2012Verified User,Fiat,Punto,Dark red,125000,nasr city,5/21/2025,305933
Fiat Tipo 2017,Fiat,Tipo,Bronze,82000,tagamo3 - new cairo,5/21/2025,124846
Fiat Tipo 2020,Fiat,Tipo,Brown,90000,pyramids gardens,5/21/2025,248919
Fiat 131 1976,Fiat,131,Gold,,heliopolis,5/21/2025,226859
Fiat Regata 1989,Fiat,Regata,Red,300000,cairo,5/21/2025,352663
Fiat Tempra 1991,Fiat,Tempra,Other,,shobra,5/21/2025,250945
Fiat 128 1988,Fiat,128,Gold,,qalyubia,5/21/2025,147724
Fiat Punto 2011,Fiat,Punto,White,300000,cairo,5/21/2025,390101
Fiat Regata 1983,Fiat,Regata,Red,300000,safaga,5/21/2025,290674
Fiat Grand Punto 2009,Fiat,Grand Punto,Dark red,210000,nasr city,5/20/2025,264541
Fiat Tipo 2020,Fiat,Tipo,Red,185000,cairo,5/20/2025,202045
Fiat Siena 2000,Fiat,Siena,Red,160000,hadayek october,5/20/2025,308372
Fiat 132 1980,Fiat,132,Green,,ashmoun,5/20/2025,240899
Fiat Siena 2003,Fiat,Siena,Cyan,200000,tanta,5/20/2025,350078
Fiat Polonez 1985,Fiat,Polonez,White,,faiyum,5/20/2025,397801
Fiat 128 1987,Fiat,128,White,90000,obour city,5/20/2025,155788
Fiat Petra 2003,Fiat,Petra,Silver,250000,cairo,5/20/2025,232869
Fiat Uno 1999,Fiat,Uno,White,278700,cairo,5/20/2025,265157
Fiat Shahin 1999,Fiat,Shahin,Black,100000,helwan,5/19/2025,125738
Fiat Palio 2008Verified User,Fiat,Palio,Dark blue,130000,cairo,5/20/2025,306813
Fiat Uno 1991,Fiat,Uno,Dark red,182000,cairo,5/19/2025,143058
Fiat Punto 2011,Fiat,Punto,Other,212000,tagamo3 - new cairo,5/19/2025,290952
Fiat Punto 2012,Fiat,Punto,Cyan,138000,cairo,5/19/2025,346014
Fiat Shahin 1997,Fiat,Shahin,Red,,giza,5/19/2025,245521
Fiat Shahin 2004,Fiat,Shahin,White,85000,sharqia,5/19/2025,159078
Fiat Punto 2011,Fiat,Punto,Silver,205000,suez,5/19/2025,346126
Fiat Tipo 2022,Fiat,Tipo,White,50000,abu qir,5/19/2025,198332
Fiat 500 X 2022,Fiat,500 X,Silver,62000,madinaty,5/19/2025,127264
Fiat 128 1999,Fiat,128,White,,cairo,5/19/2025,372390
Fiat Uno 1994,Fiat,Uno,Red,300000,shibin el kom,5/19/2025,392129
Fiat 128 1984,Fiat,128,White,,el haram,5/19/2025,242456
Fiat 128 1985,Fiat,128,White,60000,cairo,5/18/2025,285952
Fiat Tipo 2022Verified User,Fiat,Tipo,Black,70000,tagamo3 - new cairo,5/18/2025,315722
Fiat Punto 2018,Fiat,Punto,Dark grey,166000,maadi,5/18/2025,168799
Fiat Tipo 2020,Fiat,Tipo,Black,32300,maadi,5/18/2025,268142
Fiat 128 1987,Fiat,128,White,,helwan,5/18/2025,280703
Fiat 128 2000,Fiat,128,White,,6-Oct,5/18/2025,244356
Fiat 128 1999,Fiat,128,Silver,,zagazig,5/18/2025,242721
Fiat Uno 1990,Fiat,Uno,Dark blue,150000,obour city,5/18/2025,175267
Fiat Shahin 2005,Fiat,Shahin,Silver,,sheikh zayed city,5/17/2025,255610
Fiat Siena 2000,Fiat,Siena,Blue,200000,shibin el kom,5/17/2025,349177
Fiat Tipo 2018,Fiat,Tipo,Black,130000,tagamo3 - new cairo,5/17/2025,266544
Fiat Grand Punto 2015,Fiat,Grand Punto,Dark grey,190000,nasr city,5/17/2025,295533
Fiat Tipo 2020,Fiat,Tipo,Dark blue,210000,dokki,5/17/2025,290731
Fiat 128 1990,Fiat,128,Gray,,el salam city,5/17/2025,203510
Fiat Shahin 2008,Fiat,Shahin,Other,65000,menouf,5/17/2025,146623
Fiat Shahin 1992,Fiat,Shahin,Red,,abu qir,5/17/2025,213784
Fiat Tipo 2021,Fiat,Tipo,Mocha,29000,alexandria,5/17/2025,305351
Fiat Uno 2007,Fiat,Uno,Green,170000,cairo,5/17/2025,265019
Fiat Tipo 2020,Fiat,Tipo,Silver,91000,shibin el kom,5/16/2025,388714
Fiat Tipo 2020,Fiat,Tipo,Red,218000,pyramids gardens,5/16/2025,216923
Fiat Shahin 2001,Fiat,Shahin,Silver,,10th of ramadan,5/16/2025,285585
Fiat Tipo 2021,Fiat,Tipo,Silver,55000,cairo,5/16/2025,188948
Fiat Shahin 2001,Fiat,Shahin,Other,120000,monufia,5/16/2025,362130
Fiat Punto 2011,Fiat,Punto,Other,212000,cairo,5/16/2025,316473
Fiat Doblo 2008,Fiat,Doblo,White,150000,tagamo3 - new cairo,5/16/2025,147391
Fiat Tipo 2020,Fiat,Tipo,Silver,135000,cairo,5/16/2025,309253
Fiat Uno 1994,Fiat,Uno,Green,160000,luxor,5/16/2025,166033
Fiat Marea 2002,Fiat,Marea,Silver,200000,giza,5/16/2025,193838
Fiat 500 2020,Fiat,500,Red,108000,hadayek october,5/16/2025,189361
Fiat 128 1985,Fiat,128,White,,agamy,5/16/2025,274303
Fiat Linea 2010,Fiat,Linea,Blue,150000,borg el arab,5/16/2025,179588
Fiat Petra 2005,Fiat,Petra,Dark blue,895482,tanta,5/15/2025,394336
Fiat Shahin 2001,Fiat,Shahin,Champagne,,el haram,5/15/2025,368763
Fiat Regata 1986,Fiat,Regata,Dark blue,,qalyubia,5/15/2025,395752
Fiat 500 X 2019,Fiat,500 X,Silver,85000,alexandria,5/15/2025,213416
Fiat Punto 2000,Fiat,Punto,Petroleum,250000,6-Oct,5/15/2025,356860
Fiat 128 1982,Fiat,128,Green,83000,imbaba,5/15/2025,365362
Fiat 128 1989,Fiat,128,Beige,,giza,5/15/2025,163945
Fiat Siena 2001,Fiat,Siena,Silver,190000,el haram,5/15/2025,204051
Fiat Doblo 2018,Fiat,Doblo,White,330000,alexandria,5/15/2025,151783
Fiat Punto 2011,Fiat,Punto,Dark grey,172000,faiyum,5/14/2025,209788
Fiat Punto 2003,Fiat,Punto,Black,180000,alexandria,5/14/2025,126444
Fiat Palio 2006,Fiat,Palio,Dark blue,203000,cairo,5/14/2025,143635
Fiat Tipo 2022,Fiat,Tipo,Dark green,110000,tagamo3 - new cairo,5/14/2025,349690
Fiat Uno 2007,Fiat,Uno,Silver,119000,nasr city,5/14/2025,254339
Fiat Shahin 1996,Fiat,Shahin,Black,,6-Oct,5/14/2025,257617
Fiat Uno 1996,Fiat,Uno,Green,22000,kom hamada,5/14/2025,354725
Fiat Siena 2001,Fiat,Siena,Silver,205000,helwan,5/14/2025,132099
Fiat Siena 2000,Fiat,Siena,Silver,180000,zagazig,5/14/2025,348578
Fiat Punto 2011,Fiat,Punto,Black,163000,touhk,5/14/2025,175319
Fiat 132 1980,Fiat,132,White,,qalyubia,4/23/2025,176096
Fiat Tipo 2022,Fiat,Tipo,Petroleum,98000,helwan,5/13/2025,131504
Fiat Tempra 1997,Fiat,Tempra,Dark green,128000,agamy,5/13/2025,376475
Fiat 131 1983,Fiat,131,Blue,,ashmoun,5/13/2025,336522
Fiat 128 1989,Fiat,128,Blue,,mit ghamr,5/13/2025,265957
Fiat Tipo 2020,Fiat,Tipo,Black,76000,cairo,5/13/2025,164767
Fiat Shahin 1996,Fiat,Shahin,Dark grey,,badr city,5/13/2025,120947
Fiat Siena 2002,Fiat,Siena,Blue,,nasr city,5/13/2025,393044
Fiat 128 1975,Fiat,128,Red,,cairo,5/13/2025,316853
Fiat Dogan 1992,Fiat,Dogan,White,,alexandria,5/13/2025,271092
Fiat 128 1985,Fiat,128,White,,alexandria,5/13/2025,196573
Fiat 127 1988,Fiat,127,Green,200000,cairo,5/13/2025,177132
Fiat 127 1983,Fiat,127,Red,120000,pyramids gardens,5/13/2025,159329
Fiat 128 1986,Fiat,128,Red,,banha,5/13/2025,330596
Fiat 128 1984,Fiat,128,White,,shibin el kom,5/12/2025,193265
Fiat Tipo 2021,Fiat,Tipo,Blue,81000,sheikh zayed city,5/12/2025,219426
Fiat Tipo 2020,Fiat,Tipo,Black,104000,pyramids gardens,5/12/2025,380098
Fiat Tipo 2019,Fiat,Tipo,Gray,73000,alexandria,5/12/2025,209051
Fiat Tipo 2021,Fiat,Tipo,Blue,46000,heliopolis,5/12/2025,227775
Fiat Tipo 2019,Fiat,Tipo,Silver,100000,tagamo3 - new cairo,5/12/2025,240692
Fiat Tipo 2019,Fiat,Tipo,Blue,120000,mansoura,5/12/2025,214567
Fiat 127 1985,Fiat,127,Petroleum,,ismailia,5/11/2025,211823
Fiat Tipo 2022,Fiat,Tipo,Silver,69500,mokattam,5/11/2025,367121
Fiat Regata 1985,Fiat,Regata,White,,maadi,5/11/2025,217603
Fiat 127 1987,Fiat,127,Red,,nasr city,5/11/2025,254629
Fiat Shahin 2003,Fiat,Shahin,Silver,38352,el haram,5/11/2025,151380
Fiat Tempra 1990,Fiat,Tempra,Silver,99000,shobra,5/11/2025,148366
Fiat Siena 2001,Fiat,Siena,Dark red,230000,obour city,5/11/2025,151085
Fiat Shahin 1998,Fiat,Shahin,Black,58000,kafr el zayat,5/11/2025,359404
Fiat Tipo 2022,Fiat,Tipo,Dark grey,30000,kafr el-sheikh,5/11/2025,307108
Fiat Tempra 1997,Fiat,Tempra,Dark red,200000,zagazig,5/11/2025,321984
Fiat Tipo 2021,Fiat,Tipo,Red,45000,helwan,5/11/2025,312509
Fiat Tipo 2019,Fiat,Tipo,Cyan,107000,giza,5/11/2025,370832
Fiat Tipo 2022,Fiat,Tipo,Dark grey,30000,kafr el-sheikh,5/10/2025,160277
Fiat 128 1987,Fiat,128,White,300000,alexandria,5/10/2025,340169
Fiat Tipo 2018,Fiat,Tipo,Black,199000,sheikh zayed city,5/10/2025,262270
Fiat 500 E 2015,Fiat,500 E,Red,38000,electric,5/10/2025,397665
Fiat 500 E 2017,Fiat,500 E,Cyan,82000,electric,5/10/2025,328550
Fiat Tipo 2022Verified User,Fiat,Tipo,Dark grey,68000,cairo,5/10/2025,345866
Fiat 128 2001,Fiat,128,Petroleum,125825,kom hamada,5/10/2025,327453
Fiat Palio 2008,Fiat,Palio,Silver,145000,mit ghamr,5/10/2025,135123
Fiat 128 1983,Fiat,128,Red,,ain shams,5/9/2025,330393
Fiat Tipo 2019,Fiat,Tipo,Dark blue,83000,alexandria,5/9/2025,314045
Fiat Marea 2002,Fiat,Marea,Silver,320000,shobra,5/9/2025,353843
Fiat Tipo 2021,Fiat,Tipo,Bronze,90000,tagamo3 - new cairo,5/9/2025,272793
Fiat Dogan 1996,Fiat,Dogan,Blue,200000,suez,5/9/2025,170865
Fiat 128 1975,Fiat,128,Blue,,helwan,5/9/2025,218081
Fiat 128 1988,Fiat,128,Beige,,cairo,5/9/2025,339341
Fiat Dogan 1998,Fiat,Dogan,Black,58000,kafr el zayat,5/9/2025,266359
Fiat Tipo 2018,Fiat,Tipo,Black,110000,al shorouk,5/8/2025,341569
Fiat Shahin 2002,Fiat,Shahin,Silver,,beheira,5/8/2025,397251
Fiat 128 1983,Fiat,128,Blue,,helwan,5/8/2025,314296
Fiat Palio 2006,Fiat,Palio,Dark blue,200000,beni suef,5/8/2025,219376
Fiat Tempra 1991,Fiat,Tempra,Green,,el-arish,5/8/2025,215949
Fiat Shahin 1996,Fiat,Shahin,White,,cairo,5/8/2025,344483
Fiat Shahin 1999,Fiat,Shahin,White,,kafr el-sheikh,5/8/2025,392865
Fiat Uno 1998,Fiat,Uno,White,118000,alexandria,5/8/2025,280462
Fiat Tipo 2022,Fiat,Tipo,Blue,4500,shobra,5/8/2025,313526
Fiat Regata 1985,Fiat,Regata,Gray,,cairo,5/8/2025,337455
Fiat Punto 2002,Fiat,Punto,Blue,300000,cairo,5/8/2025,299746
Fiat 128 2008,Fiat,128,Red,91000,cairo,5/8/2025,227946
Fiat Shahin 2006,Fiat,Shahin,Dark red,90000,alexandria,5/8/2025,331363
Fiat Tipo 2022,Fiat,Tipo,Petroleum,68000,ismailia,5/7/2025,188189
Fiat Tipo 2021,Fiat,Tipo,Blue,154000,pyramids gardens,5/7/2025,218609
Fiat Shahin 1999,Fiat,Shahin,Blue,,nasr city,5/7/2025,127107
Fiat Tipo 2021,Fiat,Tipo,Black,115000,cairo,5/7/2025,314434
Fiat Uno 1993,Fiat,Uno,Red,180000,10th of ramadan,5/7/2025,309948
Fiat 128 1982,Fiat,128,Orange,,cairo,5/7/2025,219738
Fiat Siena 2001,Fiat,Siena,Silver,260000,dakahlia,5/7/2025,386935
Fiat 128 1988,Fiat,128,White,,cairo,5/7/2025,130841
Fiat Shahin 1993,Fiat,Shahin,Green,,giza,5/7/2025,280729
Fiat Tipo 2018,Fiat,Tipo,Silver,180000,tagamo3 - new cairo,5/6/2025,138297
Fiat Dogan 1996,Fiat,Dogan,Dark red,,shobra,5/6/2025,206830
Fiat 128 1987,Fiat,128,White,,cairo,5/6/2025,237645
Fiat Shahin 2006,Fiat,Shahin,Dark red,120000,mansoura,5/6/2025,219403
Fiat 127 1984,Fiat,127,Red,,alexandria,5/6/2025,290454
Fiat 131 1977,Fiat,131,Silver,,imbaba,5/6/2025,357173
Fiat Siena 2006,Fiat,Siena,Black,300000,alexandria,5/6/2025,256800
Fiat 128 1988,Fiat,128,Red,71000,10th of ramadan,5/6/2025,348006
Fiat Siena 2000,Fiat,Siena,Blue,300000,el minya,5/6/2025,306823
Fiat Fiat Grand Punto 2016,Fiat,Fiat Grand Punto,Red,225000,tagamo3 - new cairo,5/6/2025,122652
Fiat 128 1990,Fiat,128,Red,,saft el laban,5/6/2025,137105
Fiat Tipo 2021,Fiat,Tipo,Red,90000,6-Oct,5/6/2025,193718
Fiat Siena 2003,Fiat,Siena,Dark red,,el qanater el khayreya,5/6/2025,134604
Fiat Shahin 2002,Fiat,Shahin,Dark red,,asyut,5/6/2025,242757
Fiat Tempra 1990,Fiat,Tempra,Dark grey,,10th of ramadan,5/6/2025,326994
Fiat 132 1975,Fiat,132,Red,,maadi,5/6/2025,234381
Fiat Tipo 2021,Fiat,Tipo,Dark blue,140000,heliopolis,5/6/2025,178126
Fiat Tipo 2020,Fiat,Tipo,Black,190000,abu qir,5/5/2025,281691
Fiat Tipo 2020,Fiat,Tipo,Blue,34000,warraq,5/5/2025,367236
Fiat 131 1975,Fiat,131,Dark red,,al shorouk,5/5/2025,155517
Fiat 128 1986,Fiat,128,Petroleum,,qalyubia,5/5/2025,146368
Fiat 128 1989,Fiat,128,Red,,el minya,5/5/2025,154815
Fiat Regata 1989,Fiat,Regata,Red,,6-Oct,5/5/2025,234205
Fiat Tempra 2000,Fiat,Tempra,Dark red,129000,obour city,5/5/2025,233491
Fiat Shahin 2000,Fiat,Shahin,White,,cairo,5/5/2025,292487
Fiat 128 1979,Fiat,128,Blue,,quesna,5/5/2025,210386
Fiat 128 1977,Fiat,128,Red,,alexandria,5/5/2025,253914
Fiat Punto 2008,Fiat,Punto,Dark grey,300000,obour city,5/5/2025,194674
Fiat Tipo 2021,Fiat,Tipo,Silver,92000,el minya,5/4/2025,178077
Fiat Shahin 2003,Fiat,Shahin,Dark blue,,cairo,5/4/2025,332342
Fiat Punto 2017,Fiat,Punto,White,150000,maadi,5/4/2025,214084
Fiat Tipo 2022,Fiat,Tipo,Blue,30000,cairo,5/4/2025,360110
Fiat Tipo 2022,Fiat,Tipo,Blue,80000,cairo,5/4/2025,363450
Fiat Shahin 1997,Fiat,Shahin,White,,giza,5/4/2025,130408
Fiat Tempra 1990,Fiat,Tempra,Dark red,200000,monufia,5/4/2025,204490
Fiat Dogan 1991,Fiat,Dogan,Red,,cairo,5/4/2025,235235
Fiat 500C 2010,Fiat,500C,Black,97000,tagamo3 - new cairo,5/4/2025,229400
Fiat Tipo 2024,Fiat,Tipo,Gray,14000,tagamo3 - new cairo,5/4/2025,359204
Fiat Palio 2007,Fiat,Palio,Red,91000,bilbeis,5/4/2025,364960
Fiat Tipo 2021,Fiat,Tipo,Dark blue,90000,cairo,5/3/2025,270458
Fiat Tipo 2019,Fiat,Tipo,White,249000,zagazig,5/3/2025,379734
Fiat Polonez 1990,Fiat,Polonez,White,,al shorouk,5/3/2025,164834
Fiat Tipo 2021,Fiat,Tipo,Gold,61000,alexandria,5/3/2025,235941
Fiat Tempra 1993,Fiat,Tempra,Dark green,200000,cairo,5/3/2025,129703
Fiat Siena 2000,Fiat,Siena,Dark red,218000,cairo,5/3/2025,180135
Fiat Tipo 2021,Fiat,Tipo,White,107000,el haram,5/3/2025,316613
Fiat 128 1977,Fiat,128,Cyan,70000,helwan,5/3/2025,374257
Fiat 128 1985,Fiat,128,Red,50000,asyut,5/3/2025,146787
Fiat Tipo 2018,Fiat,Tipo,Silver,75000,beni suef,5/2/2025,157040
Fiat 131 1982,Fiat,131,Red,,sharqia,5/2/2025,216463
Fiat Tipo 2022,Fiat,Tipo,Dark blue,100000,nasr city,5/2/2025,166437
Fiat Petra 2003,Fiat,Petra,Other,330000,6-Oct,5/2/2025,341724
Fiat Shahin 1995,Fiat,Shahin,Dark red,,el marg,5/2/2025,135295
Fiat Siena 2002,Fiat,Siena,Black,250000,6-Oct,5/2/2025,330623
Fiat Tipo 2021,Fiat,Tipo,Other,66000,cairo,5/2/2025,383776
Fiat 128 2007,Fiat,128,Red,58000,el manial,5/2/2025,163614
Fiat Punto 2010,Fiat,Punto,Silver,71000,el haram,5/2/2025,231024
Fiat Tipo 2020,Fiat,Tipo,Dark blue,160000,el haram,5/2/2025,392756
Fiat 131 1981,Fiat,131,White,,cairo,5/2/2025,370673
Fiat Tipo 2020,Fiat,Tipo,Black,35000,giza,5/2/2025,157731
Fiat Punto 2009,Fiat,Punto,Cyan,107000,alexandria,5/2/2025,173924
Fiat Punto 2011,Fiat,Punto,Black,135000,heliopolis,5/1/2025,154524
Fiat 128 1984,Fiat,128,White,,el haram,5/1/2025,353807
Fiat Punto 1994,Fiat,Punto,Red,,alexandria,5/1/2025,184984
Fiat Shahin 2003,Fiat,Shahin,Silver,188000,tagamo3 - new cairo,5/1/2025,315146
Fiat Tipo 2021,Fiat,Tipo,Red,100000,mansoura,5/1/2025,206526
Fiat 500 X 2019,Fiat,500 X,Black,148000,6-Oct,5/1/2025,269056
Fiat Tipo 1990,Fiat,Tipo,Red,156276,cairo,5/1/2025,148457
Fiat Punto 2011,Fiat,Punto,Red,220000,nasr city,5/1/2025,392855
Fiat Siena 2001,Fiat,Siena,Blue,250000,6-Oct,5/1/2025,157011
Fiat 128 1975,Fiat,128,Green,,aswan,5/1/2025,263652
Fiat Tipo 2020,Fiat,Tipo,White,132000,alexandria,4/30/2025,120386
Fiat Shahin 1995,Fiat,Shahin,White,,alexandria,4/30/2025,344265
Fiat 500 X 2019,Fiat,500 X,Gray,76000,alexandria,4/30/2025,296527
Fiat Shahin 2005,Fiat,Shahin,White,170000,tanta,4/30/2025,178035
Fiat Palio 2006,Fiat,Palio,Black,208000,shobra,4/30/2025,162254
Fiat Tipo 2020,Fiat,Tipo,Silver,10000,6-Oct,4/30/2025,390645
Fiat Shahin 1995,Fiat,Shahin,White,50000,beni suef,4/30/2025,255430
Fiat Uno 2000,Fiat,Uno,White,155000,agamy,4/29/2025,147146
Fiat 128 1984,Fiat,128,White,,el haram,4/29/2025,278710
Fiat Tipo 2021,Fiat,Tipo,Dark grey,97000,damietta,4/29/2025,136045
Fiat 128 2008,Fiat,128,White,100000,khanka,4/29/2025,230352
Fiat Tipo 2021,Fiat,Tipo,Champagne,105000,mansoura,4/29/2025,250898
Fiat Punto 2000,Fiat,Punto,White,290000,sharqia,4/29/2025,290483
Fiat Tipo 2019,Fiat,Tipo,Bronze,200000,tagamo3 - new cairo,4/29/2025,137089
Fiat 132 1978,Fiat,132,White,,alexandria,4/29/2025,188789
Fiat Uno 1993,Fiat,Uno,Dark green,,el minya,4/29/2025,262298
Fiat Tipo 1991,Fiat,Tipo,Red,320000,suez,4/29/2025,328736
Fiat Siena 2002,Fiat,Siena,Cyan,320000,shibin el kom,4/29/2025,378354
Fiat Shahin 2008,Fiat,Shahin,Red,,giza,4/28/2025,201075
Fiat 500 2011,Fiat,500,White,130000,tagamo3 - new cairo,4/28/2025,289076
Fiat 128 1989,Fiat,128,Petroleum,60000,giza,4/28/2025,223361
Fiat 128 1988,Fiat,128,White,87000,red sea,4/28/2025,260850
Fiat Regata 1985,Fiat,Regata,Red,,ismailia,4/28/2025,230961
Fiat 132 1977,Fiat,132,Silver,,tanta,4/28/2025,285247
Fiat Punto evo 2016,Fiat,Punto evo,White,120000,nasr city,4/28/2025,335587
Fiat 132 1979,Fiat,132,Green,,cairo,4/28/2025,188734
Fiat Tipo 2022,Fiat,Tipo,Black,55000,mansoura,4/27/2025,292147
Fiat Siena 2003,Fiat,Siena,White,240000,el salam city,4/27/2025,347742
Fiat Shahin 1997,Fiat,Shahin,Dark grey,200000,giza,4/27/2025,178095
Fiat Shahin 1997,Fiat,Shahin,Dark red,,beheira,4/27/2025,392807
Fiat 131 1982,Fiat,131,Blue,77000,giza,4/27/2025,228721
Fiat 500 X 2016,Fiat,500 X,Blue,130000,tagamo3 - new cairo,4/27/2025,275473
Fiat Tipo 2022,Fiat,Tipo,Black,44000,cairo,4/27/2025,279717
Fiat Tipo 2021,Fiat,Tipo,Dark blue,185000,pyramids gardens,4/27/2025,219150
Fiat Petra 2003,Fiat,Petra,Petroleum,225000,maadi,4/27/2025,264861
Fiat 131 1982,Fiat,131,Dark blue,,el haram,4/27/2025,338576
Fiat Tipo 2020,Fiat,Tipo,Dark blue,166000,6-Oct,4/27/2025,149853
Fiat 131 1983,Fiat,131,Silver,100000,mansoura,4/26/2025,226283
Fiat Tipo 2020,Fiat,Tipo,White,78000,damietta,4/26/2025,380630
Fiat Tipo 2021,Fiat,Tipo,Dark grey,99000,el haram,4/26/2025,217267
Fiat Linea 2009,Fiat,Linea,Silver,321000,el minya,4/26/2025,226751
Fiat Tipo 2020,Fiat,Tipo,Dark blue,43000,alexandria,4/26/2025,177910
Fiat Tipo 2021,Fiat,Tipo,Dark blue,175000,pyramids gardens,4/26/2025,257360
Fiat Tempra 1997,Fiat,Tempra,Dark green,,helwan,4/25/2025,146506
Fiat Punto 2015Verified User,Fiat,Punto,Dark grey,205000,6-Oct,4/25/2025,173757
Fiat Tipo 2021,Fiat,Tipo,Red,63000,6-Oct,4/25/2025,275549
Fiat 131 1979,Fiat,131,Dark blue,,cairo,4/25/2025,206962
Fiat Shahin 2007,Fiat,Shahin,Silver,200000,cairo,4/25/2025,178633
Fiat Tipo 2022,Fiat,Tipo,Black,43000,zagazig,4/25/2025,307893
Fiat Uno 1994,Fiat,Uno,Blue,200000,el haram,4/25/2025,275424
Fiat 128 1978,Fiat,128,White,,mansoura,4/24/2025,123917
Fiat Tipo 2021,Fiat,Tipo,Mocha,13000,cairo,4/24/2025,143100
Fiat Tipo 2021,Fiat,Tipo,Black,36000,alexandria,4/24/2025,204284
Fiat Punto 2013,Fiat,Punto,Dark red,150000,giza,4/24/2025,123406
Fiat 124 1985,Fiat,124,Olive,,6-Oct,4/24/2025,279666
Fiat Tipo 2018Verified User,Fiat,Tipo,Dark grey,210000,faiyum,4/24/2025,193364
Fiat 128 1976,Fiat,128,Red,,6-Oct,4/24/2025,150889
Fiat 127 1984,Fiat,127,Red,,nasr city,4/24/2025,137125
Fiat 132 1980,Fiat,132,Red,,obour city,4/24/2025,384634
Fiat Punto 2017,Fiat,Punto,Dark blue,140000,tagamo3 - new cairo,4/24/2025,127370
Fiat 500 X 2019,Fiat,500 X,Brown,60000,6-Oct,4/24/2025,266323
Fiat 124 1985,Fiat,124,Cyan,,10th of ramadan,4/24/2025,370938
Fiat Shahin 1996,Fiat,Shahin,White,,shobra,4/24/2025,328564
Fiat Regata 1986,Fiat,Regata,Blue,,mohandessin,4/24/2025,380823
Fiat 128 1987,Fiat,128,White,,6-Oct,4/23/2025,219146
Fiat 128 1974,Fiat,128,Red,,giza,4/23/2025,396700
Fiat Siena 2001,Fiat,Siena,Silver,208000,6-Oct,4/23/2025,153639
Fiat 124 1973,Fiat,124,Red,,sadat city,4/23/2025,163718
Fiat Linea 2017,Fiat,Linea,Dark red,33000,damietta,4/23/2025,189307
Fiat 131 1982,Fiat,131,White,200000,el salam city,4/23/2025,321266
Fiat Tipo 2021,Fiat,Tipo,Red,90000,alexandria,4/22/2025,319060
Fiat Tipo 2020,Fiat,Tipo,Silver,201000,tagamo3 - new cairo,4/22/2025,182321
Fiat 131 1981,Fiat,131,Silver,,helwan,4/22/2025,234133
Fiat Punto 2000,Fiat,Punto,Blue,250000,obour city,4/22/2025,334962
Fiat Punto 2018,Fiat,Punto,Silver,130000,tagamo3 - new cairo,4/22/2025,335526
Fiat Tipo 2021,Fiat,Tipo,Dark blue,94000,tagamo3 - new cairo,4/22/2025,368248
Fiat Siena 2003,Fiat,Siena,Blue,320000,zagazig,4/22/2025,264568
Fiat Punto evo 2016Verified User,Fiat,Punto evo,Red,220000,nasr city,4/22/2025,379560
Fiat Shahin 1998,Fiat,Shahin,Silver,,sharqia,4/21/2025,360510
Fiat Tempra 1990,Fiat,Tempra,Dark green,,cairo,4/21/2025,181084
Fiat 128 1977,Fiat,128,Orange,,mansoura,4/21/2025,384202
Fiat Tipo 2021,Fiat,Tipo,Red,122000,warraq,4/16/2025,162957
Fiat Siena 2001,Fiat,Siena,Silver,96000,beheira,4/21/2025,210847
Fiat Regata 1984Verified User,Fiat,Regata,Blue,200000,el wadi el gedid,4/20/2025,180311
Fiat 128 2008,Fiat,128,Green,,ismailia,4/20/2025,300312
Fiat Shahin 2006,Fiat,Shahin,Silver,,tanta,4/20/2025,395891
Fiat Uno 1993,Fiat,Uno,Red,277394,shobra,4/20/2025,222531
Fiat Palio 2006,Fiat,Palio,Red,100000,el senbellawein,4/20/2025,335833
Fiat Punto 2010,Fiat,Punto,Silver,169000,tagamo3 - new cairo,4/20/2025,375721
Fiat 128 2007,Fiat,128,Green,85000,mohandessin,4/20/2025,158784
Fiat Brava 2002,Fiat,Brava,Yellow,225000,suez,4/20/2025,245883
Fiat Punto 2009,Fiat,Punto,Silver,255000,6-Oct,4/20/2025,334129
Fiat 128 1998,Fiat,128,White,100000,6-Oct,4/20/2025,358680
Fiat Punto 2012,Fiat,Punto,Silver,200000,cairo,4/19/2025,315568
Fiat Petra 2003,Fiat,Petra,Petroleum,211000,tagamo3 - new cairo,4/19/2025,321109
Fiat Tipo 2021,Fiat,Tipo,Dark green,93000,obour city,4/19/2025,140606
Fiat Punto 2009,Fiat,Punto,White,217000,el haram,4/19/2025,189545
Fiat Petra 2003,Fiat,Petra,Gold,282000,banha,4/19/2025,143859
Fiat Siena 2001,Fiat,Siena,White,260000,sheikh zayed city,4/19/2025,230708
Fiat 128 1986,Fiat,128,Blue,,imbaba,4/19/2025,321459
Fiat Siena 2006,Fiat,Siena,Gold,220000,tanta,4/19/2025,131569
Fiat Siena 2003,Fiat,Siena,White,125000,cairo,4/18/2025,271963
Fiat 128 1976,Fiat,128,White,,al shorouk,4/18/2025,359618
Fiat Siena 2000,Fiat,Siena,Green,150000,cairo,4/18/2025,251681
Fiat 131 1984,Fiat,131,Red,,el minya,4/18/2025,274699
Fiat Shahin 2004,Fiat,Shahin,White,,shobra,4/18/2025,126034
Fiat Tipo 2022,Fiat,Tipo,Dark blue,20000,obour city,4/17/2025,298249
Fiat Tipo 2022,Fiat,Tipo,Dark grey,54000,6-Oct,4/17/2025,307816
Fiat Shahin 1995,Fiat,Shahin,Silver,75000,tanta,4/17/2025,330120
Fiat 131 1978,Fiat,131,Silver,,10th of ramadan,4/17/2025,207987
Fiat Shahin 1995,Fiat,Shahin,Black,,cairo,4/17/2025,361517
Fiat 131 1976,Fiat,131,Gold,,maadi,4/17/2025,184811
Fiat Ritmo 1983,Fiat,Ritmo,Red,100000,agamy,4/17/2025,150090
Fiat Siena 2001,Fiat,Siena,Dark blue,425000,6-Oct,4/16/2025,294067
Fiat Tempra 1993,Fiat,Tempra,Green,50000,maadi,4/16/2025,170127
Fiat Tempra 1993,Fiat,Tempra,White,,sharqia,4/16/2025,174765
Fiat 131 1981,Fiat,131,Silver,,maadi,4/16/2025,334564
Fiat Tipo 2021,Fiat,Tipo,Black,11500,cairo,4/16/2025,273676
Fiat Shahin 2005,Fiat,Shahin,Petroleum,200000,bilbeis,4/15/2025,305368
Fiat 128 1975,Fiat,128,Red,100000,6-Oct,4/15/2025,304072
Fiat 128 1988,Fiat,128,White,,giza,4/15/2025,304969
Fiat 128 1989,Fiat,128,Red,,cairo,4/15/2025,324713
Fiat Tipo 2021,Fiat,Tipo,Petroleum,75000,tagamo3 - new cairo,4/15/2025,121883
Fiat Uno 1998,Fiat,Uno,White,135000,tagamo3 - new cairo,4/15/2025,235101
Fiat Shahin 1999,Fiat,Shahin,Green,,alexandria,4/14/2025,268031
Fiat Shahin 1997,Fiat,Shahin,Black,90000,taxi,4/14/2025,303744
Fiat Shahin 2008,Fiat,Shahin,Black,,alexandria,4/14/2025,312412
Fiat 131 1978,Fiat,131,Silver,100000,imbaba,4/14/2025,292993
Fiat 132 1978,Fiat,132,White,140000,alexandria,4/14/2025,178365
Fiat Linea 2016,Fiat,Linea,Dark red,255000,cairo,4/14/2025,316728
Fiat Tipo 2020,Fiat,Tipo,Silver,80000,tagamo3 - new cairo,4/13/2025,141965
Fiat Tipo 2021,Fiat,Tipo,Gray,174000,tagamo3 - new cairo,4/13/2025,364454
Fiat Tipo 2018Verified User,Fiat,Tipo,Dark grey,227000,dokki,4/13/2025,140865
Fiat 132 1977,Fiat,132,Red,,shibin el kom,4/13/2025,301251
Fiat 128 1986,Fiat,128,Red,300000,quesna,4/13/2025,219643
Fiat 128 1988,Fiat,128,Petroleum,,sadat city,4/13/2025,274067
Fiat Shahin 1997,Fiat,Shahin,Dark red,10000,amreya,4/13/2025,312213
Fiat Shahin 1995,Fiat,Shahin,Dark red,,qalyubia,4/13/2025,366508
Fiat Qubo 2016,Fiat,Qubo,Dark red,340000,banha,4/12/2025,304336
Fiat Tipo 2021,Fiat,Tipo,Dark blue,110000,banha,4/12/2025,393464
Fiat Punto 2012,Fiat,Punto,Dark red,152000,heliopolis,4/12/2025,353714
Fiat Punto evo 2011,Fiat,Punto evo,Silver,250000,6-Oct,4/12/2025,215361
Fiat Doblo 2017,Fiat,Doblo,Gold,100000,touhk,4/12/2025,147080
Fiat 128 1981,Fiat,128,Beige,,cairo,4/12/2025,247916
Fiat Punto 2009,Fiat,Punto,Silver,157000,maadi,4/12/2025,269552
Fiat Siena 2001,Fiat,Siena,Black,137000,alexandria,4/12/2025,204923
Fiat 131 1978,Fiat,131,White,,cairo,4/11/2025,139606
Fiat Tipo 2022,Fiat,Tipo,Dark grey,150000,alexandria,4/11/2025,251461
Fiat Tipo 2021,Fiat,Tipo,Dark blue,173000,al shorouk,4/10/2025,325194
Fiat Shahin 2008,Fiat,Shahin,Silver,,10th of ramadan,4/11/2025,280103
Fiat 127 1982,Fiat,127,Red,,alexandria,4/11/2025,206348
Fiat Shahin 2001,Fiat,Shahin,Green,250000,6-Oct,4/11/2025,357042
Fiat Punto 2019,Fiat,Punto,Gray,100000,heliopolis,4/11/2025,330102
Fiat 131 1981,Fiat,131,White,,el salam city,4/11/2025,357845
Fiat Regata 1985,Fiat,Regata,Silver,350000,cairo,4/11/2025,362050
Fiat Polonez 1988,Fiat,Polonez,White,,cairo,4/11/2025,320146
Fiat Siena 2003,Fiat,Siena,Silver,161000,sohag,4/10/2025,123779
Fiat 500 2016,Fiat,500,Dark blue,70000,sheikh zayed city,4/10/2025,168326
Fiat Tipo 2020,Fiat,Tipo,Dark red,170000,faiyum,4/10/2025,280064
Fiat Punto 2015,Fiat,Punto,Black,136000,ain shams,4/10/2025,333782
Fiat Tipo 2022,Fiat,Tipo,Petroleum,64500,damietta,4/10/2025,333621
Fiat Shahin 1992,Fiat,Shahin,Silver,,alexandria,4/10/2025,244167
Fiat 128 1983,Fiat,128,Red,,cairo,4/10/2025,290145
Fiat 128 1985,Fiat,128,Petroleum,2000,giza,4/10/2025,177998
Fiat Tipo 2021,Fiat,Tipo,Dark blue,96500,zamalek,4/10/2025,167622
Fiat Ritmo 1983,Fiat,Ritmo,White,,quesna,4/9/2025,334896
Fiat Florida 2005,Fiat,Florida,Silver,170000,6-Oct,4/9/2025,324927
Fiat 128 1986,Fiat,128,Green,,cairo,4/9/2025,376640
Fiat Tipo 2021,Fiat,Tipo,Dark grey,40000,dakahlia,4/9/2025,180450
Fiat Tipo 2020,Fiat,Tipo,Mocha,35000,heliopolis,4/9/2025,192258
Fiat Tipo 2021,Fiat,Tipo,Dark red,72000,cairo,4/9/2025,347601
Fiat 128 1975,Fiat,128,Red,,cairo,4/9/2025,237495
Fiat 128 1980,Fiat,128,Red,,giza,4/9/2025,142137
Fiat 128 1990,Fiat,128,Green,,alexandria,4/8/2025,268415
Fiat 127 1985,Fiat,127,Dark red,,cairo,4/7/2025,301296
Fiat Doblo 2018,Fiat,Doblo,White,247000,hurghada,4/7/2025,218750
Fiat Shahin 1996,Fiat,Shahin,Black,,6-Oct,4/7/2025,188348
Fiat 128 1981,Fiat,128,Gray,,6-Oct,4/7/2025,335847
Fiat Shahin 2006,Fiat,Shahin,Green,,10th of ramadan,4/7/2025,259892
Fiat Punto 2012,Fiat,Punto,Black,240000,cairo,4/7/2025,307486
Fiat 128 1975,Fiat,128,Red,,imbaba,4/7/2025,383565
Fiat 128 1980,Fiat,128,White,,faqous,4/7/2025,163488
Fiat Shahin 2002,Fiat,Shahin,Red,150000,suez,4/7/2025,129677
Fiat Shahin 1998,Fiat,Shahin,Green,150000,el haram,4/6/2025,240951
Fiat Tipo 2021,Fiat,Tipo,Green,112000,giza,4/6/2025,245589
Fiat Tipo 2021,Fiat,Tipo,Red,95000,pyramids gardens,4/6/2025,193271
Fiat 128 1975,Fiat,128,Black,450000,giza,4/6/2025,216398
Fiat Tipo 2020,Fiat,Tipo,Dark blue,127000,cairo,4/6/2025,249235
Fiat Tipo 2020,Fiat,Tipo,Red,84000,6-Oct,4/6/2025,277457
Fiat Tipo 2020,Fiat,Tipo,Blue,120000,cairo,4/6/2025,180838
Fiat Punto 2002,Fiat,Punto,Black,177000,nasr city,4/5/2025,309358
Fiat Tipo 1991,Fiat,Tipo,Blue,,mokattam,4/5/2025,352342
Fiat 128 1977,Fiat,128,Red,200000,mohandessin,4/5/2025,153491
Fiat Shahin 2004,Fiat,Shahin,Black,67000,helwan,4/5/2025,132252
Fiat 128 1975,Fiat,128,Dark red,90000,qalyubia,4/5/2025,330947
Fiat Tipo 2021,Fiat,Tipo,Blue,65000,el mahalla,4/5/2025,133342
Fiat 128 1987,Fiat,128,Red,,dakahlia,4/4/2025,178555
Fiat Tipo 2020,Fiat,Tipo,Silver,45000,sheraton,4/4/2025,143860
Fiat 128 1990,Fiat,128,White,500000,shibin el kom,4/4/2025,127132
Fiat Tipo 2021,Fiat,Tipo,Blue,32000,heliopolis,4/4/2025,260029
Fiat Shahin 2001,Fiat,Shahin,White,,dyarb negm,4/4/2025,178860
Fiat 127 1985,Fiat,127,Cyan,,giza,4/4/2025,302560
Fiat Tipo 2020,Fiat,Tipo,Black,10700,alexandria,4/4/2025,379995
Fiat Regata 1985,Fiat,Regata,White,,nasr city,4/4/2025,164237
Fiat Tipo 2021,Fiat,Tipo,Dark grey,75000,6-Oct,4/4/2025,256346
Fiat Tipo 2021,Fiat,Tipo,Blue,32000,heliopolis,4/3/2025,191899
Fiat Punto 2009,Fiat,Punto,Blue,311000,alexandria,4/2/2025,367678
Fiat Tipo 2021,Fiat,Tipo,Dark red,113000,helwan,4/2/2025,266490
Opel Crossland 2021,Opel,Crossland,Red,59000,alexandria,6/2/2025,578658
Opel Crossland 2022,Opel,Crossland,Red,35000,nasr city,6/2/2025,229415
Opel Vectra 2008,Opel,Vectra,Beige,230000,6-Oct,6/2/2025,460571
Opel Crossland 2020,Opel,Crossland,Cyan,121000,dokki,6/2/2025,625911
Opel Crossland 2020,Opel,Crossland,Gray,75000,6-Oct,6/2/2025,376395
Opel Astra 2016,Opel,Astra,Red,200000,mansoura,6/2/2025,533632
Opel Astra 2017,Opel,Astra,Silver,95000,maadi,6/2/2025,552926
Opel Mokka 2022,Opel,Mokka,Red,47000,port said,6/2/2025,641546
Opel Corsa 2007,Opel,Corsa,Black,356000,hadayek october,6/2/2025,628828
Opel Astra 2017,Opel,Astra,Black,98000,tagamo3 - new cairo,6/2/2025,506535
Opel Astra 2014,Opel,Astra,Eggplant,168000,cairo,6/2/2025,642423
Opel Astra 2021,Opel,Astra,Black,175000,cairo,6/2/2025,376816
Opel Vectra 1997,Opel,Vectra,Silver,25000,el haram,6/2/2025,485799
Opel Astra 2005,Opel,Astra,Black,200000,tagamo3 - new cairo,6/2/2025,456420
Opel Insignia 2019,Opel,Insignia,Black,185000,al shorouk,6/2/2025,408817
Opel Astra 2013,Opel,Astra,Silver,155000,kerdasa,6/2/2025,609253
Opel Crossland 2020,Opel,Crossland,Silver,,cairo,6/2/2025,507863
Opel Grandland 2019,Opel,Grandland,Silver,150000,tagamo3 - new cairo,6/2/2025,256871
Opel Vectra 1994,Opel,Vectra,Silver,173000,obour city,6/2/2025,560098
Opel Astra 2015,Opel,Astra,Brown,153000,tagamo3 - new cairo,6/2/2025,282014
Opel Insignia 2015,Opel,Insignia,Dark blue,255000,6-Oct,6/2/2025,590680
Opel Mokka 2016,Opel,Mokka,Mocha,130000,beni suef,6/2/2025,345634
Opel Insignia 2016,Opel,Insignia,Gray,163000,tagamo3 - new cairo,6/2/2025,368573
Opel Astra 2021,Opel,Astra,Mocha,100000,heliopolis,6/2/2025,377745
Opel Astra 2014,Opel,Astra,Red,281000,maadi,6/2/2025,541300
Opel Astra 2015,Opel,Astra,Brown,220000,giza,6/2/2025,463045
Opel Grandland 2021,Opel,Grandland,Dark grey,22000,sheikh zayed city,6/1/2025,210428
Opel Vectra 1997,Opel,Vectra,White,,el mahalla,6/2/2025,359983
Opel Vectra 2008,Opel,Vectra,Silver,36406,heliopolis,6/1/2025,437181
Opel Insignia 2015,Opel,Insignia,White,150000,heliopolis,6/1/2025,347082
Opel Vectra 2008,Opel,Vectra,Gold,178000,heliopolis,6/1/2025,420940
Opel Astra 2019,Opel,Astra,Red,100000,cairo,6/1/2025,492390
Opel Astra 2020,Opel,Astra,Silver,38000,alexandria,6/1/2025,278179
Opel Crossland 2023,Opel,Crossland,Dark blue,37000,cairo,6/1/2025,358526
Opel Astra 2008,Opel,Astra,Silver,310000,maadi,6/1/2025,646039
Opel Astra 2019,Opel,Astra,Silver,91000,madinaty,6/1/2025,335471
Opel Astra 2020,Opel,Astra,Black,140000,mansoura,6/1/2025,243366
Opel Crossland 2020,Opel,Crossland,White,55000,cairo,6/1/2025,402414
Opel Astra 2017Verified User,Opel,Astra,Gray,107000,alexandria,6/1/2025,635553
Opel Astra 2015,Opel,Astra,Gray,226000,mansoura,6/1/2025,365326
Opel Astra 2020,Opel,Astra,Yellow,130000,cairo,5/31/2025,418037
Opel Insignia 2017,Opel,Insignia,Black,96000,obour city,5/31/2025,298150
Opel Astra 2013,Opel,Astra,Bronze,155000,heliopolis,5/31/2025,342377
Opel Corsa 2003,Opel,Corsa,Green,277000,cairo,5/31/2025,291460
Opel Vectra 2008,Opel,Vectra,Silver,205000,nasr city,5/31/2025,331354
Opel Astra 2013,Opel,Astra,Gray,153000,ismailia,5/31/2025,520420
Opel Astra 2013,Opel,Astra,Dark grey,140000,cairo,5/31/2025,543753
Opel Astra 2005,Opel,Astra,Silver,180000,agamy,5/31/2025,205244
Opel Insignia 2015,Opel,Insignia,Black,130000,tagamo3 - new cairo,5/31/2025,311830
Opel Corsa 2004,Opel,Corsa,Dark blue,175000,alexandria,5/31/2025,425741
Opel Astra 2014,Opel,Astra,Black,145000,cairo,5/31/2025,385713
Opel Corsa 2016,Opel,Corsa,Red,108000,sheikh zayed city,5/31/2025,309936
Opel Astra 2021,Opel,Astra,Silver,116400,alexandria,5/31/2025,237580
Opel Vectra 2000,Opel,Vectra,Dark blue,500000,nasr city,5/31/2025,336134
Opel Vectra 2008,Opel,Vectra,Gold,273000,heliopolis,5/31/2025,339345
Opel Vectra 1994,Opel,Vectra,White,300000,monufia,5/30/2025,628485
Opel Grandland 2019,Opel,Grandland,Gray,52000,el haram,5/30/2025,536251
Opel Corsa 2007,Opel,Corsa,Silver,258000,hadayek october,5/30/2025,547576
Opel Grandland 2020,Opel,Grandland,Gray,109000,helwan,5/30/2025,283356
Opel Astra 2013,Opel,Astra,Silver,163000,cairo,5/30/2025,232577
Opel Astra 2017,Opel,Astra,Brown,148000,nasr city,5/30/2025,532229
Opel Astra 2018,Opel,Astra,Mocha,110000,el haram,5/30/2025,514360
Opel Astra 2018,Opel,Astra,Gray,160000,tagamo3 - new cairo,5/30/2025,521855
Opel Astra 2001,Opel,Astra,Dark blue,190000,faqous,5/30/2025,205687
Opel Vectra 1995,Opel,Vectra,White,240000,cairo,5/30/2025,549267
Opel Astra 2020,Opel,Astra,Black,133000,cairo,5/30/2025,230898
Opel Vectra 2008,Opel,Vectra,Silver,216000,cairo,5/30/2025,350216
Opel Insignia 2020,Opel,Insignia,Dark blue,63000,tagamo3 - new cairo,5/29/2025,291794
Opel Astra 2020,Opel,Astra,Black,108000,maadi,5/29/2025,365242
Opel Vectra 2008,Opel,Vectra,Black,248000,6-Oct,5/29/2025,217222
Opel Astra 2017,Opel,Astra,Silver,200000,south sinai,5/29/2025,235422
Opel Vectra 1995,Opel,Vectra,White,153000,el marg,5/29/2025,481103
Opel Astra 2014,Opel,Astra,Black,125000,pyramids gardens,5/29/2025,612559
Opel Insignia 2015,Opel,Insignia,Black,192000,alexandria,5/28/2025,571078
Opel Corsa 2012,Opel,Corsa,Silver,29000,alexandria,5/28/2025,494594
Opel Crossland 2018,Opel,Crossland,Dark grey,139000,tagamo3 - new cairo,5/28/2025,467051
Opel Mokka 2022,Opel,Mokka,Blue,47000,maadi,5/28/2025,607024
Opel Mokka 2022,Opel,Mokka,Blue,38000,alexandria,5/28/2025,562223
Opel Vectra 2008,Opel,Vectra,Silver,216000,nasr city,5/28/2025,218785
Opel Crossland 2020,Opel,Crossland,Silver,70000,madinaty,5/27/2025,487426
Opel Vectra 1998,Opel,Vectra,Dark blue,200000,ain shams,5/27/2025,551845
Opel Astra 2018,Opel,Astra,Silver,93000,shobra,5/27/2025,620121
Opel Astra 2021,Opel,Astra,Silver,780000,cairo,5/27/2025,437404
Opel Vectra 1997,Opel,Vectra,Gold,300000,sadat city,5/27/2025,350807
Opel Astra 2020,Opel,Astra,White,50000,delengat,5/27/2025,602022
Opel Corsa 2013,Opel,Corsa,Black,108000,kafr el-sheikh,5/27/2025,311900
Opel Astra 2016,Opel,Astra,Black,206000,tagamo3 - new cairo,5/27/2025,632123
Opel Corsa 2024,Opel,Corsa,Silver,10000,heliopolis,5/27/2025,639504
Opel Astra 2016,Opel,Astra,Black,138000,mohandessin,5/27/2025,348465
Opel Vectra 1999,Opel,Vectra,Cyan,230000,alexandria,5/27/2025,535048
Opel Astra 2016,Opel,Astra,Silver,136000,mokattam,5/27/2025,648482
Opel Crossland 2021,Opel,Crossland,Silver,115000,sheikh zayed city,5/26/2025,377807
Opel Astra 2020,Opel,Astra,Black,141000,cairo,5/26/2025,607663
Opel Cascada 2018,Opel,Cascada,Dark grey,67000,cairo,5/26/2025,404414
Opel Astra 2013,Opel,Astra,Dark grey,122000,alexandria,5/26/2025,597807
Opel Astra 2020,Opel,Astra,Silver,100000,heliopolis,5/26/2025,263780
Opel Vectra 2021,Opel,Vectra,Dark red,,helwan,5/26/2025,286461
Opel Vectra 2008,Opel,Vectra,Black,214000,6-Oct,5/26/2025,468336
Opel Astra 2008,Opel,Astra,Dark blue,215000,zefta,5/26/2025,382047
Opel Vectra 2008,Opel,Vectra,Black,380000,mokattam,5/26/2025,462174
Opel Insignia 2014,Opel,Insignia,Silver,195000,alexandria,5/26/2025,486656
Opel Astra 2013,Opel,Astra,Black,170000,nasr city,5/25/2025,252421
Opel Crossland 2022,Opel,Crossland,Dark red,40000,sheikh zayed city,5/25/2025,563688
Opel Astra 2015,Opel,Astra,Blue,245000,al shorouk,5/25/2025,414374
Opel Astra 2001,Opel,Astra,Dark blue,247000,faqous,5/25/2025,227056
Opel Corsa 2005,Opel,Corsa,Silver,100000,tagamo3 - new cairo,5/25/2025,283132
Opel Corsa 2005,Opel,Corsa,Silver,220000,gharbia,5/25/2025,463348
Opel Astra 2016,Opel,Astra,Silver,80000,alexandria,5/25/2025,210128
Opel Astra 2004,Opel,Astra,Gray,180000,tagamo3 - new cairo,5/25/2025,232348
Opel Corsa 2022,Opel,Corsa,Blue,90000,heliopolis,5/25/2025,457501
Opel Corsa 2005,Opel,Corsa,White,277000,giza,5/25/2025,471511
Opel Vectra 1996,Opel,Vectra,White,190000,helwan,5/25/2025,318310
Opel Corsa 2003,Opel,Corsa,Silver,40000,khanka,5/24/2025,315247
Opel Insignia 2019,Opel,Insignia,White,165000,tagamo3 - new cairo,5/24/2025,559054
Opel Astra 2015,Opel,Astra,Mocha,192000,heliopolis,5/24/2025,359865
Opel Astra 2015,Opel,Astra,Silver,144000,cairo,5/24/2025,270563
Opel Insignia 2017,Opel,Insignia,Mocha,148000,beni suef,5/24/2025,381906
Opel Insignia 2014,Opel,Insignia,Bronze,147000,tagamo3 - new cairo,5/24/2025,267914
Opel Astra 2015Verified User,Opel,Astra,Brown,135000,mokattam,5/24/2025,537871
Opel Astra 2000,Opel,Astra,Red,370000,tagamo3 - new cairo,5/24/2025,488533
Opel Vectra 1996,Opel,Vectra,Green,200000,red sea,5/24/2025,422278
Opel Astra 2021,Opel,Astra,Black,73000,cairo,5/23/2025,403978
Opel Astra 2020,Opel,Astra,Silver,99000,madinaty,5/23/2025,460851
Opel Corsa 2023,Opel,Corsa,Orange,28000,6-Oct,5/23/2025,493204
Opel Astra 2018,Opel,Astra,Silver,105000,al shorouk,5/23/2025,481276
Opel Vectra 2000,Opel,Vectra,Silver,129000,dakahlia,5/23/2025,624208
Opel Vectra 2008,Opel,Vectra,Black,69000,heliopolis,5/23/2025,375025
Opel Astra 2016,Opel,Astra,Green,112000,nasr city,5/23/2025,455863
Opel Grandland 2021,Opel,Grandland,Silver,39000,nasr city,5/23/2025,552890
Opel Corsa 2012,Opel,Corsa,Black,252000,sheraton,5/23/2025,561678
Opel Astra 2008Verified User,Opel,Astra,Silver,210000,alexandria,5/22/2025,380937
Opel Crossland 2020,Opel,Crossland,Red,78000,heliopolis,5/22/2025,571658
Opel Insignia 2018,Opel,Insignia,Silver,76000,tagamo3 - new cairo,5/22/2025,246080
Opel Astra 2016,Opel,Astra,Petroleum,103000,tagamo3 - new cairo,5/22/2025,415937
Opel Corsa 2003,Opel,Corsa,Gray,370000,qena,5/21/2025,333844
Opel Astra 2014,Opel,Astra,Black,139000,mokattam,5/21/2025,256421
Opel Astra 2020,Opel,Astra,Silver,45000,alexandria,5/21/2025,533254
Opel Insignia 2017,Opel,Insignia,Other,100000,tagamo3 - new cairo,5/21/2025,584527
Opel Insignia 2020,Opel,Insignia,Dark blue,222000,madinaty,5/21/2025,484880
Opel Insignia 2014,Opel,Insignia,Petroleum,130000,tagamo3 - new cairo,5/21/2025,599594
Opel Corsa 2013,Opel,Corsa,Gray,170000,nasr city,5/21/2025,610692
Opel Vectra 2008,Opel,Vectra,Black,137000,mit ghamr,5/21/2025,284462
Opel Vectra 2008Verified User,Opel,Vectra,Black,221000,heliopolis,3/26/2025,583398
Opel Astra 2014,Opel,Astra,Petroleum,160700,tagamo3 - new cairo,5/21/2025,616201
Opel Astra 2003,Opel,Astra,Red,240000,qalyubia,5/21/2025,205708
Opel Corsa 1995,Opel,Corsa,Silver,230000,el haram,5/20/2025,613646
Opel Corsa 2005,Opel,Corsa,Silver,293000,cairo,5/20/2025,461216
Opel Vectra 1994,Opel,Vectra,Red,250000,monufia,5/20/2025,597672
Opel Astra 2017,Opel,Astra,Silver,133000,tagamo3 - new cairo,5/20/2025,267577
Opel Vectra 2003,Opel,Vectra,Silver,300000,giza,5/20/2025,568361
Opel Astra 2017,Opel,Astra,Blue,195000,kafr el-dawwar,5/20/2025,448715
Opel Corsa 2005Verified User,Opel,Corsa,Black,260000,sheikh zayed city,5/20/2025,458438
Opel Vectra 1994,Opel,Vectra,White,411000,sheikh zayed city,5/20/2025,250743
Opel Vectra 1995,Opel,Vectra,Other,400000,qalyubia,5/20/2025,649108
Opel Astra 2020,Opel,Astra,Black,38000,mohandessin,5/20/2025,468404
Opel Astra 2009,Opel,Astra,Dark grey,139000,cairo,5/20/2025,527565
Opel Astra 2018,Opel,Astra,Other,107000,alexandria,5/19/2025,233887
Opel Vectra 2008,Opel,Vectra,Black,88000,alexandria,5/19/2025,200328
Opel Insignia 2019,Opel,Insignia,White,148000,el mahalla,5/19/2025,215626
Opel Astra 2016,Opel,Astra,Dark green,130000,tagamo3 - new cairo,5/19/2025,638184
Opel Corsa 1994,Opel,Corsa,Cyan,265000,cairo,5/19/2025,564794
Opel Astra 2017,Opel,Astra,Silver,119000,nasr city,5/19/2025,236481
Opel Astra 2018,Opel,Astra,Olive,132000,cairo,5/19/2025,251531
Opel Vectra 1998,Opel,Vectra,Red,220000,6-Oct,5/19/2025,482682
Opel Vectra 1999,Opel,Vectra,Gold,300000,sadat city,5/18/2025,206207
Opel Vectra 1994,Opel,Vectra,Silver,209000,mansoura,5/18/2025,470324
Opel Astra 2020,Opel,Astra,Dark grey,145000,tagamo3 - new cairo,5/18/2025,458248
Opel Astra 2020,Opel,Astra,Other,220000,maadi,5/18/2025,546047
Opel Corsa 2022,Opel,Corsa,White,27000,cairo,5/1/2025,320938
Opel Crossland 2018,Opel,Crossland,Dark grey,100000,cairo,5/1/2025,408876
Opel Insignia 2017,Opel,Insignia,Black,215000,nasr city,5/18/2025,460054
Opel Vectra 1998,Opel,Vectra,Black,350000,agamy,5/18/2025,386692
Opel Astra 2004,Opel,Astra,Red,240000,el haram,5/18/2025,467005
Opel Astra 2017,Opel,Astra,Blue,150000,mohandessin,5/18/2025,349057
Opel Astra 2013,Opel,Astra,Bronze,210000,al shorouk,5/18/2025,504038
Opel Astra 2014,Opel,Astra,Bronze,130000,tagamo3 - new cairo,5/18/2025,322411
Opel Astra 2013,Opel,Astra,Gold,50000,tagamo3 - new cairo,5/17/2025,461162
Opel Grandland 2024,Opel,Grandland,White,20000,sheikh zayed city,5/17/2025,361618
Opel Grandland 2019,Opel,Grandland,Red,119000,zagazig,5/17/2025,289638
Opel Corsa 2022,Opel,Corsa,Red,34000,sheikh zayed city,5/17/2025,278517
Opel Astra 2017,Opel,Astra,Dark grey,110000,hadayek october,5/17/2025,493119
Opel Vectra 1994,Opel,Vectra,Red,32000,el salam city,5/17/2025,350748
Opel Mokka 2016,Opel,Mokka,Dark blue,105000,cairo,5/17/2025,542318
Opel Astra 2015,Opel,Astra,Black,190000,6-Oct,5/17/2025,628924
Opel Insignia 2019,Opel,Insignia,Silver,153000,nasr city,5/17/2025,280940
Opel Astra 2007,Opel,Astra,Silver,280000,port said,5/17/2025,513257
Opel Vectra 2008,Opel,Vectra,Black,150000,el haram,5/16/2025,265506
Opel Astra 2015,Opel,Astra,Dark grey,110000,maadi,5/16/2025,497697
Opel Insignia 2014,Opel,Insignia,Silver,175000,tagamo3 - new cairo,4/18/2025,350215
Opel Astra 2014,Opel,Astra,Brown,190000,giza,5/16/2025,469222
Opel Astra 2017,Opel,Astra,Brown,127000,alexandria,5/16/2025,466668
Opel Corsa 1994,Opel,Corsa,White,170000,gharbia,5/16/2025,607461
Opel Insignia 2014,Opel,Insignia,Petroleum,300000,cairo,5/16/2025,386731
Opel Crossland 2023,Opel,Crossland,Dark grey,22000,tagamo3 - new cairo,5/16/2025,451931
Opel Astra 2018,Opel,Astra,Mocha,183000,mansoura,5/16/2025,561419
Opel Astra 2020,Opel,Astra,Silver,82000,giza,5/16/2025,565078
Opel Vectra 2008,Opel,Vectra,Black,175000,maadi,5/15/2025,621099
Opel Crossland 2021,Opel,Crossland,Red,90000,cairo,5/15/2025,261761
Opel Crossland 2021,Opel,Crossland,Blue,83000,cairo,5/15/2025,539024
Opel Crossland 2021,Opel,Crossland,Blue,74000,cairo,5/15/2025,210068
Opel Crossland 2021,Opel,Crossland,Silver,76000,badr city,5/15/2025,598334
Opel Astra 2018,Opel,Astra,Silver,130000,cairo,5/15/2025,204931
Opel Corsa 2012,Opel,Corsa,Silver,103654,cairo,5/15/2025,387347
Opel Crossland 2022Verified User,Opel,Crossland,Blue,46000,nasr city,5/15/2025,286167
Opel Mokka 2023Verified User,Opel,Mokka,Silver,91000,sheikh zayed city,5/15/2025,437241
Opel Astra 2019,Opel,Astra,Green,110000,maadi,5/15/2025,435397
Opel Astra 2013,Opel,Astra,Gray,152000,hurghada,5/15/2025,502548
Opel Grandland 2021,Opel,Grandland,Blue,142000,sheikh zayed city,5/9/2025,541523
Opel Astra 2012,Opel,Astra,Dark blue,177000,nasr city,5/15/2025,203868
Opel Insignia 2018,Opel,Insignia,Black,100000,tagamo3 - new cairo,5/15/2025,245413
Opel Grandland 2021,Opel,Grandland,Gray,125000,tagamo3 - new cairo,5/15/2025,291664
Opel Astra 2017,Opel,Astra,Gray,155000,6-Oct,5/15/2025,418525
Opel Vectra 1995,Opel,Vectra,Green,280537,dokki,5/15/2025,205548
Opel Insignia 2016,Opel,Insignia,Black,208000,tagamo3 - new cairo,5/14/2025,315250
Opel Corsa 2015,Opel,Corsa,Dark blue,160000,6-Oct,5/14/2025,379760
Opel Insignia 2017,Opel,Insignia,Dark blue,186000,mohandessin,5/14/2025,317504
Opel Astra 2017,Opel,Astra,Black,115000,el haram,5/14/2025,548669
Opel Vectra 1999,Opel,Vectra,White,250000,hurghada,5/14/2025,408706
Opel Corsa 1994,Opel,Corsa,Green,200000,6-Oct,5/14/2025,518001
Opel Astra 2021,Opel,Astra,White,110000,beheira,5/14/2025,400928
Opel Insignia 2019,Opel,Insignia,Silver,153000,nasr city,5/14/2025,538697
Opel Astra 2019,Opel,Astra,White,170000,obour city,5/14/2025,493249
Opel Meriva 2016,Opel,Meriva,Petroleum,160000,pyramids gardens,5/14/2025,486864
Opel Corsa 2005,Opel,Corsa,Silver,226000,cairo,5/14/2025,639468
Opel Astra 2013,Opel,Astra,Eggplant,230000,madinaty,5/13/2025,406088
Opel Crossland 2021,Opel,Crossland,Red,82000,helwan,5/13/2025,565327
Opel Crossland 2018,Opel,Crossland,Dark red,77000,tagamo3 - new cairo,5/13/2025,323361
Opel Astra 2017,Opel,Astra,Dark grey,128000,heliopolis,5/13/2025,302011
Opel Corsa 2013,Opel,Corsa,Red,92000,nasr city,5/13/2025,544421
Opel Insignia 2019Verified User,Opel,Insignia,Dark blue,170000,nasr city,5/13/2025,546726
Opel Insignia 2016,Opel,Insignia,Black,160000,nasr city,5/13/2025,534623
Opel Vectra 2008,Opel,Vectra,Silver,127000,cairo,5/13/2025,482956
Opel Astra 2020,Opel,Astra,White,127000,alexandria,5/13/2025,434362
Opel Meriva 2016,Opel,Meriva,White,162000,alexandria,5/13/2025,462012
Opel Vectra 2007,Opel,Vectra,Cyan,207000,mokattam,5/13/2025,369798
Opel Insignia 2014,Opel,Insignia,Black,137000,sohag,5/13/2025,630344
Opel Astra 2017,Opel,Astra,Silver,55000,zagazig,5/12/2025,244631
Opel Astra 2017,Opel,Astra,Brown,137000,6-Oct,5/12/2025,294345
Opel Astra 2017,Opel,Astra,Silver,196000,cairo,5/12/2025,642082
Opel Corsa 2004,Opel,Corsa,White,,beheira,5/12/2025,418104
Opel Astra 2018,Opel,Astra,Bronze,138000,qena,5/12/2025,326948
Opel Crossland 2022,Opel,Crossland,Blue,65000,nasr city,5/12/2025,283842
Opel Astra 2016,Opel,Astra,Red,192000,zagazig,5/12/2025,553629
Opel Astra 2020,Opel,Astra,Black,184000,cairo,5/11/2025,221299
Opel Insignia 2015,Opel,Insignia,Black,171000,helwan,5/11/2025,503986
Opel Astra 2017,Opel,Astra,Black,174000,6-Oct,5/11/2025,456307
Opel Astra 2021,Opel,Astra,Red,97000,6-Oct,5/11/2025,599481
Opel Astra 2013,Opel,Astra,Blue,85000,mohandessin,5/11/2025,596462
Opel Astra 2013,Opel,Astra,Dark grey,163100,saft el laban,5/11/2025,269133
Opel Astra 2013,Opel,Astra,Black,230000,helwan,5/11/2025,518557
Opel Vectra 2008,Opel,Vectra,Black,165000,heliopolis,5/11/2025,392605
Opel Grandland 2020,Opel,Grandland,Dark grey,30000,cairo,5/11/2025,366580
Opel Corsa 2005,Opel,Corsa,Black,260000,imbaba,5/5/2025,572831
Opel Astra 2017,Opel,Astra,White,171000,alexandria,5/11/2025,611809
Opel Astra 2014,Opel,Astra,Silver,119000,mokattam,5/10/2025,260633
Opel Astra 2020,Opel,Astra,Silver,112000,nasr city,5/10/2025,327624
Opel Astra 2020,Opel,Astra,Dark grey,126500,nasr city,5/10/2025,527445
Opel Astra 2021,Opel,Astra,Black,38000,gharbia,5/10/2025,577869
Opel Meriva 2016,Opel,Meriva,Dark grey,163000,cairo,5/10/2025,425147
Opel Meriva 2016,Opel,Meriva,Dark grey,157000,cairo,5/10/2025,216585
Opel Vectra 2002,Opel,Vectra,Black,300000,giza,5/10/2025,604650
Opel Corsa 2013,Opel,Corsa,Dark red,150000,6-Oct,5/10/2025,623214
Opel Astra 2022,Opel,Astra,Black,120000,tagamo3 - new cairo,5/9/2025,536722
Opel Vectra 1996,Opel,Vectra,Dark green,150000,el minya,5/9/2025,466722
Opel Astra 2007,Opel,Astra,Black,320000,ismailia,5/8/2025,403113
Opel Astra 2021,Opel,Astra,Silver,70000,nasr city,5/8/2025,212573
Opel Vectra 2008,Opel,Vectra,Black,260000,tagamo3 - new cairo,5/8/2025,631632
Opel Insignia 2017,Opel,Insignia,Black,213000,giza,5/8/2025,359836
Opel Mokka 2022Verified User,Opel,Mokka,White,82000,sheikh zayed city,5/8/2025,557554
Opel Vectra 2009,Opel,Vectra,Black,120000,alexandria,5/8/2025,506082
Opel Astra 2019,Opel,Astra,Silver,245000,dokki,5/7/2025,540267
Opel Crossland 2021,Opel,Crossland,Blue,80000,saft el laban,5/7/2025,271337
Opel Astra 2016,Opel,Astra,Silver,120000,nasr city,5/7/2025,491394
Opel Corsa 2007,Opel,Corsa,Green,280000,mohandessin,5/7/2025,354562
Opel Vectra 1997,Opel,Vectra,Champagne,300000,6-Oct,5/7/2025,230223
Opel Astra 2021,Opel,Astra,Gray,86000,cairo,5/7/2025,431187
Opel Astra 2021,Opel,Astra,Olive,160000,el qanater el khayreya,5/7/2025,592655
Opel Astra 2013,Opel,Astra,Dark grey,330000,zagazig,5/7/2025,600495
Opel Astra 2005,Opel,Astra,Silver,330000,cairo,5/7/2025,581346
Opel Corsa 2016,Opel,Corsa,Dark blue,76000,cairo,5/6/2025,623681
Opel Insignia 2014,Opel,Insignia,Black,180000,maadi,5/6/2025,248328
Opel Insignia 2016,Opel,Insignia,Dark green,107000,6-Oct,5/6/2025,392313
Opel Astra 2008,Opel,Astra,Silver,340000,cairo,5/6/2025,475499
Opel Astra 2021,Opel,Astra,White,135000,alexandria,5/6/2025,227417
Opel Crossland 2019,Opel,Crossland,Silver,169000,6-Oct,5/6/2025,268296
Opel Vectra 1995,Opel,Vectra,White,320000,sadat city,5/5/2025,251011
Opel Vectra 2008,Opel,Vectra,Silver,80000,6-Oct,5/5/2025,513335
Opel Vectra 2008,Opel,Vectra,Black,175000,maadi,5/5/2025,322761
Opel Astra 2005,Opel,Astra,Silver,240000,tagamo3 - new cairo,5/5/2025,637607
Opel Astra 2020,Opel,Astra,Gray,194000,cairo,5/5/2025,647061
Opel Astra 2017,Opel,Astra,Eggplant,213000,6-Oct,5/5/2025,337015
Opel Corsa 2013,Opel,Corsa,Beige,158000,tagamo3 - new cairo,5/5/2025,522096
Opel Astra 2017,Opel,Astra,Silver,189000,mokattam,5/5/2025,500676
Opel Corsa 2006,Opel,Corsa,Dark blue,311000,obour city,5/4/2025,314354
Opel Vectra 1995,Opel,Vectra,Red,121000,abu qir,5/4/2025,279549
Opel Astra 2017,Opel,Astra,Dark green,112000,alexandria,5/4/2025,593511
Opel Vectra 2008,Opel,Vectra,Silver,200000,6-Oct,5/4/2025,221280
Opel Astra 2020,Opel,Astra,Silver,104000,cairo,5/3/2025,203639
Opel Mokka 2024,Opel,Mokka,Red,13000,tagamo3 - new cairo,5/2/2025,549802
Opel Astra 2013,Opel,Astra,Dark grey,175000,dokki,5/2/2025,248955
Opel Cascada 2017,Opel,Cascada,White,90000,cairo,5/2/2025,243295
Opel Crossland 2022,Opel,Crossland,Silver,11000,el minya,5/2/2025,327781
Opel Astra 2009,Opel,Astra,Silver,194000,el katameya,5/1/2025,406660
Opel Astra 2014,Opel,Astra,Blue,153000,cairo,5/1/2025,338293
Opel Crossland 2022,Opel,Crossland,Silver,60000,6-Oct,5/1/2025,646963
Opel Astra 2021,Opel,Astra,Gray,58000,beni suef,5/1/2025,402321
Opel Mokka 2016,Opel,Mokka,Black,142000,mokattam,5/1/2025,617192
Opel Corsa 2005,Opel,Corsa,Black,,6-Oct,5/1/2025,374547
Opel Grandland 2018,Opel,Grandland,Dark red,115000,tagamo3 - new cairo,4/30/2025,647672
Opel Vectra 2007,Opel,Vectra,Gold,,amreya,4/30/2025,649008
Opel Astra 2016,Opel,Astra,Brown,155000,tagamo3 - new cairo,4/29/2025,211072
Opel Vectra 1994,Opel,Vectra,Green,420000,tagamo3 - new cairo,4/29/2025,618180
Opel Astra 2021,Opel,Astra,Silver,128000,pyramids gardens,4/29/2025,266076
Opel Vectra 1991,Opel,Vectra,Red,485000,shobra,4/29/2025,465143
Opel Crossland 2020,Opel,Crossland,Black,108000,zagazig,4/29/2025,558400
Opel Astra 2016,Opel,Astra,Dark green,103000,sheikh zayed city,4/29/2025,565299
Opel Crossland 2020,Opel,Crossland,Cyan,121000,6-Oct,4/29/2025,322676
Opel Corsa 2023,Opel,Corsa,White,54000,shobra,4/29/2025,333355
Opel Corsa 2012,Opel,Corsa,Gray,110000,alexandria,4/29/2025,580150
Opel Astra 2019,Opel,Astra,Silver,158000,mansoura,4/29/2025,482953
Opel Vectra 2003,Opel,Vectra,Silver,250000,helwan,4/28/2025,565271
Opel Grandland 2020,Opel,Grandland,White,107000,6-Oct,4/28/2025,241554
Opel Vectra 1996,Opel,Vectra,White,190000,giza,4/28/2025,558853
Opel Grandland 2019,Opel,Grandland,Silver,102500,cairo,4/28/2025,294794
Opel Vectra 2007,Opel,Vectra,Black,120000,tagamo3 - new cairo,4/28/2025,373908
Opel Grandland 2024,Opel,Grandland,White,,alexandria,4/28/2025,259883
Opel Astra 2018,Opel,Astra,Dark red,122000,cairo,4/28/2025,455500
Opel Astra 2019,Opel,Astra,Black,104000,alexandria,4/28/2025,206766
Opel Astra 2013,Opel,Astra,Dark grey,119000,al shorouk,4/28/2025,295465
Opel Astra 2008,Opel,Astra,Black,303000,cairo,4/28/2025,604462
Opel Corsa 2005,Opel,Corsa,Bronze,200000,shibin el kom,4/28/2025,531215
Opel Astra 2017,Opel,Astra,Silver,196000,6-Oct,4/27/2025,221393
Opel Vectra 1999,Opel,Vectra,Green,250000,tagamo3 - new cairo,4/27/2025,353917
Opel Vectra 2007,Opel,Vectra,Silver,226000,6-Oct,4/27/2025,597127
Opel Insignia 2015,Opel,Insignia,Black,232000,nasr city,4/27/2025,566453
Opel Corsa 2012,Opel,Corsa,Dark blue,150000,tagamo3 - new cairo,4/27/2025,336819
Opel Corsa 2004,Opel,Corsa,Dark green,280000,el haram,4/27/2025,465929
Opel Vectra 1998,Opel,Vectra,Dark blue,285000,dokki,4/26/2025,261738
Opel Insignia 2018,Opel,Insignia,Brown,126000,cairo,4/26/2025,549213
Opel Astra 2016,Opel,Astra,Black,180000,giza,4/26/2025,295469
Opel Grandland 2019,Opel,Grandland,Red,167000,sheikh zayed city,4/26/2025,553458
Opel Corsa 1994,Opel,Corsa,Blue,100000,ismailia,4/26/2025,200350
Opel Grandland 2022,Opel,Grandland,White,20000,zamalek,4/25/2025,397601
Opel Astra 2018,Opel,Astra,Black,80000,sheikh zayed city,4/25/2025,322487
Opel Astra 2021,Opel,Astra,White,116000,tagamo3 - new cairo,4/25/2025,296010
Opel Vectra 1998,Opel,Vectra,Silver,,damanhur,4/25/2025,510826
Opel Vectra 1997,Opel,Vectra,Silver,250000,cairo,4/25/2025,607763
Opel Crossland 2020,Opel,Crossland,Dark grey,69000,alexandria,4/25/2025,298783
Opel Insignia 2016,Opel,Insignia,Dark blue,223000,tagamo3 - new cairo,4/25/2025,247626
Opel Astra 2013,Opel,Astra,Petroleum,145000,al shorouk,4/25/2025,423625
Opel Crossland 2022,Opel,Crossland,White,74000,6-Oct,4/24/2025,594996
Opel Astra 2008,Opel,Astra,Dark grey,160000,alexandria,4/24/2025,595079
Opel Astra 2017,Opel,Astra,Eggplant,84000,cairo,4/24/2025,378392
Opel Corsa 2005,Opel,Corsa,Silver,245000,alexandria,4/24/2025,305056
Opel Grandland 2019,Opel,Grandland,Blue,235000,10th of ramadan,4/24/2025,536309
Opel Astra 2000,Opel,Astra,Black,,mansoura,4/24/2025,583489
Opel Vectra 2007,Opel,Vectra,Blue,120000,alexandria,4/24/2025,273581
Opel Grandland 2018,Opel,Grandland,Black,161000,cairo,4/23/2025,325992
Opel Corsa 2004,Opel,Corsa,Silver,273000,alexandria,4/23/2025,567134
Opel Astra 2000,Opel,Astra,Green,200000,faqous,4/23/2025,608980
Opel Insignia 2016,Opel,Insignia,Brown,182000,sadat city,4/23/2025,313268
Opel Astra 2014,Opel,Astra,Black,220000,mokattam,4/23/2025,247351
Opel Crossland 2020,Opel,Crossland,Black,112000,6-Oct,4/23/2025,625785
Opel Corsa 2018,Opel,Corsa,Dark grey,42000,sheikh zayed city,4/22/2025,243022
Opel Grandland 2019,Opel,Grandland,White,142000,tagamo3 - new cairo,4/22/2025,240581
Opel Corsa 2000,Opel,Corsa,Blue,170000,gharbia,4/22/2025,241747
Opel Insignia 2018,Opel,Insignia,Dark blue,119000,pyramids gardens,4/22/2025,532660
Opel Astra 2001,Opel,Astra,Silver,220000,cairo,4/22/2025,378490
Opel Astra 2019,Opel,Astra,Red,114000,alexandria,4/22/2025,527675
Opel Vectra 1998,Opel,Vectra,Gold,300000,giza,4/22/2025,620909
Opel Astra 2016,Opel,Astra,Red,55000,tagamo3 - new cairo,4/21/2025,477798
Opel Astra 2017,Opel,Astra,Gray,145000,mokattam,4/21/2025,511929
Opel Astra 2017,Opel,Astra,Silver,129000,al shorouk,4/21/2025,446811
Opel Astra 2005,Opel,Astra,Silver,136000,red sea,4/21/2025,504443
Opel Astra 2017,Opel,Astra,Brown,200000,giza,4/21/2025,446869
Opel Astra 2019,Opel,Astra,Gray,93500,alexandria,4/21/2025,519405
Opel Insignia 2014,Opel,Insignia,Dark red,150000,alexandria,4/20/2025,325902
Opel Grandland 2024,Opel,Grandland,Black,50000,al shorouk,4/20/2025,509287
Opel Astra 2017,Opel,Astra,White,135000,alexandria,4/20/2025,532271
Opel Astra 2014,Opel,Astra,Brown,145000,alexandria,4/20/2025,362201
Opel Astra 2007,Opel,Astra,Petroleum,300000,al shorouk,4/20/2025,601635
Opel Vectra 2008,Opel,Vectra,Black,280000,cairo,4/20/2025,370655
Opel Corsa 2003,Opel,Corsa,Silver,183000,maadi,4/20/2025,359090
Opel Astra 2016,Opel,Astra,Silver,147000,mokattam,4/20/2025,630472
Opel Astra 2003,Opel,Astra,Red,250000,al shorouk,4/20/2025,271537
Opel Mokka 2016,Opel,Mokka,Red,130000,madinaty,4/20/2025,207028
Opel Insignia 2016,Opel,Insignia,Black,210000,el haram,4/20/2025,525878
Opel Astra 2008,Opel,Astra,Gray,182000,mokattam,4/20/2025,629099
Opel Astra 2020,Opel,Astra,Silver,190000,al shorouk,4/20/2025,263803
Opel Astra 2014,Opel,Astra,Gray,158000,mohandessin,4/20/2025,618631
Opel Insignia 2016,Opel,Insignia,Silver,228000,6-Oct,4/20/2025,486808
Opel Insignia 2016,Opel,Insignia,Black,150000,10th of ramadan,4/20/2025,225963
Opel Astra 2016,Opel,Astra,Dark red,240000,giza,4/19/2025,429674
Opel Grandland 2024,Opel,Grandland,White,,zagazig,4/19/2025,281800
Opel Astra 2013,Opel,Astra,Petroleum,188000,tanta,4/19/2025,600266
Opel Insignia 2014,Opel,Insignia,Black,166000,cairo,4/19/2025,236862
Opel Astra 2015,Opel,Astra,Black,270000,tanta,4/19/2025,347730
Opel Insignia 2016,Opel,Insignia,Dark grey,150000,kafr el-sheikh,4/19/2025,377921
Opel Mokka 2016,Opel,Mokka,White,116000,6-Oct,4/19/2025,553723
Opel Vectra 1994,Opel,Vectra,Dark blue,200000,red sea,4/19/2025,225388
Opel Astra 2004,Opel,Astra,Silver,227000,heliopolis,4/19/2025,517362
Opel Astra 2016,Opel,Astra,Brown,222000,maadi,4/18/2025,633904
Opel Corsa 2012,Opel,Corsa,Black,161000,zamalek,4/18/2025,345282
Opel Astra 2008,Opel,Astra,Silver,140000,6-Oct,4/18/2025,419261
Opel Astra 2013,Opel,Astra,Bronze,199000,el katameya,4/18/2025,518310
Opel Astra 2018,Opel,Astra,White,160000,damietta,3/29/2025,415057
Opel Vectra 2008,Opel,Vectra,Black,320000,mansoura,4/18/2025,451853
Opel Astra 2013,Opel,Astra,Petroleum,320000,10th of ramadan,4/18/2025,634280
Opel Astra 2020,Opel,Astra,Olive,130000,madinaty,4/18/2025,620694
Opel Astra 2021,Opel,Astra,Red,44000,alexandria,4/17/2025,450736
Opel Vectra 1997,Opel,Vectra,Dark red,390000,tanta,4/17/2025,299782
Opel Corsa 2004,Opel,Corsa,Silver,176000,el katameya,4/17/2025,288723
Opel Astra 2020,Opel,Astra,Silver,77000,el mahalla,4/17/2025,241481
Opel Insignia 2018,Opel,Insignia,Brown,120500,banha,4/16/2025,315526
Opel Grandland 2021,Opel,Grandland,Blue,50000,tagamo3 - new cairo,4/17/2025,511236
Opel Crossland 2021,Opel,Crossland,Red,37000,nasr city,4/17/2025,207284
Opel Crossland 2022,Opel,Crossland,Red,80000,tagamo3 - new cairo,4/17/2025,243345
Opel Corsa 2007,Opel,Corsa,Dark grey,180000,alexandria,4/17/2025,336450
Opel Astra 2021,Opel,Astra,Black,141000,giza,4/17/2025,498616
Opel Astra 2016,Opel,Astra,Silver,210000,al shorouk,4/17/2025,603986
Opel Astra 2016,Opel,Astra,Silver,160000,maadi,4/17/2025,455824
Opel Insignia 2014,Opel,Insignia,Olive,118000,alexandria,4/16/2025,280833
Opel Vectra 1994,Opel,Vectra,Blue,230000,alexandria,4/16/2025,245901
Opel Astra 2015Verified User,Opel,Astra,Black,117000,pyramids gardens,4/16/2025,554482
Opel Astra 2019,Opel,Astra,Black,180000,cairo,4/16/2025,233014
Opel Astra 2015,Opel,Astra,Eggplant,222000,maadi,4/16/2025,297928
Opel Astra 2020,Opel,Astra,Silver,121000,al shorouk,4/16/2025,255211
Opel Astra 2019,Opel,Astra,Silver,158000,tagamo3 - new cairo,4/16/2025,305766
Opel Vectra 2008,Opel,Vectra,Silver,126000,cairo,4/16/2025,645510
Opel Astra 2021,Opel,Astra,Red,48617,suez,4/15/2025,535407
Opel Corsa 2012,Opel,Corsa,Black,212000,heliopolis,4/15/2025,345733
Opel Insignia 2014,Opel,Insignia,Eggplant,277000,giza,4/12/2025,325217
Opel Insignia 2014,Opel,Insignia,Black,160000,obour city,4/15/2025,597480
Opel Mokka 2016,Opel,Mokka,Black,130000,heliopolis,4/15/2025,595931
Opel Astra 2015,Opel,Astra,Black,149000,cairo,4/14/2025,306952
Opel Crossland 2022,Opel,Crossland,Red,17000,6-Oct,4/14/2025,461605
Opel Crossland 2021,Opel,Crossland,White,53000,6-Oct,4/14/2025,320341
Opel Grandland 2020,Opel,Grandland,White,106000,6-Oct,4/14/2025,519803
Opel Astra 2001,Opel,Astra,Silver,200000,banha,4/14/2025,280390
Opel Astra 2015,Opel,Astra,Silver,177000,6-Oct,4/14/2025,564716
Opel Astra 2021,Opel,Astra,Gray,130000,sheikh zayed city,4/14/2025,629341
Opel Astra 2018,Opel,Astra,Dark blue,95000,sheikh zayed city,4/14/2025,358117
Opel Astra 2019,Opel,Astra,Red,75000,mokattam,4/14/2025,561487
Opel Crossland 2020,Opel,Crossland,Dark grey,46000,alexandria,4/13/2025,572265
Opel Astra 2016,Opel,Astra,Red,198000,beni suef,4/13/2025,491891
Opel Mokka 2016,Opel,Mokka,Silver,90000,kafr el-sheikh,4/13/2025,322523
Opel Astra 2020,Opel,Astra,Silver,77000,alexandria,4/13/2025,322259
Opel Astra 2014,Opel,Astra,Gray,230000,mohandessin,4/13/2025,337100
Opel Astra 2017,Opel,Astra,Gray,132000,sheikh zayed city,4/12/2025,486235
Opel Vectra 1994,Opel,Vectra,Dark blue,200000,10th of ramadan,4/12/2025,339630
Opel Mokka 2016,Opel,Mokka,Brown,160000,cairo,4/12/2025,509336
Opel Corsa 2003,Opel,Corsa,Silver,154000,giza,4/12/2025,487475
Opel Mokka 2016,Opel,Mokka,White,99000,kafr el-sheikh,4/12/2025,268002
Opel Corsa 2016,Opel,Corsa,Silver,92000,kafr el-sheikh,4/11/2025,201443
Opel Astra 2019,Opel,Astra,Dark green,161000,tagamo3 - new cairo,4/11/2025,286506
Opel Grandland 2019,Opel,Grandland,Red,181000,el qanater el khayreya,4/11/2025,228525
Opel Grandland 2021,Opel,Grandland,Silver,12000,alexandria,4/11/2025,563135
Opel Astra 2018,Opel,Astra,Silver,98000,cairo,4/11/2025,420682
Opel Grandland 2018,Opel,Grandland,Gold,146000,alexandria,4/11/2025,304050
Opel Astra 2019Verified User,Opel,Astra,White,175000,nasr city,4/10/2025,586835
Opel Astra 2017,Opel,Astra,Black,181000,tagamo3 - new cairo,4/10/2025,329394
Opel Crossland 2021Verified User,Opel,Crossland,Gray,35000,alexandria,3/21/2025,632608
Opel Astra 2015,Opel,Astra,Black,235000,mokattam,4/10/2025,368500
Opel Grandland 2021,Opel,Grandland,White,21500,tanta,4/10/2025,306699
Opel Astra 2020,Opel,Astra,Dark grey,160000,banha,4/10/2025,614272
Opel Astra 2016Verified User,Opel,Astra,Silver,120000,6-Oct,4/10/2025,409685
Opel Astra 2013,Opel,Astra,Black,255000,cairo,4/10/2025,593051
Opel Crossland 2022,Opel,Crossland,Silver,19500,tagamo3 - new cairo,4/9/2025,350965
Opel Astra 2003,Opel,Astra,White,170000,sharqia,4/9/2025,598282
Opel Astra 2019,Opel,Astra,Black,169000,sheikh zayed city,4/9/2025,272103
Opel Astra 2013,Opel,Astra,Mocha,174000,sheraton,4/9/2025,571991
Opel Astra 2020,Opel,Astra,Silver,164000,rosetta,4/9/2025,408994
Opel Vectra 2008,Opel,Vectra,Cyan,130000,cairo,4/8/2025,307834
Opel Crossland 2020,Opel,Crossland,Black,138000,nasr city,4/8/2025,493457
Opel Vectra 1998,Opel,Vectra,Black,320000,alexandria,4/8/2025,586329
Opel Astra 2020,Opel,Astra,Silver,145000,tagamo3 - new cairo,4/8/2025,472633
Opel Vectra 2000,Opel,Vectra,Dark red,200000,mokattam,4/8/2025,390211
Opel Vectra 2007,Opel,Vectra,Black,200000,giza,4/8/2025,513616
Opel Astra 2019,Opel,Astra,Gray,130000,asyut,4/7/2025,567220
Opel Mokka 2016,Opel,Mokka,Gray,178000,el haram,4/7/2025,564413
Opel Crossland 2021,Opel,Crossland,Blue,65000,nasr city,4/7/2025,337713
Opel Insignia 2020,Opel,Insignia,White,158000,agamy,4/7/2025,574617
Opel Astra 2016,Opel,Astra,Blue,190000,el haram,4/7/2025,452915
Opel Astra 2017,Opel,Astra,Dark grey,168000,port said,4/6/2025,622888
Opel Astra 2021,Opel,Astra,Dark green,92000,obour city,4/6/2025,629341
Opel Astra 2008,Opel,Astra,Dark grey,267000,6-Oct,4/6/2025,431378
Opel Vectra 2008,Opel,Vectra,Gray,280000,sohag,4/6/2025,585888
Opel Astra 2015,Opel,Astra,Silver,67000,nasr city,4/6/2025,361235
Opel Insignia 2017,Opel,Insignia,Dark grey,138000,sheikh zayed city,4/5/2025,415307
Opel Astra 2021,Opel,Astra,Silver,51000,tagamo3 - new cairo,4/5/2025,307960
Opel Corsa 2018,Opel,Corsa,Dark blue,89000,tagamo3 - new cairo,4/5/2025,505513
Opel Vectra 1995,Opel,Vectra,White,270000,alexandria,4/5/2025,600320
Opel Astra 2015,Opel,Astra,Dark grey,135000,tagamo3 - new cairo,4/5/2025,387504
Opel Tigra 1997,Opel,Tigra,Red,230000,tanta,4/5/2025,544366
Opel Mokka 2022,Opel,Mokka,White,87000,cairo,4/5/2025,406564
Opel Vectra 2000,Opel,Vectra,Dark red,204000,cairo,4/4/2025,494245
Opel Astra 2015,Opel,Astra,Red,100000,mansoura,4/4/2025,558259
Opel Astra 1992,Opel,Astra,Blue,155000,obour city,4/4/2025,335170
Opel Astra 2013,Opel,Astra,Petroleum,239000,6-Oct,4/4/2025,412202
Opel Vectra 2003,Opel,Vectra,Dark green,170000,al shorouk,4/4/2025,343944
Opel Grandland 2018,Opel,Grandland,Silver,260000,al shorouk,4/3/2025,588943
Opel Vectra 2001,Opel,Vectra,Silver,271000,6-Oct,4/3/2025,385586
Opel Insignia 2017,Opel,Insignia,Black,170000,tagamo3 - new cairo,4/3/2025,247998
Opel Mokka 2022,Opel,Mokka,Green,28000,10th of ramadan,4/3/2025,616846
Opel Insignia 2019,Opel,Insignia,White,118000,tagamo3 - new cairo,4/3/2025,641182
Opel Vectra 2002,Opel,Vectra,Silver,200000,luxor,4/3/2025,227542
Opel Grandland 2018,Opel,Grandland,Silver,170000,dokki,4/3/2025,367200
Opel Astra 2015,Opel,Astra,Black,190000,tagamo3 - new cairo,4/3/2025,284379
Opel Insignia 2016,Opel,Insignia,Black,318000,tagamo3 - new cairo,4/3/2025,299491
Opel Corsa 2022,Opel,Corsa,Red,50000,tagamo3 - new cairo,4/3/2025,376149
Opel Astra 2013,Opel,Astra,Silver,201500,6-Oct,4/3/2025,421377
Opel Vectra 1997,Opel,Vectra,White,254000,helwan,4/2/2025,575726
Opel Mokka 2016,Opel,Mokka,Mocha,150000,heliopolis,4/2/2025,383283
Opel Insignia 2017Verified User,Opel,Insignia,Silver,185000,tagamo3 - new cairo,4/2/2025,316099
Opel Insignia 2014,Opel,Insignia,Black,100000,cairo,4/1/2025,229135
Opel Vectra 2008,Opel,Vectra,Silver,365000,tagamo3 - new cairo,3/31/2025,244525
Opel Corsa 2022,Opel,Corsa,Silver,60000,maadi,3/31/2025,497931
Opel Astra 2018,Opel,Astra,Black,95000,sharm el-sheikh,3/30/2025,591497
Opel Corsa 2004Verified User,Opel,Corsa,Silver,500000,sohag,3/30/2025,309446
Opel Corsa E 2016Verified User,Opel,Corsa E,White,120000,tagamo3 - new cairo,3/29/2025,579308
Opel Corsa 2004,Opel,Corsa,White,228000,giza,3/28/2025,319401
Opel Astra 2015,Opel,Astra,Blue,117000,cairo,3/27/2025,610431
Opel Grandland 2021,Opel,Grandland,Red,115000,tagamo3 - new cairo,3/27/2025,508153
Opel Vectra 1996,Opel,Vectra,Red,280000,red sea,3/27/2025,517170
Opel Astra 2019,Opel,Astra,Black,82000,alexandria,3/26/2025,424066
Opel Grandland 2020,Opel,Grandland,Dark red,76000,tagamo3 - new cairo,3/26/2025,448659
Opel Insignia 2017,Opel,Insignia,Black,135000,cairo,3/26/2025,370075
Opel Vectra 2002,Opel,Vectra,White,300000,cairo,3/25/2025,544401
Opel Astra 2015,Opel,Astra,Dark grey,220000,tagamo3 - new cairo,3/25/2025,223984
Opel Astra 2019,Opel,Astra,Gray,152000,mohandessin,3/25/2025,208315
Opel Corsa 2012,Opel,Corsa,Silver,200000,sheikh zayed city,3/25/2025,255285
Opel Astra 2017,Opel,Astra,Silver,119000,ismailia,3/25/2025,540098
Opel Crossland 2021,Opel,Crossland,Red,116000,6-Oct,3/25/2025,468874
Opel Astra 2015,Opel,Astra,Eggplant,140000,tagamo3 - new cairo,3/25/2025,348405
Opel Corsa 2012,Opel,Corsa,Blue,255000,cairo,3/25/2025,355074
Opel Insignia 2019,Opel,Insignia,Dark blue,94000,sheraton,3/24/2025,588030
Opel Insignia 2015,Opel,Insignia,Olive,240000,al shorouk,3/24/2025,259151
Opel Vectra 2008,Opel,Vectra,Cyan,136000,giza,3/24/2025,391706
Opel Insignia 2014,Opel,Insignia,Black,202000,nasr city,3/24/2025,357088
Opel Astra 2020,Opel,Astra,Dark grey,150000,hurghada,3/24/2025,209437
Opel Insignia 2020,Opel,Insignia,Silver,25000,tanta,3/24/2025,617432
Opel Astra 2000,Opel,Astra,Silver,360000,shobra,3/24/2025,323800
Opel Vectra 2008,Opel,Vectra,Silver,365000,tagamo3 - new cairo,3/24/2025,303015
Opel Astra 2015,Opel,Astra,Black,230000,alexandria,3/24/2025,290948
Opel Insignia 2017,Opel,Insignia,Eggplant,69000,madinaty,3/24/2025,352034
Skoda Octavia A7 2016,Skoda,Octavia A7,Gray,170000,6-Oct,6/2/2025,412390
Skoda Octavia A7 2014,Skoda,Octavia A7,Gold,212000,cairo,6/2/2025,637019
Skoda Fantasia 2012,Skoda,Fantasia,Black,300000,faiyum,6/2/2025,266693
Skoda Karoq 2021,Skoda,Karoq,Silver,87000,cairo,6/2/2025,410409
Skoda Kodiaq 2022Verified User,Skoda,Kodiaq,Black,30000,beheira,6/2/2025,641643
Skoda Fantasia 2010,Skoda,Fantasia,Gray,156000,tagamo3 - new cairo,6/2/2025,517751
Skoda Octavia A7 2020,Skoda,Octavia A7,Mocha,75000,tagamo3 - new cairo,6/2/2025,770357
Skoda Octavia A8 2021Verified User,Skoda,Octavia A8,Silver,15000,tagamo3 - new cairo,6/2/2025,726817
Skoda Octavia A7 2016,Skoda,Octavia A7,Black,194000,sheraton,6/2/2025,535795
Skoda Octavia A8 2021,Skoda,Octavia A8,White,85000,6-Oct,6/2/2025,380876
Skoda Octavia A7 2015,Skoda,Octavia A7,Cyan,200000,el mahalla,6/2/2025,761482
Skoda Kodiaq 2021Verified User,Skoda,Kodiaq,Dark grey,49000,cairo,6/2/2025,561164
Skoda Octavia A7 2014,Skoda,Octavia A7,Black,208000,sadat city,6/2/2025,316946
Skoda Felicia 1997,Skoda,Felicia,Dark red,300000,mohandessin,6/2/2025,265149
Skoda Superb 2021,Skoda,Superb,Silver,135000,ismailia,6/2/2025,316972
Skoda Octavia A7 2015,Skoda,Octavia A7,Silver,190000,ismailia,6/2/2025,560072
Skoda Octavia A4 1999,Skoda,Octavia A4,Silver,315000,tagamo3 - new cairo,6/2/2025,380841
Skoda Felicia combi 1997,Skoda,Felicia combi,Silver,250000,sharqia,6/2/2025,376320
Skoda Octavia A4 2003,Skoda,Octavia A4,Blue,212000,cairo,6/2/2025,606119
Skoda Octavia A4 2003,Skoda,Octavia A4,Black,290000,heliopolis,6/2/2025,392519
Skoda Felicia 1997,Skoda,Felicia,Red,93000,10th of ramadan,6/2/2025,739910
Skoda Karoq 2020,Skoda,Karoq,Blue,56000,cairo,6/2/2025,428374
Skoda Felicia 1995,Skoda,Felicia,Red,,el mahalla,6/2/2025,521659
Skoda Kodiaq 2024,Skoda,Kodiaq,Black,19000,tanta,6/1/2025,531088
Skoda Octavia A4 2007,Skoda,Octavia A4,Gold,248000,alexandria,6/1/2025,615012
Skoda Kodiaq 2023,Skoda,Kodiaq,Dark grey,1500,nasr city,6/1/2025,346348
Skoda Superb 2021Verified User,Skoda,Superb,Dark blue,60000,tagamo3 - new cairo,6/1/2025,394796
Skoda Fantasia 2010,Skoda,Fantasia,Black,250000,ain shams,6/1/2025,592153
Skoda Octavia A5 2005,Skoda,Octavia A5,Red,168000,el mahalla,6/1/2025,253030
Skoda Octavia RS 2022Verified User,Skoda,Octavia RS,White,77000,tagamo3 - new cairo,6/1/2025,753301
Skoda Favorit 1994,Skoda,Favorit,Green,160000,el haram,6/1/2025,755194
Skoda Favorit 1994,Skoda,Favorit,Red,200000,ismailia,6/1/2025,594659
Skoda Octavia A4 2009,Skoda,Octavia A4,Silver,170000,cairo,6/1/2025,348427
Skoda Felicia 1995,Skoda,Felicia,Green,200000,6-Oct,6/1/2025,533834
Skoda Fantasia 2010,Skoda,Fantasia,Black,200000,zagazig,6/1/2025,314651
Skoda Octavia A7 2016,Skoda,Octavia A7,Dark grey,230000,cairo,6/1/2025,275497
Skoda Octavia A4 2006,Skoda,Octavia A4,Gold,,cairo,6/1/2025,754974
Skoda Octavia A4 2006,Skoda,Octavia A4,Petroleum,112000,alexandria,6/1/2025,536564
Skoda Fantasia 2011,Skoda,Fantasia,Black,100000,mansoura,6/1/2025,420208
Skoda Kodiaq 2020,Skoda,Kodiaq,Silver,72000,cairo,5/31/2025,468369
Skoda Octavia A5 2008,Skoda,Octavia A5,Gray,235000,ismailia,5/31/2025,703854
Skoda Octavia A7 2023,Skoda,Octavia A7,Black,27000,tagamo3 - new cairo,5/31/2025,405020
Skoda Octavia A8 2021,Skoda,Octavia A8,Red,48000,tagamo3 - new cairo,5/31/2025,276483
Skoda Felicia 1994,Skoda,Felicia,Blue,230000,6-Oct,5/31/2025,339931
Skoda Octavia A4 1998,Skoda,Octavia A4,Dark blue,290000,el qanater el khayreya,5/31/2025,274395
Skoda Octavia A7 2014,Skoda,Octavia A7,Mocha,180000,sheraton,5/31/2025,572012
Skoda Octavia A5 2013,Skoda,Octavia A5,Black,450000,tagamo3 - new cairo,5/31/2025,585601
Skoda Octavia A5 2007,Skoda,Octavia A5,Other,211000,warraq,5/30/2025,498722
Skoda Felicia combi 1996,Skoda,Felicia combi,Blue,228000,alexandria,5/30/2025,406264
Skoda Octavia A7 2016,Skoda,Octavia A7,Blue,156000,pyramids gardens,5/30/2025,424091
Skoda Octavia A8 2022,Skoda,Octavia A8,Silver,89000,6-Oct,5/30/2025,697298
Skoda Felicia 1997,Skoda,Felicia,Green,,alexandria,5/30/2025,521745
Skoda Kodiaq 2023,Skoda,Kodiaq,White,15000,6-Oct,5/29/2025,581512
Skoda Fantasia 2013,Skoda,Fantasia,Black,225000,tagamo3 - new cairo,5/29/2025,455712
Skoda Octavia A8 2021,Skoda,Octavia A8,Black,130000,heliopolis,5/29/2025,351181
Skoda Octavia A7 2015,Skoda,Octavia A7,White,150000,heliopolis,5/29/2025,746564
Skoda Karoq 2022,Skoda,Karoq,Silver,118000,6-Oct,5/29/2025,666588
Skoda Octavia A5 2005,Skoda,Octavia A5,Petroleum,,ismailia,5/29/2025,348581
Skoda Octavia A4 1998,Skoda,Octavia A4,White,150000,shobra,5/29/2025,717644
Skoda Fabia 2003,Skoda,Fabia,White,180000,alexandria,5/29/2025,694684
Skoda Octavia A8 2021,Skoda,Octavia A8,Dark blue,77000,alexandria,5/28/2025,313807
Skoda Foreman 1994,Skoda,Foreman,Red,,10th of ramadan,5/28/2025,416423
Skoda Fabia 2002,Skoda,Fabia,Blue,250000,damanhur,5/28/2025,686788
Skoda Octavia A7 2020,Skoda,Octavia A7,Bronze,18000,heliopolis,5/28/2025,515482
Skoda Octavia A5 2008,Skoda,Octavia A5,Other,360000,luxor,5/27/2025,371989
Skoda Octavia A5 2006,Skoda,Octavia A5,Gold,300000,cairo,5/27/2025,406496
Skoda Octavia A4 2004,Skoda,Octavia A4,Silver,180000,zagazig,5/27/2025,397045
Skoda Octavia A8 2024,Skoda,Octavia A8,White,8000,heliopolis,5/27/2025,380107
Skoda Superb 2010,Skoda,Superb,Black,287000,maadi,5/27/2025,316766
Skoda Favorit 1994,Skoda,Favorit,Green,250000,10th of ramadan,5/26/2025,542495
Skoda Octavia A7 2015,Skoda,Octavia A7,Black,172000,alexandria,5/26/2025,731214
Skoda Fantasia 2011,Skoda,Fantasia,Dark red,185000,cairo,5/26/2025,354101
Skoda Felicia 1996,Skoda,Felicia,Blue,100000,sadat city,5/26/2025,456740
Skoda Octavia A4 2009,Skoda,Octavia A4,Petroleum,290000,cairo,5/25/2025,364240
Skoda Fantasia 2009,Skoda,Fantasia,Champagne,200000,heliopolis,5/25/2025,353731
Skoda Fantasia 2010,Skoda,Fantasia,Silver,209230,tagamo3 - new cairo,5/25/2025,703289
Skoda Octavia A4 1998,Skoda,Octavia A4,Dark blue,300000,zefta,5/25/2025,773092
Skoda Octavia A4 2000,Skoda,Octavia A4,Dark green,265000,damietta,5/25/2025,767682
Skoda Superb 2018,Skoda,Superb,Black,129000,tagamo3 - new cairo,5/25/2025,687501
Skoda Felicia 1997,Skoda,Felicia,Dark green,,dikirnis,5/25/2025,292667
Skoda Octavia A4 2000,Skoda,Octavia A4,Blue,300000,el manial,5/25/2025,703381
Skoda Octavia A5 2006,Skoda,Octavia A5,Petroleum,216000,hurghada,5/25/2025,615158
Skoda Octavia A7 2015,Skoda,Octavia A7,Dark grey,146000,al shorouk,5/25/2025,514315
Skoda Felicia 1997,Skoda,Felicia,White,230000,6-Oct,5/25/2025,791428
Skoda Octavia A8 2021,Skoda,Octavia A8,Silver,80000,cairo,5/24/2025,651956
Skoda Favorit 1994,Skoda,Favorit,Blue,,tagamo3 - new cairo,5/24/2025,745562
Skoda Octavia A4 2003,Skoda,Octavia A4,Dark red,182000,alexandria,5/24/2025,379138
Skoda Felicia 1997,Skoda,Felicia,Dark red,,banha,5/24/2025,606729
Skoda Felicia 1995,Skoda,Felicia,Red,260000,cairo,5/24/2025,451383
Skoda Felicia 1997,Skoda,Felicia,Dark blue,126000,ismailia,5/24/2025,473878
Skoda Octavia A4 2006,Skoda,Octavia A4,Black,370000,6-Oct,5/24/2025,376573
Skoda Octavia A4 1998,Skoda,Octavia A4,Green,,al shorouk,5/24/2025,455720
Skoda Octavia A4 2000,Skoda,Octavia A4,Red,273000,kafr el-sheikh,5/23/2025,447035
Skoda Octavia A5 2006,Skoda,Octavia A5,Bronze,250000,cairo,5/23/2025,587863
Skoda Felicia combi 1996,Skoda,Felicia combi,Silver,150000,heliopolis,5/23/2025,339847
Skoda Octavia A5 2008,Skoda,Octavia A5,Silver,192000,sheikh zayed city,5/23/2025,764193
Skoda Fantasia 2011,Skoda,Fantasia,Black,335000,pyramids gardens,5/23/2025,613279
Skoda Fantasia 2010,Skoda,Fantasia,Black,161000,tanta,5/23/2025,325650
Skoda Octavia A4 2007,Skoda,Octavia A4,Dark blue,146000,damanhur,5/23/2025,667058
Skoda Felicia 1996,Skoda,Felicia,Green,,6-Oct,5/23/2025,308907
Skoda Octavia A4 2006,Skoda,Octavia A4,Gold,2000,alexandria,5/22/2025,763935
Skoda Felicia 1996,Skoda,Felicia,Blue,,tagamo3 - new cairo,5/22/2025,383489
Skoda Octavia A4 2003,Skoda,Octavia A4,Black,200000,nasr city,5/22/2025,647396
Skoda Octavia A8 2021,Skoda,Octavia A8,Gray,95000,el haram,5/22/2025,624657
Skoda Favorit 1994,Skoda,Favorit,Dark blue,,badr city,5/22/2025,676978
Skoda Octavia A5 2009,Skoda,Octavia A5,Black,165000,giza,5/22/2025,477106
Skoda Octavia A8 2022,Skoda,Octavia A8,Red,45000,cairo,5/13/2025,318762
Skoda Octavia A7 2011,Skoda,Octavia A7,Red,190000,mansoura,5/22/2025,254702
Skoda Octavia A5 2008,Skoda,Octavia A5,Gray,200000,heliopolis,5/21/2025,539144
Skoda Felicia 1997,Skoda,Felicia,Red,250000,alexandria,5/21/2025,302913
Skoda Octavia A5 2007,Skoda,Octavia A5,Black,200000,cairo,5/21/2025,706279
Skoda Octavia A4 1998,Skoda,Octavia A4,Silver,300000,cairo,5/21/2025,313970
Skoda Octavia A7 2014,Skoda,Octavia A7,Black,270000,al shorouk,5/21/2025,620332
Skoda Kodiaq 2021Verified User,Skoda,Kodiaq,Dark blue,90000,al shorouk,5/21/2025,648679
Skoda Octavia A4 2000,Skoda,Octavia A4,Eggplant,150000,alexandria,5/21/2025,308494
Skoda Octavia A4 2009Verified User,Skoda,Octavia A4,Silver,220000,helwan,5/21/2025,612525
Skoda Octavia A5 2008,Skoda,Octavia A5,Dark grey,150000,giza,5/21/2025,784040
Skoda Octavia A5 2007,Skoda,Octavia A5,Petroleum,250000,beheira,5/20/2025,449520
Skoda Felicia combi 1997,Skoda,Felicia combi,Dark red,,al shorouk,5/20/2025,662773
Skoda Octavia A7 2017,Skoda,Octavia A7,Cyan,179000,6-Oct,5/20/2025,326969
Skoda Octavia A4 2005,Skoda,Octavia A4,Beige,225000,6-Oct,5/20/2025,489355
Skoda Octavia A7 2015,Skoda,Octavia A7,Dark grey,93000,nasr city,5/20/2025,381042
Skoda Fantasia 2010,Skoda,Fantasia,Other,198000,cairo,5/20/2025,690687
Skoda Felicia 1997,Skoda,Felicia,Green,190000,tanta,5/20/2025,349582
Skoda Octavia A4 2008Verified User,Skoda,Octavia A4,Black,160000,beheira,5/19/2025,337741
Skoda Yeti 2014,Skoda,Yeti,Gray,147000,nasr city,5/19/2025,428358
Skoda Octavia A7 2015,Skoda,Octavia A7,Mocha,155000,heliopolis,5/19/2025,448264
Skoda Octavia A8 2021Verified User,Skoda,Octavia A8,Dark green,148000,cairo,5/11/2025,662910
Skoda Octavia A8 2021,Skoda,Octavia A8,Red,80000,dakahlia,5/19/2025,654048
Skoda Octavia A7 2017,Skoda,Octavia A7,Black,157500,cairo,5/19/2025,260888
Skoda Fantasia 2011,Skoda,Fantasia,Dark grey,272000,cairo,5/19/2025,626995
Skoda Octavia A4 1998,Skoda,Octavia A4,Dark red,250000,giza,5/19/2025,682348
Skoda Karoq 2021,Skoda,Karoq,White,156000,cairo,5/19/2025,475862
Skoda Octavia A4 1998,Skoda,Octavia A4,White,315000,agamy,5/18/2025,767910
Skoda Octavia A8 2021,Skoda,Octavia A8,Red,47000,port said,5/18/2025,431156
Skoda Octavia A4 1997,Skoda,Octavia A4,Dark red,350000,qena,5/18/2025,651768
Skoda Fantasia 2011,Skoda,Fantasia,Dark grey,230000,el mahalla,5/18/2025,712797
Skoda Octavia A8 2021,Skoda,Octavia A8,Blue,32000,cairo,5/18/2025,311919
Skoda Rapid 2015,Skoda,Rapid,Silver,30000,giza,5/18/2025,533486
Skoda Octavia A4 1999,Skoda,Octavia A4,Black,300000,alexandria,5/18/2025,419711
Skoda Rapid 2016,Skoda,Rapid,Black,49000,abu qir,5/17/2025,475215
Skoda Octavia A4 2000,Skoda,Octavia A4,White,100000,suez,5/17/2025,482377
Skoda Fantasia 2010,Skoda,Fantasia,Silver,185000,el mahalla,5/17/2025,572356
Skoda Kodiaq 2024Verified User,Skoda,Kodiaq,White,10000,tagamo3 - new cairo,5/17/2025,560687
Skoda Octavia A7 2020,Skoda,Octavia A7,Black,89000,port said,5/17/2025,283486
Skoda Octavia A4 2009,Skoda,Octavia A4,Black,365000,el haram,5/17/2025,263730
Skoda Octavia A7 2015,Skoda,Octavia A7,Silver,200000,6-Oct,5/16/2025,344240
Skoda Octavia A4 2002,Skoda,Octavia A4,Silver,350000,cairo,5/16/2025,729810
Skoda Superb 2011,Skoda,Superb,Eggplant,240000,sheraton,5/16/2025,723147
Skoda Octavia A4 2009,Skoda,Octavia A4,Silver,223000,tagamo3 - new cairo,5/16/2025,315109
Skoda Octavia A5 2006,Skoda,Octavia A5,Dark blue,112000,alexandria,5/16/2025,252222
Skoda Octavia A7 2015,Skoda,Octavia A7,Black,280000,obour city,5/16/2025,254145
Skoda Octavia A5 2007,Skoda,Octavia A5,Black,230000,6-Oct,5/16/2025,446291
Skoda Octavia A8 2021Verified User,Skoda,Octavia A8,White,11000,el mahalla,5/16/2025,634794
Skoda Felicia 1995,Skoda,Felicia,White,,cairo,5/15/2025,455463
Skoda Karoq 2021,Skoda,Karoq,Black,9000,alexandria,5/15/2025,263690
Skoda Superb 2022,Skoda,Superb,Blue,70000,cairo,5/15/2025,718243
Skoda Octavia A8 2024,Skoda,Octavia A8,White,32000,maadi,5/15/2025,403548
Skoda Fabia 2001,Skoda,Fabia,Silver,250000,alexandria,5/15/2025,660002
Skoda Octavia A5 2006,Skoda,Octavia A5,Cyan,245000,el manial,5/15/2025,797836
Skoda Rapid Spaceback 2015,Skoda,Rapid Spaceback,Silver,204000,sheikh zayed city,5/14/2025,416024
Skoda Octavia A4 2000,Skoda,Octavia A4,Green,202000,monufia,5/14/2025,291730
Skoda Felicia combi 1997,Skoda,Felicia combi,Black,285000,damietta,5/14/2025,528965
Skoda Kodiaq 2022,Skoda,Kodiaq,Black,200000,6-Oct,5/14/2025,250139
Skoda Octavia A8 2021,Skoda,Octavia A8,Petroleum,88000,6-Oct,5/13/2025,694633
Skoda Octavia A4 2006,Skoda,Octavia A4,Petroleum,220000,al shorouk,5/13/2025,384420
Skoda Kodiaq 2020,Skoda,Kodiaq,Silver,141000,sheikh zayed city,5/13/2025,427300
Skoda Octavia A5 2007,Skoda,Octavia A5,Black,410000,sheikh zayed city,5/13/2025,715610
Skoda Kodiaq 2022,Skoda,Kodiaq,Dark grey,60000,cairo,5/1/2025,456181
Skoda Felicia 1997,Skoda,Felicia,Silver,,giza,5/13/2025,600313
Skoda Felicia 1996,Skoda,Felicia,Silver,276383,abu kabir,5/13/2025,708223
Skoda Octavia A5 2010,Skoda,Octavia A5,Black,200000,zagazig,5/13/2025,610270
Skoda Octavia A8 2021,Skoda,Octavia A8,Black,67000,cairo,5/12/2025,456250
Skoda Rapid 2015,Skoda,Rapid,Black,188000,nasr city,5/12/2025,787624
Skoda Fantasia 2012,Skoda,Fantasia,Dark red,195000,cairo,5/12/2025,776929
Skoda Octavia A4 2007,Skoda,Octavia A4,Black,110000,10th of ramadan,5/12/2025,535941
Skoda Octavia A7 2015,Skoda,Octavia A7,Black,180000,kafr el-sheikh,5/12/2025,749244
Skoda Felicia 1995,Skoda,Felicia,Red,230000,qena,5/12/2025,658757
Skoda Foreman 1994,Skoda,Foreman,Dark blue,,10th of ramadan,5/12/2025,730339
Skoda Fabia 2003,Skoda,Fabia,Cyan,200000,asyut,5/12/2025,684403
Skoda Rapid 2015,Skoda,Rapid,Other,300000,alexandria,5/11/2025,433810
Skoda Octavia A5 2006,Skoda,Octavia A5,Gold,129000,tagamo3 - new cairo,5/11/2025,329983
Skoda Superb 2021Verified User,Skoda,Superb,White,155000,alexandria,5/11/2025,780611
Skoda Octavia A5 2007,Skoda,Octavia A5,Gray,358000,beni suef,5/11/2025,312814
Skoda Felicia 1996,Skoda,Felicia,Dark red,,mansoura,5/11/2025,264670
Skoda Octavia A5 2006,Skoda,Octavia A5,Black,300000,alexandria,5/11/2025,332753
Skoda Octavia A5 2005,Skoda,Octavia A5,Olive,180000,shibin el qanater,5/11/2025,559404
Skoda Octavia A5 2006,Skoda,Octavia A5,Silver,185000,giza,5/11/2025,704777
Skoda Octavia A7 2016,Skoda,Octavia A7,Dark grey,177000,cairo,4/25/2025,530286
Skoda Octavia A7 2014,Skoda,Octavia A7,Silver,300000,tagamo3 - new cairo,5/10/2025,396045
Skoda Octavia A4 2000,Skoda,Octavia A4,Black,286000,el senbellawein,5/10/2025,320557
Skoda Octavia A7 2020,Skoda,Octavia A7,Silver,70000,zagazig,5/10/2025,590989
Skoda Octavia A4 2006,Skoda,Octavia A4,Cyan,250000,pyramids gardens,5/10/2025,399272
Skoda Octavia A4 2006,Skoda,Octavia A4,Gold,320000,cairo,5/9/2025,276876
Skoda Fantasia 2010,Skoda,Fantasia,Black,198000,beheira,5/9/2025,779606
Skoda Kodiaq 2024,Skoda,Kodiaq,Black,13000,obour city,5/9/2025,486095
Skoda Superb 2011,Skoda,Superb,Dark grey,182482,agamy,5/9/2025,444541
Skoda Fantasia 2013,Skoda,Fantasia,Silver,203000,giza,5/9/2025,422127
Skoda Octavia A4 2000,Skoda,Octavia A4,Silver,194000,touhk,5/9/2025,306622
Skoda Kodiaq 2024,Skoda,Kodiaq,White,,mohandessin,5/8/2025,476257
Skoda Felicia 1996,Skoda,Felicia,Green,142000,el minya,5/8/2025,647639
Skoda Octavia A5 2006,Skoda,Octavia A5,Silver,375000,shobra,5/8/2025,679525
Skoda Octavia A4 2008,Skoda,Octavia A4,Silver,251000,ismailia,5/8/2025,738280
Skoda Kodiaq 2021,Skoda,Kodiaq,Silver,82000,obour city,5/8/2025,322522
Skoda Octavia A8 2023,Skoda,Octavia A8,White,36000,tagamo3 - new cairo,4/21/2025,252045
Skoda Octavia A4 2000,Skoda,Octavia A4,Blue,,qalyubia,5/8/2025,342460
Skoda Octavia A4 2004,Skoda,Octavia A4,Black,200000,el mahalla,5/8/2025,558795
Skoda Octavia A4 2003,Skoda,Octavia A4,Black,300000,pyramids gardens,5/8/2025,284850
Skoda Superb 2022,Skoda,Superb,White,51000,mansoura,5/7/2025,329555
Skoda Octavia A4 2003,Skoda,Octavia A4,Dark blue,,helwan,5/7/2025,510651
Skoda Felicia 1996,Skoda,Felicia,Dark blue,190000,giza,5/7/2025,633559
Skoda Felicia 1996,Skoda,Felicia,White,100000,obour city,5/7/2025,320652
Skoda Octavia A5 2007,Skoda,Octavia A5,Black,229000,nasr city,5/7/2025,390306
Skoda Fantasia 2013Verified User,Skoda,Fantasia,Black,210000,nasr city,5/7/2025,793229
Skoda Octavia A7 2015,Skoda,Octavia A7,Mocha,130000,damietta,5/7/2025,786598
Skoda Roomster 2009,Skoda,Roomster,Silver,75000,alexandria,5/7/2025,361235
Skoda Kodiaq 2020,Skoda,Kodiaq,Black,140000,cairo,5/7/2025,527229
Skoda Octavia A7 2014,Skoda,Octavia A7,Brown,150000,damietta,5/6/2025,641376
Skoda Kodiaq 2023,Skoda,Kodiaq,Dark grey,25000,cairo,5/6/2025,628511
Skoda Fantasia 2011,Skoda,Fantasia,Silver,163000,maadi,3/17/2025,702888
Skoda Octavia A4 1998,Skoda,Octavia A4,White,200000,el haram,5/6/2025,397161
Skoda Octavia A5 2005,Skoda,Octavia A5,Silver,294000,alexandria,5/6/2025,782562
Skoda Fantasia 2009,Skoda,Fantasia,Silver,114000,qena,5/6/2025,367064
Skoda Octavia A4 2002,Skoda,Octavia A4,Silver,120000,zefta,5/5/2025,718518
Skoda Octavia A4 2008,Skoda,Octavia A4,Black,160888,alexandria,5/5/2025,391706
Skoda Kodiaq 2025,Skoda,Kodiaq,White,18000,heliopolis,5/5/2025,373556
Skoda Octavia A4 2000,Skoda,Octavia A4,Silver,320000,shibin el kom,5/4/2025,633530
Skoda Octavia A4 2006,Skoda,Octavia A4,Beige,,obour city,5/5/2025,316239
Skoda Felicia 1996,Skoda,Felicia,Green,216000,el marg,5/5/2025,506763
Skoda Fabia 2001,Skoda,Fabia,Silver,219000,giza,5/4/2025,531080
Skoda Felicia 1995,Skoda,Felicia,Green,150000,menouf,5/4/2025,634826
Skoda Felicia 1996,Skoda,Felicia,Dark blue,,6-Oct,5/4/2025,749241
Skoda Octavia A4 2009,Skoda,Octavia A4,Blue,280000,cairo,5/4/2025,704655
Skoda Octavia A5 2008,Skoda,Octavia A5,Silver,200000,cairo,5/4/2025,255961
Skoda Favorit 1994,Skoda,Favorit,White,,ismailia,5/4/2025,739987
Skoda Octavia A8 2021,Skoda,Octavia A8,Dark blue,146000,madinaty,5/4/2025,763459
Skoda Fantasia 2010,Skoda,Fantasia,Gray,250000,heliopolis,5/3/2025,508370
Skoda Octavia A7 2017,Skoda,Octavia A7,Silver,80000,madinaty,5/3/2025,712175
Skoda Octavia A4 1998,Skoda,Octavia A4,Silver,165000,cairo,5/3/2025,747570
Skoda Octavia A4 1998,Skoda,Octavia A4,Dark red,340000,alexandria,5/3/2025,798370
Skoda Octavia A7 2015,Skoda,Octavia A7,Mocha,123000,giza,5/3/2025,361444
Skoda Octavia A4 2008,Skoda,Octavia A4,Red,264000,tanta,5/3/2025,531414
Skoda Octavia A4 2004,Skoda,Octavia A4,Black,200000,el mahalla,5/2/2025,750738
Skoda Octavia A5 2008,Skoda,Octavia A5,Black,230000,mohandessin,5/2/2025,610151
Skoda Octavia A7 2016Verified User,Skoda,Octavia A7,Black,171000,kafr el-sheikh,5/2/2025,507773
Skoda Felicia 1996,Skoda,Felicia,Green,138000,helwan,5/2/2025,792880
Skoda Octavia A8 2021,Skoda,Octavia A8,Black,112000,cairo,5/1/2025,630507
Skoda Felicia 1997,Skoda,Felicia,Red,173000,gharbia,5/1/2025,606900
Skoda Octavia A4 2004,Skoda,Octavia A4,Gold,,alexandria,5/1/2025,451428
Skoda Superb 2021,Skoda,Superb,Silver,105000,mansoura,5/1/2025,720610
Skoda Superb 2018,Skoda,Superb,Black,210000,obour city,5/1/2025,338164
Skoda Octavia A4 2002,Skoda,Octavia A4,Cyan,198000,suez,5/1/2025,333551
Skoda Octavia A4 2003,Skoda,Octavia A4,Black,370000,cairo,5/1/2025,329851
Skoda Octavia A5 2007,Skoda,Octavia A5,Cyan,220000,tagamo3 - new cairo,5/1/2025,639644
Skoda Fabia 2009,Skoda,Fabia,Red,335000,el minya,4/30/2025,525623
Skoda Fantasia 2012,Skoda,Fantasia,Black,237000,cairo,4/30/2025,644148
Skoda Favorit 1994,Skoda,Favorit,Red,200000,alexandria,4/30/2025,254411
Skoda Octavia A7 2014,Skoda,Octavia A7,Gray,134000,alexandria,4/30/2025,587643
Skoda Octavia A4 2001,Skoda,Octavia A4,Blue,300000,cairo,4/30/2025,305519
Skoda Octavia A4 2001,Skoda,Octavia A4,Blue,300000,cairo,4/30/2025,557364
Skoda Favorit 1994,Skoda,Favorit,Dark blue,250000,tanta,4/29/2025,419913
Skoda Octavia A8 2023,Skoda,Octavia A8,Black,14000,maadi,4/28/2025,593807
Skoda Octavia A5 2007,Skoda,Octavia A5,Black,145000,giza,4/29/2025,405886
Skoda Octavia A5 2007,Skoda,Octavia A5,Dark grey,230000,faiyum,4/29/2025,795494
Skoda Octavia A7 2016,Skoda,Octavia A7,Mocha,115000,el minya,4/29/2025,796944
Skoda Octavia A7 2015,Skoda,Octavia A7,Silver,130000,cairo,4/29/2025,357939
Skoda Octavia A4 2008Verified User,Skoda,Octavia A4,Silver,260000,alexandria,4/29/2025,363034
Skoda Octavia A5 2006,Skoda,Octavia A5,Silver,196000,obour city,4/29/2025,719382
Skoda Octavia A7 2016,Skoda,Octavia A7,White,58000,obour city,4/29/2025,420295
Skoda Fantasia 2012,Skoda,Fantasia,Gold,280000,damanhur,4/29/2025,316886
Skoda Octavia A7 2016,Skoda,Octavia A7,Other,220000,pyramids gardens,4/29/2025,785790
Skoda Octavia A5 2007,Skoda,Octavia A5,Black,222000,helwan,4/29/2025,275315
Skoda Octavia A8 2021Verified User,Skoda,Octavia A8,Dark blue,95000,mohandessin,4/28/2025,487629
Skoda Octavia A7 2016,Skoda,Octavia A7,Champagne,247000,sheikh zayed city,4/28/2025,364980
Skoda Octavia A4 2009,Skoda,Octavia A4,Cyan,232000,alexandria,4/28/2025,352513
Skoda Foreman 1994,Skoda,Foreman,White,250000,el minya,4/28/2025,385519
Skoda Fantasia 2011,Skoda,Fantasia,Dark grey,320000,sharqia,4/28/2025,668193
Skoda Fantasia 2013,Skoda,Fantasia,Black,300000,alexandria,4/28/2025,442642
Skoda Octavia A4 1998,Skoda,Octavia A4,Green,292000,port said,4/28/2025,437259
Skoda Felicia 1995,Skoda,Felicia,Blue,200000,helwan,4/28/2025,468267
Skoda Octavia A4 1998,Skoda,Octavia A4,Black,215000,6-Oct,4/28/2025,676510
Skoda Octavia A8 2022,Skoda,Octavia A8,Blue,59000,6-Oct,4/28/2025,385952
Skoda Octavia A4 2011,Skoda,Octavia A4,Silver,260000,giza,4/28/2025,371769
Skoda Kodiaq 2020,Skoda,Kodiaq,Black,198000,mohandessin,4/28/2025,337874
Skoda Octavia A4 1998,Skoda,Octavia A4,Blue,286000,al shorouk,4/27/2025,325965
Skoda Kodiaq 2023,Skoda,Kodiaq,Black,17000,alexandria,4/27/2025,616394
Skoda Kodiaq 2024,Skoda,Kodiaq,Black,19000,alexandria,4/27/2025,401976
Skoda Felicia 1997,Skoda,Felicia,Green,,el haram,4/27/2025,489655
Skoda Fabia 2001,Skoda,Fabia,Red,225000,cairo,4/27/2025,362228
Skoda Octavia A4 2004,Skoda,Octavia A4,Black,443000,sheikh zayed city,4/27/2025,703310
Skoda Octavia A5 2009,Skoda,Octavia A5,Silver,150000,hurghada,4/26/2025,587040
Skoda Octavia A4 2000,Skoda,Octavia A4,Dark red,203000,khanka,4/26/2025,535530
Skoda Octavia A4 2001,Skoda,Octavia A4,Dark blue,150000,minya al qamh,4/26/2025,638384
Skoda Superb 2022,Skoda,Superb,Silver,85000,tagamo3 - new cairo,4/26/2025,467854
Skoda Kodiaq 2024Verified User,Skoda,Kodiaq,Gray,18100,tagamo3 - new cairo,4/25/2025,384802
Skoda Fantasia 2010,Skoda,Fantasia,Olive,186000,6-Oct,4/26/2025,622738
Skoda Octavia A4 2005,Skoda,Octavia A4,White,200000,tagamo3 - new cairo,4/26/2025,705638
Skoda Octavia A7 2015,Skoda,Octavia A7,White,188000,damanhur,4/25/2025,656642
Skoda Rapid 2015,Skoda,Rapid,Gold,,el qanater el khayreya,4/25/2025,507149
Skoda Fantasia 2011,Skoda,Fantasia,Black,260000,cairo,4/25/2025,420923
Skoda Octavia A8 2021,Skoda,Octavia A8,Brown,160000,mohandessin,4/25/2025,735932
Skoda Octavia A5 2006,Skoda,Octavia A5,Silver,150000,kafr el-sheikh,4/25/2025,658998
Skoda Octavia A7 2015,Skoda,Octavia A7,Petroleum,260000,alexandria,4/25/2025,373509
Skoda Scala 2022,Skoda,Scala,Gray,95000,6-Oct,3/3/2025,643936
Skoda Fantasia 2010,Skoda,Fantasia,Silver,312000,port said,4/25/2025,651398
Skoda Felicia 1996,Skoda,Felicia,White,100000,cairo,4/25/2025,423997
Skoda Octavia A4 2001,Skoda,Octavia A4,Silver,190000,ismailia,4/24/2025,597048
Skoda Fantasia 2010,Skoda,Fantasia,Beige,200000,maadi,4/24/2025,762360
Skoda Kodiaq 2020,Skoda,Kodiaq,Blue,119000,cairo,4/24/2025,692747
Skoda Fantasia 2010,Skoda,Fantasia,Black,160000,beheira,4/24/2025,415214
Skoda Kodiaq 2024,Skoda,Kodiaq,Red,8000,heliopolis,4/24/2025,315157
Skoda Felicia 1996,Skoda,Felicia,Gold,43990,sohag,4/23/2025,365771
Skoda Kodiaq 2020,Skoda,Kodiaq,White,225000,hurghada,4/23/2025,653318
Skoda Octavia A4 2006,Skoda,Octavia A4,Black,330000,ain shams,4/23/2025,497362
Skoda Rapid 2015,Skoda,Rapid,Red,150000,alexandria,4/23/2025,779942
Skoda Fabia 2001,Skoda,Fabia,Dark blue,70000,sadat city,4/23/2025,772079
Skoda Octavia A5 2006,Skoda,Octavia A5,Red,190000,damietta,4/22/2025,792600
Skoda Octavia A5 2008,Skoda,Octavia A5,Dark grey,185000,cairo,4/22/2025,487574
Skoda Fantasia 2011,Skoda,Fantasia,Silver,180000,el minya,3/28/2025,400959
Skoda Octavia A4 2006,Skoda,Octavia A4,Silver,194000,nasr city,4/22/2025,723511
Skoda Octavia A4 1999,Skoda,Octavia A4,Red,300000,qena,4/22/2025,571771
Skoda Felicia 1998,Skoda,Felicia,Dark red,125000,alexandria,4/22/2025,540961
Skoda Octavia A4 1998,Skoda,Octavia A4,Blue,280000,tagamo3 - new cairo,4/22/2025,561615
Skoda Fantasia 2010,Skoda,Fantasia,Black,197000,alexandria,4/22/2025,581669
Skoda Fantasia 2011,Skoda,Fantasia,Black,250000,faiyum,4/22/2025,629186
Skoda Octavia A4 2000,Skoda,Octavia A4,Dark blue,360000,el haram,4/21/2025,543118
Skoda Octavia A5 2008,Skoda,Octavia A5,Dark grey,240000,6-Oct,4/21/2025,552885
Skoda Octavia A7 2015,Skoda,Octavia A7,Brown,123000,hurghada,4/21/2025,264511
Skoda Felicia 1996,Skoda,Felicia,Green,199430,faiyum,4/21/2025,552761
Skoda Felicia 1995,Skoda,Felicia,Green,200000,cairo,4/21/2025,657729
Skoda Fantasia 2011,Skoda,Fantasia,Dark grey,44000,6-Oct,4/21/2025,425651
Skoda Octavia A7 2016Verified User,Skoda,Octavia A7,Gray,150000,tagamo3 - new cairo,4/21/2025,435795
Skoda Octavia A5 2008,Skoda,Octavia A5,Petroleum,220000,cairo,4/21/2025,352141
Skoda Octavia A5 2008,Skoda,Octavia A5,Black,217000,beni suef,4/20/2025,363763
Skoda Octavia A4 2004,Skoda,Octavia A4,Black,150000,alexandria,4/20/2025,310608
Skoda Octavia A7 2016,Skoda,Octavia A7,Gray,250000,tagamo3 - new cairo,4/20/2025,265060
Skoda Scala 2021,Skoda,Scala,Black,121000,warraq,4/20/2025,449445
Skoda Octavia A8 2021,Skoda,Octavia A8,Black,100000,cairo,4/19/2025,664575
Skoda Octavia A4 2005,Skoda,Octavia A4,Gold,220000,agamy,4/19/2025,422932
Skoda Octavia A7 2015,Skoda,Octavia A7,Black,127000,nasr city,4/19/2025,494816
Skoda Fantasia 2011,Skoda,Fantasia,White,50000,al shorouk,4/19/2025,587340
Skoda Rapid 2015,Skoda,Rapid,Silver,200000,damietta,4/19/2025,342130
Skoda Octavia A8 2021,Skoda,Octavia A8,White,70000,damietta,4/19/2025,532165
Skoda Octavia A4 2000,Skoda,Octavia A4,Dark red,200000,kafr el-sheikh,4/19/2025,254252
Skoda Octavia A7 2016,Skoda,Octavia A7,Black,220000,alexandria,4/19/2025,338932
Skoda Octavia A4 2002,Skoda,Octavia A4,Dark green,270000,sohag,4/19/2025,292867
Skoda Octavia A4 1998,Skoda,Octavia A4,Petroleum,341000,al shorouk,4/18/2025,408509
Skoda Octavia A8 2021,Skoda,Octavia A8,Silver,141000,heliopolis,4/18/2025,652022
Skoda Octavia A4 1998,Skoda,Octavia A4,Silver,260000,kafr el-dawwar,4/18/2025,515654
Skoda Octavia A4 2007,Skoda,Octavia A4,Black,260000,faiyum,4/18/2025,324883
Skoda Octavia A5 2007,Skoda,Octavia A5,Black,268000,beheira,4/18/2025,718281
Skoda Superb 2019,Skoda,Superb,Black,119000,6-Oct,4/18/2025,680940
Skoda Octavia A4 2001,Skoda,Octavia A4,Silver,300000,el haram,4/17/2025,321757
Skoda Octavia A8 2022,Skoda,Octavia A8,Blue,65000,cairo,4/17/2025,251729
Skoda Octavia A4 2004,Skoda,Octavia A4,Dark green,150000,alexandria,4/17/2025,627288
Skoda Fantasia 2010,Skoda,Fantasia,Black,200000,alexandria,4/17/2025,622666
Skoda Octavia A8 2023,Skoda,Octavia A8,Silver,42000,cairo,4/17/2025,741041
Skoda Octavia A7 2015,Skoda,Octavia A7,Silver,185000,giza,4/17/2025,451394
Skoda Octavia A5 2006,Skoda,Octavia A5,Green,241000,qena,4/17/2025,630796
Skoda Octavia A4 2008,Skoda,Octavia A4,Black,170000,edku,4/16/2025,613072
Skoda Octavia A5 2007,Skoda,Octavia A5,Black,200000,10th of ramadan,4/16/2025,460544
Skoda Octavia A4 1998Verified User,Skoda,Octavia A4,White,250000,marsa matrouh,4/16/2025,794433
Skoda Octavia A8 2022,Skoda,Octavia A8,Blue,20000,el mahalla,4/16/2025,601989
Skoda Octavia A4 1999,Skoda,Octavia A4,Silver,370000,cairo,4/16/2025,271671
Skoda Felicia 1997,Skoda,Felicia,Green,11000,beheira,4/16/2025,452515
Skoda Felicia 1997,Skoda,Felicia,Eggplant,111000,alexandria,4/15/2025,676955
Skoda Octavia A5 2005,Skoda,Octavia A5,Blue,167000,6-Oct,4/15/2025,425807
Skoda Octavia A4 2008,Skoda,Octavia A4,Petroleum,170000,alexandria,4/15/2025,341054
Skoda Fantasia 2013,Skoda,Fantasia,Silver,250000,al shorouk,4/14/2025,570580
Skoda Favorit 1994,Skoda,Favorit,Red,250000,helwan,4/14/2025,289304
Skoda Octavia A5 2005,Skoda,Octavia A5,Cyan,270000,kafr el-sheikh,4/14/2025,251462
Skoda Octavia A4 2001,Skoda,Octavia A4,Dark green,190000,qena,4/14/2025,357236
Skoda Octavia A7 2018,Skoda,Octavia A7,White,150000,banha,4/14/2025,496654
Skoda Fabia 2009,Skoda,Fabia,Dark red,208000,obour city,4/14/2025,499348
Skoda Fantasia 2011,Skoda,Fantasia,Dark grey,132000,6-Oct,4/10/2025,794817
Skoda Felicia 1997,Skoda,Felicia,Dark red,160000,suez,4/14/2025,348425
Skoda Felicia combi 1997,Skoda,Felicia combi,Dark blue,,6-Oct,4/14/2025,398815
Skoda Felicia 1998,Skoda,Felicia,Dark red,,cairo,4/13/2025,494552
Skoda Octavia A4 1998,Skoda,Octavia A4,Dark red,294000,khanka,4/13/2025,496312
Skoda Octavia A7 2016,Skoda,Octavia A7,Silver,235000,giza,4/13/2025,554712
Skoda Fantasia 2012,Skoda,Fantasia,Gold,259000,tagamo3 - new cairo,4/13/2025,432199
Skoda Octavia A4 2000,Skoda,Octavia A4,Blue,230000,6-Oct,4/13/2025,723066
Skoda Octavia A4 2000,Skoda,Octavia A4,Black,190000,beheira,4/13/2025,332882
Skoda Felicia 1996,Skoda,Felicia,White,,amreya,4/13/2025,397850
Skoda Octavia A4 2003,Skoda,Octavia A4,Silver,251000,tagamo3 - new cairo,4/13/2025,519972
Skoda Felicia 1995,Skoda,Felicia,Dark green,300000,mit ghamr,4/13/2025,386957
Skoda Fantasia 2010Verified User,Skoda,Fantasia,Silver,80000,kafr el-sheikh,4/13/2025,275920
Skoda Fantasia 2011,Skoda,Fantasia,Blue,305000,tagamo3 - new cairo,4/12/2025,377477
Skoda Kodiaq 2023Verified User,Skoda,Kodiaq,Dark grey,35000,cairo,4/12/2025,290575
Skoda Kodiaq 2020,Skoda,Kodiaq,Gray,88000,obour city,4/12/2025,634618
Skoda Fantasia 2010,Skoda,Fantasia,Silver,215000,alexandria,4/12/2025,596480
Skoda Octavia A4 2009,Skoda,Octavia A4,Red,175000,alexandria,4/12/2025,749943
Skoda Felicia combi 1996,Skoda,Felicia combi,Green,,el minya,4/12/2025,737215
Skoda Felicia 1996,Skoda,Felicia,White,100000,alexandria,4/12/2025,596733
Skoda Kodiaq 2025,Skoda,Kodiaq,Gray,6000,hybrid,4/11/2025,611325
Skoda Yeti 2014,Skoda,Yeti,Green,220000,nasr city,4/11/2025,431503
Skoda Octavia A8 2022,Skoda,Octavia A8,Dark blue,75000,tagamo3 - new cairo,4/11/2025,475171
Skoda Octavia A5 2009,Skoda,Octavia A5,Cyan,300000,zagazig,4/11/2025,253108
Skoda Felicia 1996,Skoda,Felicia,White,253000,shobra,4/11/2025,374316
Skoda Fantasia 2013,Skoda,Fantasia,Dark grey,365000,red sea,4/11/2025,477353
Skoda Fabia 2001,Skoda,Fabia,Gold,200000,alexandria,4/11/2025,695603
Skoda Octavia A4 1998,Skoda,Octavia A4,Dark green,182000,gharbia,4/11/2025,644704
Skoda Octavia A4 2001,Skoda,Octavia A4,Dark green,225000,sohag,4/10/2025,426331
Skoda Octavia A7 2016,Skoda,Octavia A7,Silver,235000,sheikh zayed city,4/10/2025,271532
Skoda Octavia A8 2021,Skoda,Octavia A8,Silver,93000,al shorouk,4/10/2025,627310
Skoda Felicia 1998,Skoda,Felicia,Dark blue,150000,alexandria,4/10/2025,342471
Skoda Rapid 2015,Skoda,Rapid,Black,190000,giza,4/10/2025,689326
Skoda Octavia A4 2001,Skoda,Octavia A4,Blue,200000,asyut,4/9/2025,341892
Skoda Kodiaq 2020,Skoda,Kodiaq,Blue,170000,mokattam,4/9/2025,532243
Skoda Kodiaq 2022Verified User,Skoda,Kodiaq,Dark green,44000,nasr city,4/9/2025,359733
Skoda Felicia 1996,Skoda,Felicia,White,133000,alexandria,4/9/2025,750713
Skoda Fabia 2003,Skoda,Fabia,Gray,170000,6-Oct,4/9/2025,440022
Skoda Octavia A5 2008,Skoda,Octavia A5,Black,195000,aswan,4/9/2025,530614
Skoda Kodiaq 2020,Skoda,Kodiaq,Silver,75000,alexandria,4/9/2025,285399
Skoda Fantasia 2010,Skoda,Fantasia,Dark grey,176000,el mahalla,4/9/2025,667054
Skoda Octavia A4 1998,Skoda,Octavia A4,Red,300000,alexandria,4/8/2025,546802
Skoda Felicia 1998,Skoda,Felicia,White,300000,tanta,4/8/2025,629565
Skoda Octavia A4 1998,Skoda,Octavia A4,Blue,351700,6-Oct,4/7/2025,578903
Skoda Octavia A4 2000,Skoda,Octavia A4,Gray,250000,cairo,4/7/2025,475366
Skoda Octavia A4 2003,Skoda,Octavia A4,Red,215000,el mahalla,4/7/2025,665129
Skoda Superb 2021,Skoda,Superb,Blue,66000,6-Oct,4/7/2025,346642
Skoda Octavia A5 2007,Skoda,Octavia A5,Silver,250000,el haram,4/7/2025,779154
Skoda Octavia A7 2016,Skoda,Octavia A7,White,185000,mansoura,4/7/2025,401926
Skoda Octavia A4 2002,Skoda,Octavia A4,Black,171000,ismailia,4/7/2025,748164
Skoda Favorit 1994,Skoda,Favorit,Red,300000,giza,4/7/2025,500716
Skoda Octavia A4 1998,Skoda,Octavia A4,Olive,100000,6-Oct,4/7/2025,250945
Skoda Fantasia 2010,Skoda,Fantasia,Black,190000,maadi,4/7/2025,389200
Skoda Fantasia 2013,Skoda,Fantasia,Gray,312000,alexandria,4/6/2025,674843
Skoda Octavia A4 1999,Skoda,Octavia A4,Green,210000,alexandria,4/6/2025,512556
Skoda Octavia A8 2021,Skoda,Octavia A8,Petroleum,40000,cairo,4/3/2025,687188
Skoda Octavia A7 2020,Skoda,Octavia A7,Gray,180000,6-Oct,4/6/2025,443701
Skoda Felicia combi 1997,Skoda,Felicia combi,Green,40000,alexandria,4/5/2025,303773
Skoda Octavia A4 2003,Skoda,Octavia A4,Cyan,85000,rosetta,4/5/2025,599883
Skoda Fabia 2001,Skoda,Fabia,Silver,200000,cairo,4/5/2025,789941
Skoda Octavia A7 2015,Skoda,Octavia A7,White,147000,kafr el-sheikh,4/5/2025,365382
Skoda Kodiaq 2023,Skoda,Kodiaq,Black,65000,tagamo3 - new cairo,4/5/2025,752443
Skoda Kodiaq 2021,Skoda,Kodiaq,Dark grey,30000,alexandria,4/5/2025,794520
Skoda Felicia 1997,Skoda,Felicia,White,143000,alexandria,4/4/2025,624116
Skoda Octavia A4 2000,Skoda,Octavia A4,Red,300000,sharqia,4/4/2025,427535
Skoda Octavia A7 2016,Skoda,Octavia A7,Silver,197000,6-Oct,4/4/2025,298119
Skoda Fantasia 2012,Skoda,Fantasia,Petroleum,105000,cairo,4/4/2025,565022
Skoda Felicia 1997,Skoda,Felicia,Silver,150000,el minya,4/4/2025,687576
Skoda Octavia A4 1998,Skoda,Octavia A4,Green,345000,aswan,4/4/2025,756124
Skoda Octavia A4 2008,Skoda,Octavia A4,Silver,217000,alexandria,4/3/2025,729565
Skoda Fantasia 2011,Skoda,Fantasia,Silver,207000,obour city,4/3/2025,581151
Skoda Octavia A4 2003,Skoda,Octavia A4,Gray,177000,beni suef,4/3/2025,375153
Skoda Octavia A7 2015,Skoda,Octavia A7,Petroleum,140000,kafr el-sheikh,4/3/2025,592308
Skoda Octavia A4 2003,Skoda,Octavia A4,Silver,220000,alexandria,4/3/2025,663725
Skoda Octavia A7 2016,Skoda,Octavia A7,Black,148000,el mahalla,4/3/2025,301502
Skoda Felicia 1996,Skoda,Felicia,Dark green,300000,10th of ramadan,4/3/2025,380981
Skoda Felicia 1996,Skoda,Felicia,Blue,150000,el salam city,4/2/2025,750013
Skoda Felicia 1997,Skoda,Felicia,Dark blue,275000,rosetta,4/2/2025,595130
Skoda Octavia A4 2021,Skoda,Octavia A4,White,261000,kom hamada,4/1/2025,555623
Skoda Fantasia 2010,Skoda,Fantasia,Silver,240000,ismailia,4/1/2025,630248
Skoda Octavia A5 2008,Skoda,Octavia A5,Petroleum,190000,ismailia,4/1/2025,756595
Skoda Octavia A4 2000,Skoda,Octavia A4,Black,95000,cairo,4/1/2025,271367
Skoda Octavia A7 2016,Skoda,Octavia A7,Black,248000,alexandria,3/31/2025,348577
Skoda Fantasia 2010,Skoda,Fantasia,White,180000,el mahalla,3/31/2025,543057
Skoda Octavia A4 2003,Skoda,Octavia A4,Silver,237000,dyarb negm,3/31/2025,268863
Skoda Fantasia 2010,Skoda,Fantasia,Black,240000,10th of ramadan,3/29/2025,654007
Skoda Octavia A4 2000,Skoda,Octavia A4,Silver,300000,qalyub,3/29/2025,461491
Skoda Octavia A4 2003,Skoda,Octavia A4,Gray,300000,port said,3/28/2025,293712
Skoda Felicia 1997,Skoda,Felicia,Red,,gharbia,3/28/2025,310861
Skoda Octavia A4 2000,Skoda,Octavia A4,Green,215000,cairo,3/28/2025,428271
Skoda Octavia A4 1990Verified User,Skoda,Octavia A4,White,85000,el mahalla,3/27/2025,683129
Skoda Octavia A7 2014,Skoda,Octavia A7,Black,150000,mansoura,3/27/2025,700399
Skoda Octavia A4 2000,Skoda,Octavia A4,Dark green,265000,aswan,3/27/2025,725816
Skoda Octavia A4 2003,Skoda,Octavia A4,Green,190000,giza,3/23/2025,259088
Skoda Octavia A4 1998,Skoda,Octavia A4,Dark blue,170000,rosetta,3/26/2025,660455
Skoda Rapid 2015,Skoda,Rapid,Black,165000,dokki,3/26/2025,619166
Skoda Octavia A4 1998,Skoda,Octavia A4,Silver,221000,badr city,3/26/2025,729175
Skoda Octavia A8 2022,Skoda,Octavia A8,Silver,68000,madinaty,3/26/2025,719417
Skoda Octavia A4 1998,Skoda,Octavia A4,Red,220000,nasr city,3/25/2025,492006
Skoda Fabia 2001,Skoda,Fabia,Dark green,170000,alexandria,3/25/2025,467294
Skoda Octavia A4 1999,Skoda,Octavia A4,Dark blue,200000,zagazig,3/25/2025,592212
Skoda Octavia A8 2021,Skoda,Octavia A8,Red,77000,damietta,3/24/2025,708123
Skoda Felicia 1998,Skoda,Felicia,Dark blue,200000,10th of ramadan,3/24/2025,752329
Skoda Octavia A5 2008,Skoda,Octavia A5,Silver,,sharqia,3/24/2025,365242
Skoda Octavia A4 2002,Skoda,Octavia A4,Black,170000,cairo,3/24/2025,690414
Skoda Octavia A8 2024,Skoda,Octavia A8,Silver,12000,nasr city,3/23/2025,653200
Skoda Octavia A7 2018,Skoda,Octavia A7,Champagne,165000,el haram,3/23/2025,617204
Skoda Octavia A8 2021,Skoda,Octavia A8,Dark blue,97000,tagamo3 - new cairo,3/23/2025,660753
Skoda Octavia A7 2020,Skoda,Octavia A7,Petroleum,87000,zagazig,3/22/2025,481756
Skoda Octavia A5 2008,Skoda,Octavia A5,Gray,340000,mohandessin,3/22/2025,598021
Skoda Octavia A4 1999,Skoda,Octavia A4,Green,313000,faiyum,3/22/2025,384289
Skoda Octavia A5 2011,Skoda,Octavia A5,Black,325000,helwan,3/22/2025,777836
Skoda Kodiaq 2020,Skoda,Kodiaq,Petroleum,100000,sheikh zayed city,3/21/2025,564744
Skoda Felicia 1996,Skoda,Felicia,Green,,sheikh zayed city,3/21/2025,392852
Skoda Octavia A8 2024,Skoda,Octavia A8,Silver,17000,sheikh zayed city,3/21/2025,383333
Skoda Kodiaq 2020,Skoda,Kodiaq,Red,98000,tagamo3 - new cairo,3/21/2025,390484
Skoda Octavia A4 2001,Skoda,Octavia A4,Dark blue,200000,mansoura,3/21/2025,592674
Skoda Octavia A4 2007,Skoda,Octavia A4,Silver,200000,10th of ramadan,3/20/2025,292123
Skoda Superb 2024Verified User,Skoda,Superb,White,45000,tagamo3 - new cairo,3/20/2025,729839
Skoda Superb 2021,Skoda,Superb,Dark grey,60000,tagamo3 - new cairo,3/20/2025,663957
Skoda Kodiaq 2022,Skoda,Kodiaq,Gray,57000,maadi,3/19/2025,626002
Skoda Octavia A4 2008,Skoda,Octavia A4,Black,138000,marsa matrouh,3/20/2025,720402
Skoda Octavia A4 2000,Skoda,Octavia A4,Silver,500000,banha,3/20/2025,271957
Skoda Octavia A4 1997,Skoda,Octavia A4,Silver,200000,el haram,3/19/2025,262127
Skoda Kodiaq 2022,Skoda,Kodiaq,Gray,35000,alexandria,3/19/2025,308439
Skoda Foreman 1994,Skoda,Foreman,Dark blue,10000,10th of ramadan,3/19/2025,307041
Skoda Octavia A7 2015,Skoda,Octavia A7,Black,170000,nasr city,3/19/2025,713831
Skoda Octavia A7 2015,Skoda,Octavia A7,Black,70000,6-Oct,3/19/2025,758925
Skoda Octavia A7 2015Verified User,Skoda,Octavia A7,Black,150000,cairo,3/18/2025,497921
Skoda Octavia A5 2007,Skoda,Octavia A5,Dark grey,260000,tagamo3 - new cairo,3/19/2025,395477
Skoda Octavia A7 2018,Skoda,Octavia A7,White,120000,dakahlia,3/19/2025,276345
Skoda Octavia A5 2009,Skoda,Octavia A5,Champagne,140000,alexandria,3/18/2025,624107
Skoda Superb 2024,Skoda,Superb,Blue,30000,hybrid,3/18/2025,324748
Skoda Octavia A4 2003,Skoda,Octavia A4,Gray,300000,port said,3/18/2025,298995
Skoda Superb 2011,Skoda,Superb,Gray,155000,al shorouk,3/18/2025,273493
Skoda Octavia A5 2007,Skoda,Octavia A5,Black,174000,el mahalla,3/18/2025,684710
Skoda Octavia A7 2015,Skoda,Octavia A7,Black,120000,obour city,3/18/2025,407968
Skoda Kodiaq 2020,Skoda,Kodiaq,Dark grey,228000,maadi,3/17/2025,298889
Skoda Fantasia 2012,Skoda,Fantasia,Silver,380000,cairo,3/17/2025,755835
Skoda Superb 2019,Skoda,Superb,Silver,60000,alexandria,3/17/2025,349004
Skoda Octavia A8 2022Verified User,Skoda,Octavia A8,Silver,35000,nasr city,3/17/2025,362728
Peugeot 5008 2022,Peugeot,5008,Black,72000,6-Oct,6/2/2025,353890
Peugeot 508 2020,Peugeot,508,Red,130000,6-Oct,6/2/2025,603435
Peugeot 508 2019,Peugeot,508,Dark grey,130000,tanta,6/2/2025,283764
Peugeot 2008 2020,Peugeot,2008,Dark red,34000,alexandria,6/2/2025,587158
Peugeot 407 2007Verified User,Peugeot,407,Dark blue,260000,6-Oct,6/2/2025,367285
Peugeot 408 2012Verified User,Peugeot,408,Gold,208000,6-Oct,6/2/2025,652892
Peugeot 508 2016Verified User,Peugeot,508,Dark grey,131000,6-Oct,6/2/2025,387405
Peugeot 301 2021,Peugeot,301,Bronze,87000,cairo,6/2/2025,447732
Peugeot 301 2021,Peugeot,301,Black,60000,cairo,6/2/2025,325056
Peugeot 508 2019,Peugeot,508,Silver,130000,tagamo3 - new cairo,6/2/2025,373976
Peugeot 3008 2015,Peugeot,3008,Bronze,255000,cairo,6/2/2025,462633
Peugeot 5008 2020,Peugeot,5008,Gray,168000,sheikh zayed city,6/2/2025,259918
Peugeot 504 1979,Peugeot,504,Dark blue,,faiyum,6/2/2025,342338
Peugeot 508 2023,Peugeot,508,Dark blue,4000,el manial,6/2/2025,641045
Peugeot 3008 2022,Peugeot,3008,Mocha,95000,giza,6/2/2025,553527
Peugeot 508 2020,Peugeot,508,Dark red,114888,mohandessin,6/2/2025,452486
Peugeot 3008 2015,Peugeot,3008,Silver,102000,cairo,6/2/2025,472464
Peugeot 406 2003,Peugeot,406,White,700000,cairo,6/2/2025,483385
Peugeot 3008 2019,Peugeot,3008,Other,130000,mansoura,6/2/2025,524543
Peugeot 405 1995,Peugeot,405,Dark green,,heliopolis,6/2/2025,550000
Peugeot 408 2025,Peugeot,408,Dark blue,10000,6-Oct,6/2/2025,282630
Peugeot 406 1999,Peugeot,406,Black,125000,warraq,6/2/2025,234603
Peugeot 406 2003,Peugeot,406,White,170000,tagamo3 - new cairo,6/2/2025,458158
Peugeot 406 2004,Peugeot,406,Silver,350000,el haram,6/2/2025,405937
Peugeot 508 2014,Peugeot,508,Silver,85000,alexandria,6/2/2025,646261
Peugeot 208 2008,Peugeot,208,Silver,,6-Oct,6/2/2025,305601
Peugeot 3008 2015,Peugeot,3008,White,133000,tagamo3 - new cairo,6/1/2025,519332
Peugeot 504 1979,Peugeot,504,Cyan,250000,maadi,6/1/2025,376565
Peugeot 3008 2015Verified User,Peugeot,3008,Petroleum,225000,6-Oct,6/1/2025,565829
Peugeot 301 2015,Peugeot,301,Silver,170000,cairo,6/1/2025,569026
Peugeot 3008 2021,Peugeot,3008,Bronze,70000,mokattam,6/1/2025,615495
Peugeot 301 2014,Peugeot,301,Brown,114000,alexandria,6/1/2025,375812
Peugeot Pars 2011,Peugeot,Pars,White,600000,mokattam,6/1/2025,243311
Peugeot 301 2015,Peugeot,301,Gold,90000,nasr city,5/31/2025,540902
Peugeot 5008 2020,Peugeot,5008,White,156000,6-Oct,5/31/2025,616652
Peugeot 301 2018,Peugeot,301,Mocha,177000,el haram,5/31/2025,435196
Peugeot 405 2002,Peugeot,405,White,200000,heliopolis,5/31/2025,696684
Peugeot 301 2018,Peugeot,301,Bronze,110000,tagamo3 - new cairo,5/31/2025,257433
Peugeot 405 2002,Peugeot,405,Green,200000,obour city,5/31/2025,360097
Peugeot 307 2006,Peugeot,307,Black,450000,suez,5/31/2025,412838
Peugeot 405 2001,Peugeot,405,Gray,259000,cairo,5/31/2025,683495
Peugeot 301 2022,Peugeot,301,Dark grey,67000,nasr city,5/30/2025,647522
Peugeot 3008 2017Verified User,Peugeot,3008,Black,136000,nasr city,5/30/2025,340501
Peugeot 3008 2021,Peugeot,3008,Red,53000,maadi,5/30/2025,347139
Peugeot 405 1999,Peugeot,405,Blue,,maadi,5/30/2025,405062
Peugeot 301 2020,Peugeot,301,Other,225000,helwan,5/30/2025,589430
Peugeot 301 2021,Peugeot,301,Silver,31000,nasr city,5/29/2025,506329
Peugeot 307 2005,Peugeot,307,Black,180000,6-Oct,5/29/2025,604350
Peugeot 2008 2024,Peugeot,2008,White,,giza,5/29/2025,586224
Peugeot 301 2020Verified User,Peugeot,301,Black,90000,beni suef,5/29/2025,547180
Peugeot 301 2015,Peugeot,301,Brown,80000,cairo,5/29/2025,438741
Peugeot 208 2016,Peugeot,208,Red,170000,cairo,5/29/2025,297135
Peugeot 206 2001,Peugeot,206,Silver,198540,cairo,5/29/2025,465373
Peugeot 301 2021,Peugeot,301,Petroleum,28000,giza,5/29/2025,679516
Peugeot 301 2015,Peugeot,301,Mocha,236000,6-Oct,5/29/2025,263398
Peugeot 3008 2011,Peugeot,3008,Black,148221,shobra,5/28/2025,437987
Peugeot 3008 2016,Peugeot,3008,White,98000,maadi,5/28/2025,617592
Peugeot 3008 2015,Peugeot,3008,Brown,173000,el mahalla,5/28/2025,589606
Peugeot 301 2014,Peugeot,301,Brown,195000,suez,5/28/2025,355585
Peugeot 508 2022,Peugeot,508,Dark blue,10000,mokattam,5/27/2025,514493
Peugeot 301 2019,Peugeot,301,Black,159000,tagamo3 - new cairo,5/27/2025,479729
Peugeot 301 2016,Peugeot,301,Blue,150000,nasr city,5/27/2025,275025
Peugeot 408 2012,Peugeot,408,Red,210000,el haram,5/27/2025,399532
Peugeot 301 2015,Peugeot,301,Blue,195000,cairo,5/27/2025,633020
Peugeot 301 2019,Peugeot,301,Black,175000,tanta,5/27/2025,456264
Peugeot 508 2018,Peugeot,508,White,147000,tagamo3 - new cairo,5/26/2025,349091
Peugeot 5008 2023,Peugeot,5008,Silver,,sheikh zayed city,5/26/2025,636010
Peugeot 405 1998,Peugeot,405,White,28888,obour city,5/26/2025,364264
Peugeot 301 2016,Peugeot,301,Blue,139000,port said,5/26/2025,240342
Peugeot 3008 2014,Peugeot,3008,Silver,86000,nasr city,5/26/2025,635241
Peugeot 405 1995,Peugeot,405,White,,giza,5/26/2025,329378
Peugeot 305 1975,Peugeot,305,Bronze,,dakahlia,5/26/2025,692085
Peugeot 408 2012,Peugeot,408,Blue,130000,mokattam,5/25/2025,342794
Peugeot 308 2011,Peugeot,308,Blue,163000,hurghada,5/25/2025,545807
Peugeot 301 2019,Peugeot,301,Dark blue,150000,heliopolis,5/25/2025,309985
Peugeot 3008 2019,Peugeot,3008,Blue,100000,nasr city,5/25/2025,462021
Peugeot 301 2015,Peugeot,301,Silver,220000,giza,5/25/2025,683802
Peugeot 405 2004,Peugeot,405,Silver,,asyut,5/25/2025,680918
Peugeot 2008 2020,Peugeot,2008,Black,80000,giza,5/24/2025,605964
Peugeot 207 2007,Peugeot,207,Silver,244000,heliopolis,5/24/2025,243726
Peugeot 301 2015,Peugeot,301,Black,295000,obour city,5/24/2025,667587
Peugeot 405 1996,Peugeot,405,Gray,120000,sheikh zayed city,5/24/2025,589255
Peugeot 2008 2022,Peugeot,2008,Silver,40000,alexandria,5/24/2025,566864
Peugeot 3008 2015,Peugeot,3008,Dark blue,125000,el salam city,5/23/2025,295125
Peugeot 508 2022,Peugeot,508,Gray,55000,tagamo3 - new cairo,5/23/2025,600976
Peugeot 5008 2017,Peugeot,5008,Gray,140000,tagamo3 - new cairo,5/23/2025,326892
Peugeot 2008 2020,Peugeot,2008,Red,88700,maadi,5/23/2025,343282
Peugeot 508 2017,Peugeot,508,Black,144000,obour city,5/23/2025,360845
Peugeot 3008 2019,Peugeot,3008,White,192000,6-Oct,5/20/2025,362774
Peugeot 405 1997,Peugeot,405,Silver,300000,cairo,5/23/2025,235858
Peugeot 208 2015,Peugeot,208,Black,83841,tagamo3 - new cairo,5/23/2025,441955
Peugeot 508 2013,Peugeot,508,Black,180000,nasr city,5/23/2025,237076
Peugeot 301 2020,Peugeot,301,Dark blue,119000,tagamo3 - new cairo,5/22/2025,488962
Peugeot 508 2016,Peugeot,508,Dark blue,133000,tagamo3 - new cairo,5/22/2025,526980
Peugeot 301 2014,Peugeot,301,Black,230000,mohandessin,5/22/2025,295822
Peugeot 3008 2015,Peugeot,3008,Bronze,104000,tagamo3 - new cairo,5/17/2025,403570
Peugeot 3008 2015,Peugeot,3008,Brown,150000,cairo,5/22/2025,335531
Peugeot 3008 2023,Peugeot,3008,Black,,zagazig,5/22/2025,535181
Peugeot 405 2010,Peugeot,405,White,345000,al shorouk,5/22/2025,607710
Peugeot 307 2007,Peugeot,307,Black,300000,faiyum,5/22/2025,371300
Peugeot 405 2010,Peugeot,405,White,345000,al shorouk,5/22/2025,610245
Peugeot 508 2020,Peugeot,508,Dark grey,115000,sheikh zayed city,5/22/2025,515020
Peugeot 301 2020,Peugeot,301,Gray,93000,cairo,5/22/2025,359773
Peugeot 3008 2019,Peugeot,3008,Other,147000,tanta,5/21/2025,563000
Peugeot 3008 2021,Peugeot,3008,White,118000,maadi,5/21/2025,385213
Peugeot 508 2014,Peugeot,508,Dark blue,143000,maadi,5/21/2025,545212
Peugeot 405 1992,Peugeot,405,Silver,75000,giza,5/21/2025,386665
Peugeot 301 2021,Peugeot,301,Black,89000,tagamo3 - new cairo,5/10/2025,617301
Peugeot 508 2015,Peugeot,508,Black,194000,6-Oct,5/20/2025,385558
Peugeot 508 2016,Peugeot,508,Petroleum,140000,nasr city,5/20/2025,609826
Peugeot 406 1997,Peugeot,406,Dark grey,254000,sadat city,5/20/2025,222480
Peugeot 307 2006Verified User,Peugeot,307,Petroleum,276000,6-Oct,5/20/2025,320926
Peugeot 5008 2017,Peugeot,5008,Silver,99000,obour city,5/20/2025,285142
Peugeot 2008 2015,Peugeot,2008,Gray,135000,nasr city,5/20/2025,351602
Peugeot 2008 2015,Peugeot,2008,White,136000,al shorouk,5/20/2025,468133
Peugeot 405 1995,Peugeot,405,Red,300000,helwan,5/20/2025,511835
Peugeot 508 2021,Peugeot,508,Red,84000,maadi,5/20/2025,437792
Peugeot 3008 2022,Peugeot,3008,Petroleum,40000,maadi,5/20/2025,294374
Peugeot 3008 2013,Peugeot,3008,Dark blue,175500,cairo,5/20/2025,333337
Peugeot 504 1976,Peugeot,504,White,,obour city,5/20/2025,577548
Peugeot 508 2015,Peugeot,508,Silver,325000,cairo,5/20/2025,622633
Peugeot 406 2002,Peugeot,406,Blue,200000,heliopolis,4/16/2025,562796
Peugeot 2008 2020,Peugeot,2008,White,108880,wadi al-natrun,5/19/2025,602452
Peugeot 508 2014,Peugeot,508,Cyan,228500,tagamo3 - new cairo,5/19/2025,456797
Peugeot 301 2018,Peugeot,301,Gray,175000,tagamo3 - new cairo,5/19/2025,699158
Peugeot 5008 2020,Peugeot,5008,Petroleum,130000,tagamo3 - new cairo,5/19/2025,691113
Peugeot 3008 2015,Peugeot,3008,White,174000,tagamo3 - new cairo,5/18/2025,650702
Peugeot 406 2005,Peugeot,406,Silver,343000,kafr el-sheikh,5/18/2025,394853
Peugeot 406 2005,Peugeot,406,Silver,350000,ismailia,5/18/2025,515726
Peugeot 405 1992,Peugeot,405,Dark grey,239507,obour city,5/18/2025,542037
Peugeot 508 2019,Peugeot,508,White,175000,6-Oct,5/18/2025,300208
Peugeot 3008 2021Verified User,Peugeot,3008,Dark grey,90000,heliopolis,5/18/2025,461833
Peugeot 301 2019,Peugeot,301,Brown,162000,maadi,5/18/2025,428528
Peugeot 508 2015,Peugeot,508,Black,260000,nasr city,5/18/2025,220248
Peugeot 508 2014,Peugeot,508,Silver,230000,alexandria,5/18/2025,548869
Peugeot 205 1993,Peugeot,205,Red,267000,cairo,5/18/2025,326603
Peugeot 301 2015,Peugeot,301,White,220000,qena,5/18/2025,265453
Peugeot 3008 2020,Peugeot,3008,Gray,147000,sharqia,5/17/2025,509117
Peugeot 508 2017,Peugeot,508,Gray,190000,cairo,5/17/2025,590359
Peugeot 5008 2019,Peugeot,5008,White,59000,shibin el kom,5/17/2025,633210
Peugeot 208 2015,Peugeot,208,Silver,97261,al shorouk,5/16/2025,339260
Peugeot 3008 2015,Peugeot,3008,Dark blue,170000,giza,5/16/2025,611273
Peugeot 301 2014,Peugeot,301,Silver,415000,alexandria,5/16/2025,408860
Peugeot 3008 2021,Peugeot,3008,White,90000,nasr city,5/16/2025,472860
Peugeot 504 1977,Peugeot,504,Cyan,,qalyubia,5/16/2025,584534
Peugeot 205 1985,Peugeot,205,Red,200000,10th of ramadan,5/16/2025,421208
Peugeot 405 2003,Peugeot,405,White,100000,shobra,5/16/2025,377960
Peugeot 307 2007,Peugeot,307,Red,191000,tagamo3 - new cairo,5/16/2025,509037
Peugeot 308 sw 2011,Peugeot,308 sw,Red,200000,mohandessin,5/16/2025,560709
Peugeot 301 2016,Peugeot,301,Blue,207000,cairo,5/16/2025,650145
Peugeot 208 2015,Peugeot,208,Black,94000,alexandria,5/16/2025,225372
Peugeot 307 2007,Peugeot,307,Red,251000,al shorouk,5/16/2025,571497
Peugeot 2008 2015,Peugeot,2008,Brown,134000,el gamaleya,5/16/2025,359732
Peugeot 405 2007,Peugeot,405,Silver,160000,pyramids gardens,5/16/2025,603191
Peugeot 504 1978,Peugeot,504,White,,shobra,5/15/2025,254687
Peugeot 3008 2011,Peugeot,3008,Silver,242000,madinaty,5/15/2025,235440
Peugeot 205 1989,Peugeot,205,White,250000,shobra,4/19/2025,344008
Peugeot Partner 2013,Peugeot,Partner,Gray,200000,6-Oct,5/15/2025,652431
Peugeot 301 2019,Peugeot,301,Silver,108000,cairo,5/15/2025,416620
Peugeot 405 1994,Peugeot,405,Red,100000,zagazig,5/15/2025,304227
Peugeot 508 2022,Peugeot,508,White,4950,cairo,5/15/2025,487690
Peugeot 405 2007,Peugeot,405,Black,200000,zefta,5/15/2025,670267
Peugeot 508 2017,Peugeot,508,Silver,140000,madinaty,5/15/2025,384113
Peugeot 508 2015,Peugeot,508,White,186000,cairo,5/15/2025,688198
Peugeot 207 2008,Peugeot,207,Gray,160000,cairo,5/15/2025,657807
Peugeot 406 1999,Peugeot,406,Beige,241000,khanka,5/15/2025,549659
Peugeot 508 2013,Peugeot,508,Black,250000,kom hamada,5/15/2025,301454
Peugeot 307 2007,Peugeot,307,Silver,255000,cairo,5/14/2025,349271
Peugeot 508 2020,Peugeot,508,White,115000,tagamo3 - new cairo,5/15/2025,266638
Peugeot 508 2022,Peugeot,508,Purple,30000,tagamo3 - new cairo,5/14/2025,397972
Peugeot 207 2007,Peugeot,207,Silver,148000,ain shams,5/14/2025,471935
Peugeot 508 2020,Peugeot,508,Black,115000,nasr city,5/14/2025,440888
Peugeot 307 SW 2007,Peugeot,307 SW,Black,240000,ismailia,5/14/2025,549751
Peugeot 405 2007,Peugeot,405,Black,160000,banha,5/14/2025,294084
Peugeot 405 1992,Peugeot,405,Black,,shobra,5/14/2025,555730
Peugeot 405 1995,Peugeot,405,Red,298000,warraq,5/14/2025,255231
Peugeot 405 2001,Peugeot,405,Red,287273,cairo,5/14/2025,306062
Peugeot 3008 2019,Peugeot,3008,White,191000,6-Oct,5/14/2025,549658
Peugeot 508 2016,Peugeot,508,Silver,153000,heliopolis,5/14/2025,513458
Peugeot 301 2021,Peugeot,301,Silver,85000,mokattam,5/14/2025,654075
Peugeot 3008 2011,Peugeot,3008,Gray,300000,giza,5/14/2025,400120
Peugeot 2008 2016,Peugeot,2008,Mocha,75000,tagamo3 - new cairo,5/13/2025,576746
Peugeot 3008 2013,Peugeot,3008,Petroleum,200000,alexandria,5/13/2025,226691
Peugeot 3008 2014,Peugeot,3008,Gray,187000,6-Oct,5/13/2025,475726
Peugeot 405 1995,Peugeot,405,Silver,,giza,5/13/2025,268197
Peugeot 307 2008,Peugeot,307,Silver,,shibin el kom,5/13/2025,407792
Peugeot 301 2015,Peugeot,301,Silver,234000,tagamo3 - new cairo,5/13/2025,527834
Peugeot 2008 2020,Peugeot,2008,Silver,84500,alexandria,5/13/2025,676884
Peugeot 406 2004,Peugeot,406,Eggplant,136000,giza,5/13/2025,491174
Peugeot 508 2022,Peugeot,508,White,57000,cairo,5/13/2025,342253
Peugeot 301 2014,Peugeot,301,Black,230000,6-Oct,5/12/2025,635012
Peugeot 2008 2020,Peugeot,2008,Silver,84500,alexandria,5/12/2025,362070
Peugeot 301 2022,Peugeot,301,Black,50000,tagamo3 - new cairo,5/12/2025,370601
Peugeot 5008 2022,Peugeot,5008,White,20000,cairo,5/12/2025,675719
Peugeot 307 SW 2007,Peugeot,307 SW,Silver,300000,giza,5/12/2025,588362
Peugeot 301 2021,Peugeot,301,Black,101900,maadi,5/12/2025,379157
Peugeot 504 1979,Peugeot,504,Beige,,el senbellawein,5/12/2025,382271
Peugeot 5008 2022,Peugeot,5008,Brown,54000,tagamo3 - new cairo,5/11/2025,303822
Peugeot 207 2007,Peugeot,207,Dark green,100000,alexandria,5/12/2025,254135
Peugeot 2008 2015,Peugeot,2008,Dark blue,193000,6-Oct,5/12/2025,562932
Peugeot 5008 2016,Peugeot,5008,Silver,206000,maadi,5/11/2025,582520
Peugeot 5008 2020,Peugeot,5008,Silver,250000,cairo,5/11/2025,350579
Peugeot 3008 2024,Peugeot,3008,Dark grey,12000,mohandessin,5/11/2025,565017
Peugeot 5008 2015,Peugeot,5008,Silver,151000,cairo,5/11/2025,400807
Peugeot 301 2018,Peugeot,301,Gold,2000,heliopolis,5/11/2025,367024
Peugeot 407 2007,Peugeot,407,Silver,200000,giza,5/11/2025,562246
Peugeot 407 2006,Peugeot,407,Cyan,165000,cairo,5/11/2025,403726
Peugeot 301 2020Verified User,Peugeot,301,Silver,109000,cairo,5/11/2025,374880
Peugeot 206 2001,Peugeot,206,Green,111804,giza,5/10/2025,266301
Peugeot 405 2002,Peugeot,405,Dark blue,250000,alexandria,5/10/2025,246714
Peugeot 508 2020,Peugeot,508,Red,183000,tagamo3 - new cairo,5/10/2025,540242
Peugeot 301 2014,Peugeot,301,Silver,285000,gharbia,5/10/2025,645564
Peugeot 508 2016,Peugeot,508,Silver,153000,sheraton,5/10/2025,323505
Peugeot 505 1991,Peugeot,505,Red,280000,kafr el-sheikh,5/10/2025,543270
Peugeot 505 1988,Peugeot,505,White,300000,cairo,5/9/2025,358634
Peugeot 301 2015,Peugeot,301,Gold,250000,alexandria,5/9/2025,221423
Peugeot 3008 2020,Peugeot,3008,Gray,104000,heliopolis,5/9/2025,393814
Peugeot 504 1976,Peugeot,504,White,150000,shobra,5/9/2025,394748
Peugeot 505 1984,Peugeot,505,Black,,qena,5/9/2025,325583
Peugeot 2008 2020,Peugeot,2008,Dark blue,97000,mokattam,5/9/2025,473964
Peugeot 5008 2024,Peugeot,5008,Black,54000,6-Oct,5/9/2025,674651
Peugeot 3008 2011,Peugeot,3008,Brown,260000,sheikh zayed city,5/9/2025,440452
Peugeot 508 2014,Peugeot,508,Black,115000,tagamo3 - new cairo,5/9/2025,467506
Peugeot 301 2015,Peugeot,301,Dark grey,200300,al shorouk,5/9/2025,632588
Peugeot 307 2007,Peugeot,307,Dark red,298750,10th of ramadan,5/9/2025,473984
Peugeot 301 2021,Peugeot,301,Silver,80000,hurghada,5/9/2025,532427
Peugeot 508 2013,Peugeot,508,Silver,,tagamo3 - new cairo,5/9/2025,464417
Peugeot 3008 2016,Peugeot,3008,White,182000,sheikh zayed city,5/9/2025,493047
Peugeot 301 2015,Peugeot,301,Silver,135000,sheikh zayed city,5/9/2025,603766
Peugeot 2008 2016,Peugeot,2008,Brown,205586,obour city,5/8/2025,529126
Peugeot 508 2016Verified User,Peugeot,508,Gray,78000,alexandria,5/8/2025,421341
Peugeot 208 2016,Peugeot,208,Silver,200000,cairo,5/8/2025,232319
Peugeot 301 2016,Peugeot,301,Gray,165000,6-Oct,5/8/2025,675804
Peugeot 3008 2014,Peugeot,3008,White,300000,damietta,5/8/2025,626016
Peugeot 504 1979,Peugeot,504,White,,el gamaleya,5/8/2025,535305
Peugeot 3008 2023,Peugeot,3008,Black,16000,alexandria,5/8/2025,586448
Peugeot 301 2020,Peugeot,301,Blue,66000,mohandessin,5/8/2025,549950
Peugeot 301 2014,Peugeot,301,Silver,194000,maadi,5/8/2025,568352
Peugeot 301 2016,Peugeot,301,Silver,230000,6-Oct,5/8/2025,317214
Peugeot 301 2016,Peugeot,301,Gray,159000,monufia,5/7/2025,688587
Peugeot 3008 2013,Peugeot,3008,Brown,138000,mohandessin,5/7/2025,261308
Peugeot 301 2015,Peugeot,301,Purple,110000,6-Oct,5/7/2025,396046
Peugeot 307 2006,Peugeot,307,Green,310000,giza,5/7/2025,501307
Peugeot 5008 2020,Peugeot,5008,Dark green,145000,alexandria,5/7/2025,396616
Peugeot 308 sw 2011,Peugeot,308 sw,Dark blue,133000,aswan,5/6/2025,525132
Peugeot 508 2013,Peugeot,508,White,260000,helwan,5/6/2025,322386
Peugeot 308 2010,Peugeot,308,White,230000,asyut,5/6/2025,270205
Peugeot 205 1986,Peugeot,205,Red,195000,10th of ramadan,5/6/2025,293082
Peugeot 3008 2022,Peugeot,3008,Dark grey,70000,el haram,5/6/2025,238683
Peugeot 301 2019,Peugeot,301,Gray,155000,cairo,5/6/2025,357152
Peugeot 301 2021,Peugeot,301,Black,76000,tagamo3 - new cairo,5/6/2025,370416
Peugeot 406 2004,Peugeot,406,Black,40000,cairo,5/6/2025,351645
Peugeot 508 2013,Peugeot,508,Gray,192000,nasr city,5/5/2025,596399
Peugeot 3008 2024,Peugeot,3008,Red,25000,mokattam,5/5/2025,251194
Peugeot 508 2020,Peugeot,508,Dark blue,135000,tagamo3 - new cairo,5/5/2025,590156
Peugeot 508 2015,Peugeot,508,White,315000,cairo,5/5/2025,441056
Peugeot 508 2022,Peugeot,508,Dark grey,89000,tagamo3 - new cairo,5/5/2025,655984
Peugeot 508 2013,Peugeot,508,Black,192000,cairo,5/5/2025,641983
Peugeot 301 2020,Peugeot,301,Silver,73250,maadi,5/5/2025,590336
Peugeot 301 2015,Peugeot,301,Silver,114500,alexandria,5/4/2025,462910
Peugeot 405 2007,Peugeot,405,Silver,,qena,5/4/2025,277608
Peugeot 301 2021,Peugeot,301,Blue,70000,cairo,5/4/2025,279591
Peugeot 308 sw 2011,Peugeot,308 sw,Dark grey,230000,tagamo3 - new cairo,5/4/2025,373835
Peugeot 3008 2015,Peugeot,3008,Bronze,173000,el mahalla,5/4/2025,582172
Peugeot 206 2001,Peugeot,206,Other,,shobra,5/4/2025,646126
Peugeot 405 2002,Peugeot,405,Dark grey,200000,giza,5/4/2025,360408
Peugeot 405 2005,Peugeot,405,Dark blue,,touhk,5/4/2025,479350
Peugeot 505 1980,Peugeot,505,Dark blue,300000,bilbeis,5/4/2025,626835
Peugeot 2008 2015,Peugeot,2008,Silver,175000,cairo,5/4/2025,416713
Peugeot 301 2016,Peugeot,301,Silver,163000,6-Oct,5/4/2025,490241
Peugeot 405 1999,Peugeot,405,Gold,,obour city,5/4/2025,394042
Peugeot 301 2016,Peugeot,301,Silver,180000,alexandria,5/4/2025,542150
Peugeot 504 1979,Peugeot,504,Beige,,ismailia,5/4/2025,392991
Peugeot 508 2021,Peugeot,508,Red,70000,cairo,5/3/2025,229986
Peugeot 307 2007,Peugeot,307,Green,100000,alexandria,5/3/2025,373787
Peugeot 3008 2015,Peugeot,3008,Black,150000,alexandria,5/3/2025,506025
Peugeot 307 2007,Peugeot,307,Black,340000,tagamo3 - new cairo,5/3/2025,354234
Peugeot 205 1984,Peugeot,205,White,,heliopolis,5/3/2025,262474
Peugeot 206 2001,Peugeot,206,Orange,330000,shobra,5/3/2025,699217
Peugeot 508 2015,Peugeot,508,Dark grey,140000,monufia,5/2/2025,385420
Peugeot 3008 2014,Peugeot,3008,Champagne,300000,banha,5/2/2025,473141
Peugeot 2008 2016,Peugeot,2008,Mocha,75000,tagamo3 - new cairo,5/2/2025,347581
Peugeot 5008 2020,Peugeot,5008,White,122000,cairo,5/2/2025,350965
Peugeot 3008 2015,Peugeot,3008,Black,125000,nasr city,5/2/2025,473664
Peugeot 301 2018,Peugeot,301,Black,255000,6-Oct,5/2/2025,602370
Peugeot 504 1979Verified User,Peugeot,504,White,,nasr city,4/3/2025,235420
Peugeot 5008 2016,Peugeot,5008,Gray,117000,cairo,5/1/2025,379923
Peugeot 5008 2020,Peugeot,5008,White,160000,6-Oct,5/1/2025,292187
Peugeot 301 2015,Peugeot,301,Silver,100000,suez,5/1/2025,624684
Peugeot 505 1980,Peugeot,505,Black,500000,qena,5/1/2025,473916
Peugeot 301 2015,Peugeot,301,Black,283000,pyramids gardens,5/1/2025,612064
Peugeot 206 2011,Peugeot,206,Black,124190,heliopolis,5/1/2025,246398
Peugeot 508 2017,Peugeot,508,Brown,74000,madinaty,4/30/2025,479854
Peugeot 508 2013Verified User,Peugeot,508,White,150000,cairo,4/30/2025,320783
Peugeot 508 2017,Peugeot,508,Dark grey,156000,giza,4/30/2025,260923
Peugeot 301 2018,Peugeot,301,Gray,112000,sohag,4/30/2025,343501
Peugeot 3008 2024,Peugeot,3008,Red,14500,6-Oct,4/29/2025,542268
Peugeot 3008 2016,Peugeot,3008,Dark grey,145000,alexandria,4/29/2025,268849
Peugeot 504 1979,Peugeot,504,Gold,,el bagour,4/29/2025,308518
Peugeot 301 2020,Peugeot,301,Silver,110000,tanta,4/29/2025,519838
Peugeot 301 2016,Peugeot,301,White,100000,new administrative capital,4/29/2025,617483
Peugeot 307 2007,Peugeot,307,Black,,cairo,4/29/2025,675632
Peugeot 508 2013,Peugeot,508,White,172000,heliopolis,4/29/2025,643270
Peugeot 405 2025,Peugeot,405,White,,giza,4/29/2025,432829
Peugeot 3008 2020,Peugeot,3008,Gray,130000,alexandria,4/28/2025,313563
Peugeot 3008 2020,Peugeot,3008,Blue,123921,pyramids gardens,4/28/2025,274408
Peugeot 408 2023,Peugeot,408,White,9950,suez,4/28/2025,587109
Peugeot 301 2016,Peugeot,301,White,100000,tagamo3 - new cairo,4/28/2025,441107
Peugeot 301 2014,Peugeot,301,Gray,156000,tagamo3 - new cairo,4/28/2025,696494
Peugeot 406 2000,Peugeot,406,Dark red,150000,nasr city,4/28/2025,226176
Peugeot 301 2021,Peugeot,301,Silver,70000,sharqia,4/28/2025,593312
Peugeot 508 2013,Peugeot,508,White,240000,ismailia,4/28/2025,662297
Peugeot 305 1979,Peugeot,305,Silver,,helwan,4/28/2025,607122
Peugeot 301 2020,Peugeot,301,Dark blue,52000,hurghada,4/28/2025,332661
Peugeot 508 2013,Peugeot,508,Black,109500,mokattam,4/27/2025,689512
Peugeot 3008 2021,Peugeot,3008,Black,100000,mohandessin,4/27/2025,612261
Peugeot 301 2019,Peugeot,301,Silver,100000,mokattam,4/27/2025,693976
Peugeot 607 2001Verified User,Peugeot,607,Black,170000,6-Oct,4/27/2025,442597
Peugeot 405 2004,Peugeot,405,Cyan,350000,6-Oct,4/27/2025,644490
Peugeot 2008 2015,Peugeot,2008,Dark blue,158000,cairo,4/27/2025,598529
Peugeot 305 1979,Peugeot,305,Red,175000,giza,4/27/2025,574138
Peugeot 508 2016,Peugeot,508,Black,137500,maadi,4/27/2025,610597
Peugeot 307 2008,Peugeot,307,Dark grey,210000,giza,4/27/2025,597920
Peugeot 2008 2022,Peugeot,2008,Red,120000,6-Oct,4/27/2025,542379
Peugeot 508 2022,Peugeot,508,Silver,66000,tagamo3 - new cairo,4/27/2025,287845
Peugeot 307 2004,Peugeot,307,Silver,265000,giza,4/27/2025,684361
Peugeot 307 2007,Peugeot,307,Silver,160000,cairo,4/26/2025,652803
Peugeot 508 2012,Peugeot,508,Silver,270000,el katameya,4/26/2025,652268
Peugeot 508 2015,Peugeot,508,Black,113000,tagamo3 - new cairo,4/26/2025,423623
Peugeot 505 1986,Peugeot,505,White,82000,alexandria,4/26/2025,250970
Peugeot 5008 2019,Peugeot,5008,Dark blue,160000,tagamo3 - new cairo,4/26/2025,559391
Peugeot 301 2015,Peugeot,301,Dark grey,200000,suez,4/26/2025,249558
Peugeot 308 2011,Peugeot,308,Silver,112000,cairo,4/26/2025,524220
Peugeot 508 2014,Peugeot,508,Black,175000,beni suef,4/25/2025,573735
Peugeot 3008 2019,Peugeot,3008,Petroleum,147000,agamy,4/25/2025,659460
Peugeot 5008 2022,Peugeot,5008,White,123000,al shorouk,4/25/2025,271825
Peugeot 5008 2015,Peugeot,5008,Gold,300000,nasr city,4/25/2025,429275
Peugeot 301 2020,Peugeot,301,Dark grey,124000,tagamo3 - new cairo,4/25/2025,564224
Peugeot 3008 2023,Peugeot,3008,Black,90000,sharm el-sheikh,4/25/2025,412788
Peugeot 207 2008,Peugeot,207,Olive,200305,helwan,4/24/2025,423808
Peugeot 301 2015,Peugeot,301,Silver,165000,tagamo3 - new cairo,4/24/2025,566611
Peugeot 405 2000,Peugeot,405,Green,208399,el haram,4/24/2025,606280
Peugeot 3008 2023,Peugeot,3008,Silver,50000,giza,4/24/2025,655128
Peugeot 307 2008,Peugeot,307,Petroleum,157000,asyut,4/24/2025,629033
Peugeot 208 2014,Peugeot,208,Black,220000,cairo,4/23/2025,564969
Peugeot 301 2020,Peugeot,301,Silver,60000,cairo,4/23/2025,382423
Peugeot 508 2014,Peugeot,508,Gray,280000,imbaba,4/23/2025,497256
Peugeot 508 2017,Peugeot,508,Dark grey,120000,damanhur,4/23/2025,696552
Peugeot 308 2011,Peugeot,308,Silver,115000,obour city,4/23/2025,447456
Peugeot 3008 2021,Peugeot,3008,Dark blue,100000,tagamo3 - new cairo,4/23/2025,583259
Peugeot 505 1981,Peugeot,505,Green,10000,asyut,4/23/2025,656868
Peugeot 301 2015,Peugeot,301,Black,150000,mokattam,4/23/2025,244626
Peugeot 301 2014,Peugeot,301,Gray,76500,mohandessin,4/23/2025,235611
Peugeot 405 1997,Peugeot,405,Red,200000,nasr city,4/23/2025,388708
Peugeot 3008 2021,Peugeot,3008,Black,100000,tagamo3 - new cairo,4/23/2025,294216
Peugeot 307 2006,Peugeot,307,Black,140000,cairo,4/23/2025,504477
Peugeot 301 2015,Peugeot,301,Silver,96000,cairo,4/22/2025,682534
Peugeot 3008 2012,Peugeot,3008,Red,180000,damietta,4/20/2025,432791
Peugeot 307 2007,Peugeot,307,Silver,196000,warraq,4/22/2025,540568
Peugeot 405 2005,Peugeot,405,Gold,140000,maadi,4/22/2025,542340
Peugeot 405 1994,Peugeot,405,Silver,,qalyub,4/22/2025,311678
Peugeot 2008 2020,Peugeot,2008,Red,91000,maadi,4/22/2025,422180
Peugeot 2008 2021,Peugeot,2008,Silver,80000,nasr city,4/22/2025,272788
Peugeot 504 1976,Peugeot,504,Silver,,suez,4/22/2025,501028
Peugeot 3008 2011,Peugeot,3008,Silver,125000,cairo,4/21/2025,578065
Peugeot 2008 2018,Peugeot,2008,Brown,68000,sheikh zayed city,4/21/2025,580115
Peugeot 307 2007,Peugeot,307,Silver,190000,damietta,4/21/2025,437976
Peugeot 504 1977,Peugeot,504,White,130000,kom ombo,4/21/2025,347363
Peugeot 508 2018,Peugeot,508,White,133000,cairo,4/21/2025,668616
Peugeot 104 1976,Peugeot,104,Silver,,6-Oct,4/21/2025,417197
Peugeot 2008 2019,Peugeot,2008,Silver,132000,sheikh zayed city,4/20/2025,617194
Peugeot 301 2020,Peugeot,301,Silver,47000,cairo,4/20/2025,330379
Peugeot RCZ 2012,Peugeot,RCZ,Dark grey,157000,pyramids gardens,4/20/2025,677252
Peugeot 301 2014,Peugeot,301,Black,170000,giza,4/20/2025,236348
Peugeot 3008 2011,Peugeot,3008,Black,210100,mohandessin,4/20/2025,375650
Peugeot 3008 2020,Peugeot,3008,Blue,63000,sheikh zayed city,4/20/2025,523283
Peugeot 307 2006,Peugeot,307,Silver,287000,agamy,4/20/2025,447769
Peugeot 407 2008,Peugeot,407,Black,198000,cairo,4/20/2025,442953
Peugeot 405 1996,Peugeot,405,Dark green,300000,monufia,4/19/2025,609640
Peugeot 206 2011,Peugeot,206,Petroleum,57000,giza,4/19/2025,502384
Peugeot 405 1990,Peugeot,405,Dark grey,100000,giza,4/19/2025,397965
Peugeot 301 2022,Peugeot,301,Black,60000,tagamo3 - new cairo,4/19/2025,474649
Peugeot 504 1979,Peugeot,504,White,300000,beni suef,4/19/2025,279332
Peugeot 307 2007,Peugeot,307,Green,230000,helwan,4/19/2025,679655
Peugeot 508 2020,Peugeot,508,Silver,120000,al shorouk,4/19/2025,503103
Peugeot 405 2007,Peugeot,405,Blue,165000,nasr city,4/19/2025,379443
Peugeot 504 1979,Peugeot,504,White,10000,helwan,4/18/2025,395264
Peugeot 3008 2021,Peugeot,3008,White,95000,cairo,4/18/2025,673220
Peugeot 301 2021,Peugeot,301,Black,135000,cairo,4/18/2025,289590
Peugeot 301 2016,Peugeot,301,Blue,104000,giza,4/18/2025,608262
Peugeot 3008 2021,Peugeot,3008,Gray,78000,sheikh zayed city,4/18/2025,264284
Peugeot 508 2015,Peugeot,508,Gold,250000,maadi,4/5/2025,277177
Peugeot 3008 2021,Peugeot,3008,Silver,160000,tagamo3 - new cairo,4/18/2025,534852
Peugeot 301 2014,Peugeot,301,Brown,164000,cairo,3/3/2025,341801
Peugeot 5008 2020,Peugeot,5008,Black,80000,mansoura,4/18/2025,234320
Peugeot 504 1976,Peugeot,504,Silver,100000,dakahlia,4/18/2025,639687
Peugeot 3008 2015,Peugeot,3008,Black,204000,tagamo3 - new cairo,4/18/2025,665916
Peugeot 3008 2013,Peugeot,3008,Dark grey,250000,tagamo3 - new cairo,4/18/2025,327567
Peugeot 301 2014,Peugeot,301,Black,200000,cairo,4/17/2025,332074
Peugeot 308 sw 2009Verified User,Peugeot,308 sw,Red,104000,obour city,4/17/2025,456746
Peugeot 301 2014,Peugeot,301,Bronze,220000,sharqia,4/17/2025,305159
Peugeot 5008 2021,Peugeot,5008,White,120000,mansoura,4/17/2025,654640
Peugeot 2008 2015,Peugeot,2008,Black,112000,6-Oct,4/17/2025,697878
Peugeot 301 2015,Peugeot,301,Gray,209000,al shorouk,4/17/2025,566327
Peugeot 106 1995,Peugeot,106,Red,100000,6-Oct,4/17/2025,259510
Peugeot 307 2018,Peugeot,307,Blue,119000,cairo,4/16/2025,644550
Peugeot 206 2011,Peugeot,206,Black,150000,tanta,4/16/2025,237402
Peugeot 508 2018,Peugeot,508,White,200000,helwan,4/16/2025,375115
Peugeot 307 2005,Peugeot,307,Silver,230000,nasr city,4/16/2025,457942
Peugeot 504 1977,Peugeot,504,White,,6-Oct,4/16/2025,682667
Peugeot 3008 2011,Peugeot,3008,Silver,125000,shobra,4/16/2025,598159
Peugeot 301 2021,Peugeot,301,Black,55000,alexandria,4/16/2025,459840
Peugeot 207 2007,Peugeot,207,Black,200000,tagamo3 - new cairo,4/16/2025,477145
Peugeot 5008 2016,Peugeot,5008,Silver,175000,cairo,4/16/2025,526351
Peugeot 504 1980,Peugeot,504,Silver,,cairo,4/16/2025,682791
Peugeot 206 2001,Peugeot,206,Red,230000,cairo,4/16/2025,386896
Peugeot 301 2019,Peugeot,301,Brown,203000,sheikh zayed city,4/15/2025,576269
Peugeot 301 2020,Peugeot,301,Blue,66000,6-Oct,4/15/2025,578938
Peugeot 508 2020,Peugeot,508,White,177000,maadi,4/15/2025,452386
Peugeot 508 2012,Peugeot,508,White,260000,beheira,4/15/2025,548707
Peugeot 5008 2020,Peugeot,5008,Silver,149000,tagamo3 - new cairo,4/14/2025,371804
Peugeot 307 2006,Peugeot,307,Dark red,180000,sheikh zayed city,4/14/2025,688406
Peugeot 2008 2021,Peugeot,2008,Black,145000,tagamo3 - new cairo,4/14/2025,515850
Peugeot 3008 2012Verified User,Peugeot,3008,White,167000,obour city,4/14/2025,429664
Peugeot 308 2016,Peugeot,308,Gray,225000,heliopolis,4/10/2025,316299
Peugeot 307 2008,Peugeot,307,White,220000,helwan,4/14/2025,303693
Peugeot 406 2001,Peugeot,406,White,320000,dokki,4/14/2025,637220
Peugeot 407 2008Verified User,Peugeot,407,Silver,167000,sheikh zayed city,4/3/2025,669713
Peugeot 3008 2015,Peugeot,3008,Silver,60000,agamy,4/14/2025,299700
Peugeot 508 2014,Peugeot,508,White,183000,faiyum,4/13/2025,696735
Peugeot 405 1996,Peugeot,405,Black,330000,sharqia,4/13/2025,493491
Peugeot 308 2009,Peugeot,308,Black,100000,nasr city,4/13/2025,602375
Peugeot 504 1975,Peugeot,504,Red,505000,shobra,4/13/2025,240388
Peugeot 508 2016,Peugeot,508,Black,163000,maadi,4/13/2025,384145
Peugeot 301 2014,Peugeot,301,Bronze,165000,nasr city,4/12/2025,397092
Peugeot 301 2021,Peugeot,301,Silver,16000,heliopolis,4/12/2025,230822
Peugeot 5008 2013,Peugeot,5008,Gold,202000,cairo,4/11/2025,241252
Peugeot 301 2015,Peugeot,301,Blue,115000,faiyum,4/11/2025,367851
Peugeot 406 2003,Peugeot,406,Silver,650000,el haram,4/11/2025,468080
Peugeot 5008 2019,Peugeot,5008,Gray,130000,al shorouk,4/8/2025,543714
Peugeot 3008 2015,Peugeot,3008,Black,219000,cairo,4/11/2025,562649
Peugeot 2008 2022,Peugeot,2008,Black,60000,faiyum,4/10/2025,557197
Peugeot 2008 2016,Peugeot,2008,Gray,105000,mansoura,4/10/2025,258101
Peugeot 3008 2022,Peugeot,3008,Red,20000,heliopolis,4/10/2025,558872
Peugeot 3008 2023,Peugeot,3008,Black,,zagazig,4/10/2025,681656
Peugeot 301 2020Verified User,Peugeot,301,Blue,127000,tagamo3 - new cairo,4/10/2025,382642
Peugeot 406 2003,Peugeot,406,Black,180000,giza,4/10/2025,605952
Peugeot 405 1993,Peugeot,405,Green,199856,cairo,4/9/2025,380261
Peugeot 508 2015,Peugeot,508,Dark blue,211000,tagamo3 - new cairo,4/9/2025,369227
Peugeot 307 2007,Peugeot,307,Gray,235000,6-Oct,4/9/2025,582928
Peugeot 406 2003,Peugeot,406,Silver,338000,cairo,4/9/2025,292067
Peugeot 407 2006,Peugeot,407,Black,205000,6-Oct,4/9/2025,687560
Peugeot 2008 2022,Peugeot,2008,Gray,42000,imbaba,4/9/2025,375494
Peugeot 508 2013,Peugeot,508,White,220000,6-Oct,4/9/2025,653530
Peugeot 308 sw 2011,Peugeot,308 sw,Silver,170000,nasr city,4/8/2025,497698
Peugeot 405 1994,Peugeot,405,White,,alexandria,4/8/2025,667941
Peugeot 508 2016,Peugeot,508,Black,100000,maadi,4/2/2025,576956
Peugeot 308 sw 2011,Peugeot,308 sw,Black,81000,madinaty,4/8/2025,510872
Peugeot 307 2007,Peugeot,307,Black,123000,tagamo3 - new cairo,4/8/2025,474471
Peugeot 406 2003,Peugeot,406,Bronze,196000,tagamo3 - new cairo,4/7/2025,417949
Peugeot 206 2001,Peugeot,206,Black,258000,sheraton,4/7/2025,279978
Peugeot 3008 2015,Peugeot,3008,Black,208000,sadat city,4/7/2025,563479
Peugeot 301 2022,Peugeot,301,Silver,31800,alexandria,4/7/2025,641981
Peugeot 301 2014,Peugeot,301,Silver,187000,tagamo3 - new cairo,4/7/2025,246551
Peugeot 5008 2020,Peugeot,5008,Bronze,150000,tagamo3 - new cairo,4/7/2025,254249
Peugeot 508 2015,Peugeot,508,White,130000,tagamo3 - new cairo,4/7/2025,424073
Peugeot 3008 2019,Peugeot,3008,White,265000,10th of ramadan,4/7/2025,416156
Peugeot 405 2006,Peugeot,405,Silver,100000,cairo,4/6/2025,473780
Peugeot 504 1979,Peugeot,504,Cyan,100000,luxor,4/6/2025,365503
Peugeot 3008 2014,Peugeot,3008,Bronze,192000,mohandessin,4/6/2025,619252
Peugeot 5008 2022,Peugeot,5008,Dark grey,130000,tagamo3 - new cairo,4/6/2025,628829
Peugeot 3008 2009,Peugeot,3008,Dark grey,160000,faiyum,4/6/2025,279337
Peugeot 3008 2021,Peugeot,3008,Red,93000,el mahalla,4/6/2025,588310
Peugeot 307 2006,Peugeot,307,Eggplant,200000,6-Oct,4/5/2025,311996
Peugeot 405 2001,Peugeot,405,Dark red,225000,giza,4/5/2025,515928
Peugeot 405 1989,Peugeot,405,Red,90000,cairo,4/5/2025,514814
Peugeot 508 2012,Peugeot,508,White,252000,alexandria,4/4/2025,386038
Peugeot 307 2007Verified User,Peugeot,307,Petroleum,289000,obour city,3/14/2025,467711
Peugeot 3008 2021,Peugeot,3008,Black,66000,cairo,4/4/2025,501861
Peugeot 505 1981,Peugeot,505,Green,,cairo,4/4/2025,273520
Peugeot 5008 2014,Peugeot,5008,Blue,130000,zamalek,4/4/2025,372724
Peugeot 607 2005,Peugeot,607,Dark blue,198000,el mahalla,4/4/2025,445166
Peugeot 508 2019,Peugeot,508,Silver,5000,zagazig,4/3/2025,397568
Peugeot 505 1991,Peugeot,505,White,160000,cairo,4/2/2025,234414
Peugeot 208 2016,Peugeot,208,Silver,209000,suez,4/2/2025,426102
Peugeot 508 2015,Peugeot,508,Silver,138000,ismailia,4/2/2025,406018
Peugeot 508 2017,Peugeot,508,Silver,100000,sheraton,4/1/2025,407233
Peugeot 505 1980,Peugeot,505,Olive,,el mahalla,4/1/2025,519523
Peugeot 408 2024,Peugeot,408,Dark blue,12500,cairo,3/31/2025,452163
Peugeot 2008 2016,Peugeot,2008,Silver,75000,obour city,3/30/2025,639563
Peugeot 508 2018,Peugeot,508,Dark blue,120000,cairo,3/30/2025,374891
Peugeot 508 2013,Peugeot,508,Black,260000,tagamo3 - new cairo,3/30/2025,336611
Peugeot 504 1979,Peugeot,504,Gold,,zagazig,3/30/2025,666023
Peugeot 3008 2023,Peugeot,3008,Silver,,cairo,3/29/2025,261512
Peugeot 607 2002,Peugeot,607,Dark blue,194000,6-Oct,3/29/2025,247537
Peugeot 305 1981,Peugeot,305,Gold,,6-Oct,3/29/2025,374553
Peugeot 308 sw 2011,Peugeot,308 sw,Black,198000,heliopolis,3/29/2025,474213
Peugeot 307 2007,Peugeot,307,Silver,160000,tagamo3 - new cairo,3/29/2025,255776
Peugeot 5008 2013,Peugeot,5008,White,105000,mohandessin,3/29/2025,586330
Peugeot 5008 2019,Peugeot,5008,Silver,130000,agamy,3/28/2025,430395
Peugeot 504 1977,Peugeot,504,Gray,300000,faqous,3/28/2025,255686
Peugeot 307 2007,Peugeot,307,Black,385000,6-Oct,3/28/2025,266424
Peugeot 508 2013,Peugeot,508,Black,240000,maadi,3/28/2025,377555
Peugeot 307 2006,Peugeot,307,Gray,250000,6-Oct,3/27/2025,531557
Peugeot 405 1994,Peugeot,405,Petroleum,190000,6-Oct,3/27/2025,440055
Peugeot 301 2015,Peugeot,301,Blue,245000,zamalek,3/27/2025,386716
Peugeot 308 2011,Peugeot,308,Blue,238000,6-Oct,3/27/2025,262326
Peugeot 405 1996,Peugeot,405,Red,360000,nasr city,3/23/2025,444045
Peugeot 407 2007,Peugeot,407,Gold,270000,tagamo3 - new cairo,3/26/2025,698515
Peugeot 508 2022Verified User,Peugeot,508,Dark grey,80000,6-Oct,3/26/2025,305656
Peugeot 301 2014,Peugeot,301,Bronze,165000,cairo,3/25/2025,529353
Peugeot 301 2014,Peugeot,301,Black,175000,el haram,3/24/2025,662500
Peugeot 3008 2020,Peugeot,3008,Red,80000,6-Oct,3/24/2025,499272
Peugeot 405 2003,Peugeot,405,Black,230000,6-Oct,3/24/2025,423410
Peugeot 301 2022,Peugeot,301,Black,100000,el haram,3/24/2025,224812
Peugeot 508 2016,Peugeot,508,Black,120000,sheikh zayed city,3/24/2025,697762
Peugeot 301 2021,Peugeot,301,Black,59000,alexandria,3/24/2025,589800
Peugeot 2008 2022,Peugeot,2008,Dark grey,54000,cairo,3/23/2025,443745
Peugeot 5008 2021,Peugeot,5008,Gray,20000,nasr city,3/23/2025,554699
Peugeot 3008 2019,Peugeot,3008,Black,200000,tagamo3 - new cairo,3/23/2025,557506
Peugeot 5008 2017,Peugeot,5008,Silver,70000,qena,3/23/2025,326681
Peugeot 3008 2021,Peugeot,3008,White,139000,beheira,3/22/2025,581743
Peugeot 2008 2020,Peugeot,2008,Red,130000,tagamo3 - new cairo,3/22/2025,294010
Peugeot 308 2010,Peugeot,308,Petroleum,20000,alexandria,3/22/2025,656180
Peugeot 301 2021,Peugeot,301,Silver,60000,aswan,3/22/2025,691472
Peugeot 305 1980,Peugeot,305,Dark blue,100000,faiyum,3/21/2025,236409
Peugeot 301 2015,Peugeot,301,Petroleum,200000,suez,3/21/2025,319135
Peugeot 307 2007,Peugeot,307,Silver,330000,giza,3/20/2025,383226
Peugeot 301 2015,Peugeot,301,Bronze,81000,giza,3/20/2025,545958
Peugeot 2008 2008,Peugeot,2008,Blue,200000,6-Oct,3/20/2025,271358
Toyota Corolla 2019Verified User,Toyota,Corolla,White,87000,nasr city,6/2/2025,486616
Toyota C-HR 2017,Toyota,C-HR,Dark red,116000,6-Oct,6/2/2025,899430
Toyota Corolla 2020,Toyota,Corolla,Black,111000,sheikh zayed city,6/2/2025,400200
Toyota Fortuner 2023,Toyota,Fortuner,Silver,55000,tagamo3 - new cairo,6/2/2025,891592
Toyota Corolla 2015,Toyota,Corolla,Petroleum,300000,cairo,6/2/2025,758440
Toyota Land Cruiser 2023,Toyota,Land Cruiser,White,1800,tagamo3 - new cairo,6/2/2025,626054
Toyota Prado 2024,Toyota,Prado,White,,tagamo3 - new cairo,6/2/2025,901083
Toyota Corolla 2024,Toyota,Corolla,Red,20000,mit ghamr,6/2/2025,957369
Toyota Corolla 2006,Toyota,Corolla,Silver,96000,gharbia,6/2/2025,784079
Toyota Corolla 1995,Toyota,Corolla,Petroleum,210000,qena,6/2/2025,873461
Toyota Corolla 2007,Toyota,Corolla,Red,95000,kafr el-sheikh,6/2/2025,474290
Toyota Corolla 2006,Toyota,Corolla,Black,245000,cairo,6/2/2025,664152
Toyota Belta 2022,Toyota,Belta,Bronze,37000,tagamo3 - new cairo,6/2/2025,926634
Toyota Corolla 1999,Toyota,Corolla,Silver,300000,10th of ramadan,6/2/2025,397760
Toyota Rush 2023,Toyota,Rush,Mocha,20000,nasr city,6/2/2025,613376
Toyota Corolla 2008,Toyota,Corolla,Gold,78000,alexandria,6/2/2025,599308
Toyota Corolla 2015,Toyota,Corolla,Black,153000,cairo,6/2/2025,752589
Toyota Corolla 2021,Toyota,Corolla,White,87000,sadat city,6/2/2025,772672
Toyota Rush 2020,Toyota,Rush,Black,100000,shibin el qanater,6/2/2025,434866
Toyota Echo 2003,Toyota,Echo,Silver,184000,cairo,6/2/2025,516506
Toyota Corolla 2013,Toyota,Corolla,Gold,315000,maadi,6/2/2025,944018
Toyota Corolla 2017,Toyota,Corolla,White,142000,disabled,6/2/2025,478838
Toyota Rav 4 2001,Toyota,Rav 4,Black,185000,ismailia,6/2/2025,581302
Toyota Yaris 2007,Toyota,Yaris,Silver,17000,cairo,6/2/2025,929570
Toyota Yaris 2009,Toyota,Yaris,Gray,200000,cairo,6/2/2025,312364
Toyota Corolla 2007,Toyota,Corolla,White,,faiyum,6/2/2025,453780
Toyota Yaris 2014,Toyota,Yaris,Silver,290000,nasr city,6/2/2025,644094
Toyota Corolla 2015,Toyota,Corolla,Silver,100000,el minya,6/2/2025,566362
Toyota Yaris 2007,Toyota,Yaris,Gray,400000,obour city,6/2/2025,514971
Toyota Yaris 2008,Toyota,Yaris,Blue,190000,cairo,6/2/2025,438896
Toyota Corolla 2019,Toyota,Corolla,Petroleum,147000,gharbia,6/2/2025,760711
Toyota Belta 2022,Toyota,Belta,Dark red,23000,asyut,6/2/2025,979818
Toyota Corolla 2000,Toyota,Corolla,Blue,400000,ismailia,6/1/2025,446018
Toyota Yaris 2009,Toyota,Yaris,Cyan,258300,obour city,6/2/2025,520522
Toyota Land Cruiser 2006,Toyota,Land Cruiser,White,180000,dakahlia,6/1/2025,879789
Toyota Yaris 2007,Toyota,Yaris,Silver,250000,el haram,6/1/2025,889712
Toyota Corolla 2013,Toyota,Corolla,Black,215000,sharqia,6/1/2025,530474
Toyota Corolla 2013,Toyota,Corolla,Cyan,162000,monufia,6/1/2025,914343
Toyota Corolla 2021,Toyota,Corolla,Silver,100000,obour city,6/1/2025,724604
Toyota Corolla 2021,Toyota,Corolla,Beige,96000,tagamo3 - new cairo,6/1/2025,874654
Toyota Yaris 2006,Toyota,Yaris,Green,100000,alexandria,6/1/2025,602076
Toyota Corolla 2007,Toyota,Corolla,Black,218000,10th of ramadan,6/1/2025,713329
Toyota Celica 1992,Toyota,Celica,Black,180000,nasr city,6/1/2025,926485
Toyota Corolla 2011,Toyota,Corolla,Black,170000,sharqia,6/1/2025,636252
Toyota Corolla 2008,Toyota,Corolla,Dark grey,200000,warraq,5/31/2025,492524
Toyota Corolla 2021,Toyota,Corolla,Silver,21000,el minya,5/31/2025,829626
Toyota Yaris 2019,Toyota,Yaris,Dark red,135000,cairo,5/31/2025,827562
Toyota Yaris 2021,Toyota,Yaris,White,75000,el mahalla,5/31/2025,468002
Toyota Corolla 2023,Toyota,Corolla,White,100000,beni suef,5/31/2025,901033
Toyota Fortuner 2024,Toyota,Fortuner,Silver,58000,heliopolis,5/31/2025,913587
Toyota Corolla 2022,Toyota,Corolla,Black,64000,faqous,5/31/2025,832508
Toyota Avanza 2008Verified User,Toyota,Avanza,Dark red,160000,aswan,5/30/2025,416869
Toyota Corolla 2015,Toyota,Corolla,White,78000,giza,5/30/2025,583942
Toyota Corolla 2015,Toyota,Corolla,Dark blue,158000,qena,5/30/2025,342124
Toyota Corolla 2023,Toyota,Corolla,White,11000,obour city,5/30/2025,779698
Toyota Yaris 2008,Toyota,Yaris,Silver,208000,nasr city,5/30/2025,368959
Toyota Corolla 2015,Toyota,Corolla,Dark blue,149000,6-Oct,5/30/2025,521849
Toyota Corolla 2007,Toyota,Corolla,Black,360000,alexandria,5/30/2025,477275
Toyota Fortuner 2017,Toyota,Fortuner,Black,230000,mohandessin,5/30/2025,314412
Toyota Yaris 2014,Toyota,Yaris,Silver,274000,obour city,5/30/2025,889753
Toyota Corolla 2019,Toyota,Corolla,Gold,59000,heliopolis,5/30/2025,489128
Toyota Corolla 2009,Toyota,Corolla,Cyan,185000,kafr el-sheikh,5/30/2025,858179
Toyota Corolla 2009,Toyota,Corolla,Silver,240000,6-Oct,5/30/2025,816284
Toyota Corolla 2016,Toyota,Corolla,Black,170000,obour city,5/30/2025,620886
Toyota Prado 2007,Toyota,Prado,Silver,300000,tagamo3 - new cairo,5/30/2025,530155
Toyota Corolla 2021,Toyota,Corolla,Dark blue,70000,mansoura,5/29/2025,927342
Toyota Corolla 2008,Toyota,Corolla,White,186666,luxor,5/29/2025,717699
Toyota Corolla 2021,Toyota,Corolla,Petroleum,110000,hybrid,5/29/2025,735459
Toyota Corolla 2021,Toyota,Corolla,White,90000,nasr city,5/29/2025,872620
Toyota Corolla 2020,Toyota,Corolla,Silver,70000,kafr el-sheikh,5/29/2025,855205
Toyota Corolla 2019,Toyota,Corolla,Black,97000,alexandria,5/29/2025,400906
Toyota Yaris 2009,Toyota,Yaris,Black,345000,tagamo3 - new cairo,5/29/2025,758503
Toyota Avensis 2007,Toyota,Avensis,Black,358000,alexandria,5/29/2025,642313
Toyota Yaris 2007,Toyota,Yaris,Cyan,216000,red sea,5/28/2025,642242
Toyota Yaris 2007Verified User,Toyota,Yaris,Black,196000,sheikh zayed city,5/28/2025,466444
Toyota Corolla 2013Verified User,Toyota,Corolla,White,157000,faqous,5/28/2025,527199
Toyota Corolla 2022Verified User,Toyota,Corolla,White,,faqous,5/28/2025,424664
Toyota Corolla 2007,Toyota,Corolla,Black,166000,maadi,5/28/2025,774633
Toyota Corolla 2009,Toyota,Corolla,Silver,120000,6-Oct,5/28/2025,409133
Toyota Corolla 2021,Toyota,Corolla,Silver,73000,mansoura,5/28/2025,699345
Toyota Yaris 2007,Toyota,Yaris,Red,160000,shibin el kom,5/28/2025,684005
Toyota Yaris 2007,Toyota,Yaris,Petroleum,187000,tanta,5/28/2025,794823
Toyota Yaris 2009,Toyota,Yaris,Blue,360000,alexandria,5/28/2025,905269
Toyota Corolla 1996,Toyota,Corolla,Petroleum,280000,mansoura,5/28/2025,808269
Toyota Starlet 1991,Toyota,Starlet,Red,200000,beni suef,5/28/2025,474525
Toyota Corolla 2008,Toyota,Corolla,Black,270000,cairo,5/28/2025,989772
Toyota Corolla 2008,Toyota,Corolla,Black,248400,giza,5/28/2025,405783
Toyota Hilux 2013,Toyota,Hilux,White,300000,alexandria,5/27/2025,561807
Toyota Avensis 2005,Toyota,Avensis,Silver,373703,cairo,5/27/2025,969247
Toyota Corolla 2003,Toyota,Corolla,Silver,180000,maadi,5/27/2025,922524
Toyota Corolla 2010,Toyota,Corolla,Silver,228000,sharqia,5/27/2025,789816
Toyota Corolla 1998,Toyota,Corolla,Other,340000,kafr el-sheikh,5/27/2025,432656
Toyota Yaris 2007,Toyota,Yaris,Black,207000,cairo,5/27/2025,536520
Toyota Fortuner 2022,Toyota,Fortuner,Other,88000,obour city,5/26/2025,433427
Toyota Yaris 2006,Toyota,Yaris,Silver,186000,alexandria,5/26/2025,725394
Toyota Corolla 2013,Toyota,Corolla,Silver,197000,alexandria,5/26/2025,593732
Toyota Corolla 1994,Toyota,Corolla,Red,,cairo,5/25/2025,556045
Toyota C-HR 2022,Toyota,C-HR,White,61850,tagamo3 - new cairo,5/25/2025,758414
Toyota Yaris 2015,Toyota,Yaris,Gold,64000,alexandria,5/25/2025,936687
Toyota Corolla 2016,Toyota,Corolla,Black,193000,sheikh zayed city,5/25/2025,843637
Toyota Corolla 1993,Toyota,Corolla,White,100000,sohag,5/25/2025,744997
Toyota Corolla 2008Verified User,Toyota,Corolla,Black,263000,sheikh zayed city,5/25/2025,990054
Toyota Yaris 2008,Toyota,Yaris,Gray,290000,heliopolis,5/25/2025,359716
Toyota Yaris 2015,Toyota,Yaris,Gray,171000,pyramids gardens,5/25/2025,466028
Toyota Corolla 2021,Toyota,Corolla,Cyan,95000,cairo,5/25/2025,514878
Toyota Yaris 2016,Toyota,Yaris,White,90000,sohag,5/25/2025,598675
Toyota Corolla 2022,Toyota,Corolla,Petroleum,38000,maadi,5/25/2025,694253
Toyota Corolla 2020,Toyota,Corolla,White,136000,dokki,5/25/2025,566189
Toyota Yaris 2007,Toyota,Yaris,Red,215000,cairo,5/25/2025,773646
Toyota Corolla 2008,Toyota,Corolla,Silver,145000,gharbia,5/25/2025,360762
Toyota Corolla 2010,Toyota,Corolla,Silver,175000,alexandria,5/24/2025,540579
Toyota Corolla 1998,Toyota,Corolla,Red,350000,cairo,5/24/2025,710231
Toyota C-HR 2017,Toyota,C-HR,Brown,144000,cairo,5/24/2025,823752
Toyota Yaris 2004,Toyota,Yaris,Red,309000,al shorouk,5/24/2025,572975
Toyota C-HR 2021,Toyota,C-HR,White,96000,el minya,5/24/2025,665975
Toyota Corolla 2016,Toyota,Corolla,Black,93000,alexandria,5/24/2025,568319
Toyota Corolla 2012,Toyota,Corolla,Silver,264000,beheira,5/24/2025,713881
Toyota Yaris 2008,Toyota,Yaris,Other,260000,monufia,5/24/2025,785636
Toyota Corolla 2002,Toyota,Corolla,Red,270000,cairo,5/24/2025,839337
Toyota Corolla 2009,Toyota,Corolla,Black,150000,damietta,5/23/2025,825478
Toyota Yaris 2006,Toyota,Yaris,Silver,180000,maadi,5/23/2025,311485
Toyota Corolla 2022,Toyota,Corolla,Black,125000,kafr el-sheikh,5/23/2025,475770
Toyota Prado 2024,Toyota,Prado,White,,obour city,5/23/2025,581355
Toyota Corolla 2022,Toyota,Corolla,Bronze,50000,tagamo3 - new cairo,5/23/2025,396194
Toyota Corolla 2020,Toyota,Corolla,Silver,260000,giza,5/23/2025,473663
Toyota Yaris 2015,Toyota,Yaris,Bronze,315000,sheikh zayed city,5/22/2025,504565
Toyota Corolla 2013,Toyota,Corolla,Dark red,320000,cairo,5/22/2025,796229
Toyota Belta 2022,Toyota,Belta,White,33000,6-Oct,5/22/2025,727213
Toyota Microbus 2021,Toyota,Microbus,White,10000,banha,5/22/2025,942089
Toyota Corolla 1997,Toyota,Corolla,Silver,150000,mansoura,5/22/2025,747528
Toyota Corolla 2015,Toyota,Corolla,Black,150000,10th of ramadan,5/22/2025,519665
Toyota Corolla 2022,Toyota,Corolla,Black,125000,kafr el-sheikh,5/22/2025,338319
Toyota Yaris 2007,Toyota,Yaris,Silver,330000,hurghada,5/22/2025,830192
Toyota Land Cruiser 2007,Toyota,Land Cruiser,Black,347000,kafr el-sheikh,5/22/2025,597782
Toyota Fortuner 2023,Toyota,Fortuner,Brown,4300,beni suef,5/21/2025,656317
Toyota Corolla 2015,Toyota,Corolla,White,183000,hurghada,5/21/2025,958906
Toyota Corolla 1979,Toyota,Corolla,Beige,,cairo,5/21/2025,596531
Toyota Corolla 2015,Toyota,Corolla,Silver,227000,nasr city,5/21/2025,631322
Toyota Corolla 2022,Toyota,Corolla,Gray,55900,hurghada,5/21/2025,507868
Toyota Fortuner 2021Verified User,Toyota,Fortuner,White,90000,heliopolis,5/13/2025,627654
Toyota Starlet 1991,Toyota,Starlet,Orange,,helwan,5/21/2025,730874
Toyota Yaris 2007,Toyota,Yaris,Silver,230000,nasr city,5/21/2025,490023
Toyota Corolla 2014,Toyota,Corolla,Black,200000,tanta,5/21/2025,575220
Toyota Yaris 2016,Toyota,Yaris,Silver,80000,tagamo3 - new cairo,5/21/2025,436914
Toyota Fortuner 2015,Toyota,Fortuner,Gold,140000,6-Oct,5/20/2025,780033
Toyota Corolla 1998,Toyota,Corolla,Dark grey,375000,qalyub,5/20/2025,716715
Toyota Corolla 2019,Toyota,Corolla,Petroleum,150000,monufia,5/20/2025,464886
Toyota Corona 1992,Toyota,Corona,White,500000,mohandessin,5/20/2025,410313
Toyota Corolla 2022,Toyota,Corolla,Silver,24000,kafr el-sheikh,5/20/2025,790939
Toyota Corolla 2008,Toyota,Corolla,Black,260000,mokattam,5/19/2025,491451
Toyota Belta 2022,Toyota,Belta,Brown,37300,nasr city,5/19/2025,368215
Toyota Rush 2019,Toyota,Rush,Black,138000,alexandria,5/19/2025,857356
Toyota Microbus 2021,Toyota,Microbus,White,200000,giza,5/19/2025,767313
Toyota Corolla 2010,Toyota,Corolla,Silver,180000,cairo,5/19/2025,675657
Toyota Starlet 1991,Toyota,Starlet,Dark grey,,suez,5/19/2025,878558
Toyota Corolla 2008,Toyota,Corolla,Black,,hadayek october,5/18/2025,560325
Toyota Corolla 2012,Toyota,Corolla,White,117000,sharqia,5/18/2025,839935
Toyota Corolla 2021,Toyota,Corolla,Silver,23000,nasr city,5/18/2025,440760
Toyota Corona 1983,Toyota,Corona,Green,,el haram,5/18/2025,656292
Toyota Corolla 2021,Toyota,Corolla,Silver,71000,tagamo3 - new cairo,5/18/2025,740748
Toyota Corolla 2019,Toyota,Corolla,Dark red,70000,kafr el-dawwar,5/18/2025,515541
Toyota Corolla 2006,Toyota,Corolla,Silver,100000,sharqia,5/18/2025,964790
Toyota Yaris 2008,Toyota,Yaris,Black,120000,obour city,5/17/2025,312375
Toyota Corolla 2009,Toyota,Corolla,Black,370000,shobra,5/17/2025,380809
Toyota Corolla 2021,Toyota,Corolla,Silver,70000,borg el arab,5/17/2025,870800
Toyota Corolla 2008,Toyota,Corolla,Dark grey,139000,beni suef,5/17/2025,385104
Toyota Corolla 2020,Toyota,Corolla,Black,120000,nasr city,5/17/2025,449776
Toyota Rush 2022,Toyota,Rush,Black,98000,heliopolis,5/17/2025,316718
Toyota Corolla 2008,Toyota,Corolla,Black,160000,ismailia,5/17/2025,909266
Toyota Corolla 2022,Toyota,Corolla,Silver,70000,zagazig,5/17/2025,542537
Toyota Corolla 2015,Toyota,Corolla,Silver,59000,faqous,5/17/2025,742873
Toyota Corolla 2021,Toyota,Corolla,Red,116000,el haram,5/16/2025,716760
Toyota Corolla 2013,Toyota,Corolla,White,156000,tanta,5/16/2025,323352
Toyota Corolla 2022,Toyota,Corolla,Silver,96000,nasr city,5/16/2025,581599
Toyota Corolla 2020,Toyota,Corolla,Black,97000,cairo,5/16/2025,670950
Toyota Corolla 2020,Toyota,Corolla,Red,78000,maadi,5/15/2025,962288
Toyota Corolla 2019Verified User,Toyota,Corolla,Petroleum,145000,taxi,5/15/2025,511258
Toyota Corolla 2009,Toyota,Corolla,Silver,115000,nasr city,5/15/2025,479396
Toyota Fortuner 2021,Toyota,Fortuner,White,50000,tagamo3 - new cairo,5/15/2025,694448
Toyota Corolla 2014,Toyota,Corolla,Silver,137999,6-Oct,5/15/2025,334294
Toyota Corolla 2017,Toyota,Corolla,Black,130000,cairo,5/15/2025,890872
Toyota Corolla 2019,Toyota,Corolla,Black,108000,zagazig,5/15/2025,323993
Toyota Corolla 2021,Toyota,Corolla,Silver,120000,mohandessin,5/14/2025,582420
Toyota Corolla 2020,Toyota,Corolla,White,119000,beheira,5/14/2025,951464
Toyota Yaris 2007,Toyota,Yaris,Red,160000,madinaty,5/14/2025,820464
Toyota Corolla 2008,Toyota,Corolla,Silver,205000,sharqia,5/14/2025,800251
Toyota Yaris 2008,Toyota,Yaris,Silver,200000,faiyum,5/14/2025,624377
Toyota Corolla 2021,Toyota,Corolla,Cyan,95000,nasr city,5/13/2025,891273
Toyota Corolla 2022,Toyota,Corolla,Black,95000,cairo,5/13/2025,828757
Toyota Yaris 2006,Toyota,Yaris,Blue,220000,tanta,5/13/2025,804986
Toyota Corolla 2025,Toyota,Corolla,White,,tagamo3 - new cairo,5/13/2025,849739
Toyota Corolla 2013,Toyota,Corolla,Black,195000,shibin el kom,5/13/2025,709915
Toyota Yaris 2008,Toyota,Yaris,Blue,174000,badr city,5/13/2025,494325
Toyota Corolla 2021,Toyota,Corolla,Black,140000,giza,5/13/2025,948743
Toyota Corolla 2015,Toyota,Corolla,Black,231000,ismailia,5/12/2025,918817
Toyota Belta 2022,Toyota,Belta,Brown,30000,mokattam,5/12/2025,909112
Toyota Fortuner 2022,Toyota,Fortuner,Black,30000,tagamo3 - new cairo,5/12/2025,792326
Toyota Yaris 2008,Toyota,Yaris,Silver,54000,madinaty,5/12/2025,445402
Toyota Avanza 2009,Toyota,Avanza,Red,295000,aswan,5/12/2025,769183
Toyota Corolla 2010,Toyota,Corolla,Dark grey,,cairo,5/12/2025,326958
Toyota Corolla 2022,Toyota,Corolla,White,75000,zagazig,5/12/2025,343498
Toyota Corolla 2010Verified User,Toyota,Corolla,Black,250000,cairo,5/11/2025,328657
Toyota Corolla 2013,Toyota,Corolla,Red,370000,al shorouk,5/11/2025,730834
Toyota Yaris 2008,Toyota,Yaris,Dark grey,300000,faiyum,5/11/2025,462445
Toyota Corolla 2014,Toyota,Corolla,Black,170000,tagamo3 - new cairo,5/11/2025,668174
Toyota Hilux 2010,Toyota,Hilux,White,200000,el minya,5/11/2025,461234
Toyota Yaris 2014Verified User,Toyota,Yaris,Black,347000,alexandria,5/10/2025,437154
Toyota Corolla 2021,Toyota,Corolla,Dark grey,53000,faiyum,5/10/2025,868841
Toyota Hilux 2014,Toyota,Hilux,Black,200000,suez,5/10/2025,691602
Toyota Corolla 2020,Toyota,Corolla,White,75000,alexandria,5/10/2025,493676
Toyota Corolla 2015,Toyota,Corolla,Silver,170000,sohag,5/10/2025,801296
Toyota Corolla 2013,Toyota,Corolla,Silver,170000,qalyubia,5/9/2025,743338
Toyota Land Cruiser 2013,Toyota,Land Cruiser,Silver,226000,cairo,5/9/2025,688726
Toyota Corolla 2005,Toyota,Corolla,Black,350000,mit ghamr,5/9/2025,590599
Toyota Avensis 2011,Toyota,Avensis,Silver,200000,port said,5/9/2025,505518
Toyota Fortuner 2016,Toyota,Fortuner,Dark blue,190000,borg el arab,5/9/2025,707267
Toyota Corolla 2007,Toyota,Corolla,White,272000,suez,5/9/2025,424809
Toyota Hilux 2024,Toyota,Hilux,Black,13000,nasr city,5/8/2025,444186
Toyota Corolla 2013,Toyota,Corolla,Silver,120000,abu kabir,5/9/2025,584909
Toyota C-HR 2017,Toyota,C-HR,Red,242000,zagazig,5/9/2025,307381
Toyota Corolla 2021,Toyota,Corolla,Petroleum,82000,tagamo3 - new cairo,5/8/2025,319396
Toyota Corolla 2008,Toyota,Corolla,Silver,218000,alexandria,5/8/2025,834643
Toyota Corolla 2009,Toyota,Corolla,Black,274000,kafr el zayat,5/8/2025,728120
Toyota Corolla 2006,Toyota,Corolla,Champagne,355400,giza,5/7/2025,994927
Toyota Corolla 2013,Toyota,Corolla,Black,210000,sharqia,5/7/2025,498123
Toyota Land Cruiser 2023,Toyota,Land Cruiser,White,8300,dokki,5/7/2025,860746
Toyota Corolla 2019,Toyota,Corolla,Gray,80000,sheikh zayed city,5/7/2025,357848
Toyota Corolla 2019,Toyota,Corolla,Petroleum,150000,obour city,5/6/2025,669075
Toyota Corolla 2015,Toyota,Corolla,Black,63000,el haram,5/6/2025,437917
Toyota Rush 2019,Toyota,Rush,Silver,140000,sheraton,5/6/2025,429387
Toyota Corolla 2019,Toyota,Corolla,Black,100000,cairo,3/10/2025,313530
Toyota Rush 2019,Toyota,Rush,Brown,120000,alexandria,5/6/2025,328108
Toyota C-HR 2017,Toyota,C-HR,White,158000,alexandria,5/6/2025,827518
Toyota Corolla 2020,Toyota,Corolla,Red,145000,dakahlia,5/6/2025,579340
Toyota Yaris 2007,Toyota,Yaris,Cyan,220000,giza,5/6/2025,726889
Toyota Corolla 2013,Toyota,Corolla,Other,,giza,5/6/2025,799073
Toyota Corolla 2020,Toyota,Corolla,White,65000,minya al qamh,5/5/2025,372690
Toyota Corolla 2011,Toyota,Corolla,Black,190000,ashmoun,5/5/2025,931639
Toyota Corolla 2021,Toyota,Corolla,White,37000,el wadi el gedid,5/5/2025,426450
Toyota Corolla 2020,Toyota,Corolla,Silver,90000,kafr el-sheikh,5/5/2025,667886
Toyota Corolla 2021,Toyota,Corolla,Petroleum,,helwan,5/5/2025,580365
Toyota Corolla 2015,Toyota,Corolla,Cyan,350000,el haram,5/5/2025,945615
Toyota Echo 2000,Toyota,Echo,Cyan,215000,beheira,5/5/2025,954874
Toyota Hiace 2012,Toyota,Hiace,White,600000,luxor,5/5/2025,983128
Toyota Fortuner 2023,Toyota,Fortuner,Gray,15000,obour city,5/5/2025,875564
Toyota Corolla 1992,Toyota,Corolla,White,,sharqia,5/5/2025,498138
Toyota Yaris 2008,Toyota,Yaris,Black,300000,pyramids gardens,5/5/2025,582933
Toyota Corolla 2012,Toyota,Corolla,Blue,146000,helwan,5/4/2025,321229
Toyota Corolla 2002,Toyota,Corolla,Silver,456000,6-Oct,5/4/2025,727976
Toyota Corolla 2013,Toyota,Corolla,Silver,225000,el salam city,5/4/2025,687179
Toyota Tercel 1994,Toyota,Tercel,Purple,332000,cairo,5/4/2025,536054
Toyota Corolla 2015,Toyota,Corolla,Black,500000,tagamo3 - new cairo,5/4/2025,506187
Toyota Corolla 2019,Toyota,Corolla,White,93000,alexandria,5/4/2025,880591
Toyota Corolla 2006,Toyota,Corolla,White,330000,kafr el-sheikh,5/4/2025,321792
Toyota Corolla 2013,Toyota,Corolla,Black,,cairo,5/4/2025,957092
Toyota Belta 2022,Toyota,Belta,Mocha,9000,obour city,5/3/2025,317359
Toyota Corolla 2009,Toyota,Corolla,Gray,199000,alexandria,5/3/2025,831732
Toyota Corolla 2018,Toyota,Corolla,Red,95000,tagamo3 - new cairo,5/3/2025,658453
Toyota Corona 1999,Toyota,Corona,Silver,300000,red sea,5/3/2025,624598
Toyota Corolla 2024,Toyota,Corolla,Silver,42000,heliopolis,5/3/2025,928628
Toyota Corolla Cross 2007,Toyota,Corolla Cross,White,200000,tanta,5/3/2025,433467
Toyota Corolla 2019,Toyota,Corolla,Silver,23000,giza,5/3/2025,610935
Toyota Yaris 2008,Toyota,Yaris,Red,125000,cairo,5/3/2025,831277
Toyota Corolla 2018,Toyota,Corolla,Black,180000,agamy,5/3/2025,610795
Toyota Corolla 2011,Toyota,Corolla,Black,219000,shibin el kom,5/3/2025,444414
Toyota Yaris 2008,Toyota,Yaris,Dark blue,225000,el haram,5/2/2025,766558
Toyota Avanza 2010,Toyota,Avanza,Silver,200000,6-Oct,5/2/2025,459249
Toyota Corolla 2020,Toyota,Corolla,Silver,90000,monufia,5/2/2025,896857
Toyota Corolla 2020,Toyota,Corolla,Red,91000,cairo,5/2/2025,546796
Toyota Corona 1986,Toyota,Corona,White,300000,cairo,5/2/2025,915824
Toyota Corolla 2013,Toyota,Corolla,Silver,234000,sadat city,5/2/2025,820998
Toyota Corolla 2008,Toyota,Corolla,Black,349000,cairo,5/1/2025,540968
Toyota Corolla 2004,Toyota,Corolla,Bronze,250000,giza,5/1/2025,396760
Toyota Corolla 2009,Toyota,Corolla,Silver,160000,sohag,5/1/2025,821437
Toyota Corolla 2020,Toyota,Corolla,Silver,92000,heliopolis,4/30/2025,503062
Toyota Corolla 2014,Toyota,Corolla,Silver,143000,menouf,4/16/2025,657827
Toyota Corolla 2021,Toyota,Corolla,White,98000,tagamo3 - new cairo,4/30/2025,767572
Toyota Corolla 2008,Toyota,Corolla,Dark grey,185000,mansoura,4/30/2025,381988
Toyota Yaris 2017,Toyota,Yaris,Red,53000,6-Oct,4/30/2025,488987
Toyota Yaris 1994,Toyota,Yaris,Gold,79000,alexandria,4/30/2025,954767
Toyota Corolla 2006,Toyota,Corolla,Black,219000,abu kabir,4/30/2025,445599
Toyota Echo 2000,Toyota,Echo,Blue,,alexandria,4/30/2025,372786
Toyota Avanza 2008,Toyota,Avanza,Champagne,500000,monufia,4/30/2025,322030
Toyota Avanza 2008,Toyota,Avanza,Silver,380000,port said,4/30/2025,356209
Toyota Corolla 2009,Toyota,Corolla,Gray,193000,menouf,4/30/2025,517376
Toyota Corolla 2010,Toyota,Corolla,Petroleum,125000,alexandria,4/30/2025,733964
Toyota Cressida 1989,Toyota,Cressida,White,400000,damietta,4/29/2025,780273
Toyota Corolla 2009,Toyota,Corolla,Other,193000,menouf,4/29/2025,661346
Toyota Yaris 2009,Toyota,Yaris,Red,275000,alexandria,4/29/2025,807073
Toyota Corolla 2021,Toyota,Corolla,Black,129000,cairo,4/29/2025,541744
Toyota Fortuner 2016,Toyota,Fortuner,Dark grey,187000,tagamo3 - new cairo,4/29/2025,580429
Toyota Corolla 2003,Toyota,Corolla,Red,261000,cairo,4/29/2025,980528
Toyota Corolla 2013,Toyota,Corolla,Gold,280000,mansoura,4/29/2025,409801
Toyota Corolla 2018,Toyota,Corolla,Black,180000,alexandria,4/29/2025,415493
Toyota Land Cruiser 2023,Toyota,Land Cruiser,White,8300,giza,4/28/2025,664077
Toyota Corolla 2019,Toyota,Corolla,Black,81000,giza,4/28/2025,646985
Toyota Yaris 2006,Toyota,Yaris,Dark blue,150000,alexandria,4/28/2025,335995
Toyota Land Cruiser 2013,Toyota,Land Cruiser,White,100000,heliopolis,4/28/2025,852726
Toyota Corolla 2024,Toyota,Corolla,Red,13000,port said,4/28/2025,850226
Toyota Avanza 2008,Toyota,Avanza,Dark red,236000,ain shams,4/28/2025,553248
Toyota Corolla 2003,Toyota,Corolla,Black,170000,faiyum,4/28/2025,585698
Toyota Corolla 2004,Toyota,Corolla,Dark blue,270000,cairo,4/27/2025,483292
Toyota Corolla 2020,Toyota,Corolla,Petroleum,202000,cairo,4/27/2025,899212
Toyota Corolla 1999,Toyota,Corolla,Silver,500000,sheikh zayed city,4/27/2025,725779
Toyota Yaris 2008,Toyota,Yaris,Red,192000,maadi,4/27/2025,340057
Toyota Yaris 2009,Toyota,Yaris,Dark blue,150000,alexandria,4/27/2025,354179
Toyota Corolla 2018,Toyota,Corolla,Silver,230000,alexandria,4/26/2025,993999
Toyota Corolla 2024,Toyota,Corolla,White,9999,sheikh zayed city,4/26/2025,595429
Toyota Corolla 2012,Toyota,Corolla,Silver,200000,zagazig,4/26/2025,679121
Toyota Corolla 2006,Toyota,Corolla,Black,260000,alexandria,4/26/2025,939737
Toyota Starlet 1994,Toyota,Starlet,Red,,mokattam,4/26/2025,931438
Toyota Corolla 2020,Toyota,Corolla,Dark blue,210000,sheikh zayed city,4/26/2025,991330
Toyota Yaris 2008,Toyota,Yaris,Red,200000,pyramids gardens,4/26/2025,642455
Toyota Corolla 2022,Toyota,Corolla,Silver,97000,6-Oct,4/25/2025,469980
Toyota Yaris 2014,Toyota,Yaris,Cyan,185000,tagamo3 - new cairo,4/25/2025,867815
Toyota Corolla 2010,Toyota,Corolla,Silver,240000,warraq,3/13/2025,646195
Toyota Corolla 2010,Toyota,Corolla,Black,218000,cairo,4/25/2025,980540
Toyota Corolla 2018,Toyota,Corolla,Silver,165200,mit ghamr,4/25/2025,881490
Toyota Corolla 1997,Toyota,Corolla,Green,300000,dyarb negm,4/24/2025,346455
Toyota Corolla 2013,Toyota,Corolla,Black,200000,ismailia,4/24/2025,402904
Toyota Yaris 2015,Toyota,Yaris,Petroleum,292000,damanhur,4/24/2025,698648
Toyota Corolla 2010,Toyota,Corolla,Silver,180000,tagamo3 - new cairo,4/24/2025,934833
Toyota Corolla 2010,Toyota,Corolla,Black,265000,cairo,4/24/2025,329675
Toyota Corolla 1998,Toyota,Corolla,Green,195000,menouf,4/24/2025,614963
Toyota Corolla 2009,Toyota,Corolla,Cyan,260000,el-arish,4/24/2025,857039
Toyota Corolla 2019,Toyota,Corolla,Black,170000,nasr city,4/24/2025,325349
Toyota Corolla 2013,Toyota,Corolla,White,188000,faiyum,4/24/2025,613207
Toyota Yaris 2007,Toyota,Yaris,Red,240000,shobra,4/23/2025,525230
Toyota Corolla 2013,Toyota,Corolla,White,150000,ashmoun,4/23/2025,633800
Toyota Fortuner 2016,Toyota,Fortuner,Black,130000,helwan,4/23/2025,392956
Toyota Corolla 2015,Toyota,Corolla,Silver,230000,nasr city,4/23/2025,493287
Toyota Corolla 2021,Toyota,Corolla,Black,60000,cairo,4/23/2025,938855
Toyota Corolla 1983,Toyota,Corolla,White,340000,khanka,4/23/2025,887565
Toyota Corolla 2006,Toyota,Corolla,Silver,279000,giza,4/23/2025,799238
Toyota Rav 4 2004,Toyota,Rav 4,Silver,300000,alexandria,4/23/2025,932147
Toyota Rush 2019,Toyota,Rush,Black,166000,6-Oct,4/23/2025,601125
Toyota Corolla 2015,Toyota,Corolla,Dark grey,368000,giza,4/23/2025,454045
Toyota Corolla 2008,Toyota,Corolla,Black,121000,dyarb negm,4/22/2025,453475
Toyota Corolla 2009,Toyota,Corolla,Silver,200000,obour city,4/22/2025,427681
Toyota Tercel 1997,Toyota,Tercel,White,170000,banha,4/22/2025,872926
Toyota Corolla 2014,Toyota,Corolla,Silver,90000,alexandria,4/22/2025,961466
Toyota Corolla 2016,Toyota,Corolla,Silver,193000,6-Oct,4/21/2025,405299
Toyota Corolla 2016,Toyota,Corolla,Black,217000,zagazig,4/21/2025,377673
Toyota Corona 1977,Toyota,Corona,Green,350000,cairo,4/21/2025,567795
Toyota Innova 2006,Toyota,Innova,Black,300000,alexandria,4/21/2025,732594
Toyota Yaris 2008,Toyota,Yaris,Black,300000,aswan,4/21/2025,791635
Toyota Corolla 2002,Toyota,Corolla,Beige,350000,cairo,4/21/2025,414731
Toyota Yaris 2007,Toyota,Yaris,Silver,150000,cairo,4/21/2025,941526
Toyota Corolla 2016,Toyota,Corolla,Silver,260000,asyut,4/20/2025,728887
Toyota Avanza 2016,Toyota,Avanza,Silver,50000,ain shams,4/20/2025,900782
Toyota Corolla 2005,Toyota,Corolla,Gold,130000,sharqia,4/20/2025,782569
Toyota Yaris 2014,Toyota,Yaris,Dark blue,280000,maadi,4/20/2025,650731
Toyota Corolla 2019,Toyota,Corolla,Gray,100000,shobra,4/20/2025,567270
Toyota Corolla 1993,Toyota,Corolla,Blue,250000,giza,4/20/2025,698690
Toyota Corolla 1993,Toyota,Corolla,Blue,250000,giza,4/20/2025,623506
Toyota Corolla 2011Verified User,Toyota,Corolla,Gold,151000,kom hamada,4/19/2025,863585
Toyota Corolla 2020,Toyota,Corolla,White,130000,obour city,4/19/2025,743429
Toyota Belta 2022,Toyota,Belta,Dark blue,71000,cairo,4/19/2025,812134
Toyota Corolla 2021,Toyota,Corolla,White,88000,tanta,4/19/2025,441177
Toyota Corolla 2008,Toyota,Corolla,Silver,217000,nasr city,4/19/2025,637560
Toyota Corolla 2021,Toyota,Corolla,Black,59000,sohag,4/19/2025,345749
Toyota Corolla 2013,Toyota,Corolla,White,180000,sadat city,4/19/2025,487520
Toyota Corolla 2008,Toyota,Corolla,Black,200000,kafr el-sheikh,4/19/2025,714824
Toyota Echo 2000,Toyota,Echo,Dark green,420000,tagamo3 - new cairo,4/19/2025,393393
Toyota Corolla 2021,Toyota,Corolla,Silver,85000,maadi,4/18/2025,967669
Toyota Corolla 2007,Toyota,Corolla,Black,360000,al shorouk,4/17/2025,590073
Toyota Corolla 2021,Toyota,Corolla,White,75000,helwan,4/17/2025,853466
Toyota Corolla 2019,Toyota,Corolla,Black,115000,maadi,4/17/2025,341518
Toyota Prado 2005Verified User,Toyota,Prado,Silver,850000,borg el arab,3/19/2025,783508
Toyota Yaris 2007,Toyota,Yaris,Red,400000,6-Oct,4/17/2025,377637
Toyota Corolla 2003,Toyota,Corolla,Blue,350000,cairo,4/17/2025,418287
Toyota Corolla 2021,Toyota,Corolla,Gray,80000,el mahalla,4/17/2025,894441
Toyota Avanza 2008,Toyota,Avanza,Red,130000,shobra,4/16/2025,952786
Toyota Corolla 2000,Toyota,Corolla,White,300000,el salam city,4/16/2025,873846
Toyota Corolla 2008,Toyota,Corolla,Silver,248000,damietta,4/16/2025,389364
Toyota Auris 2014,Toyota,Auris,Blue,210000,tagamo3 - new cairo,4/16/2025,361463
Toyota Corolla 2021,Toyota,Corolla,Gold,122000,giza,4/16/2025,401058
Toyota Corolla 2015,Toyota,Corolla,Black,130000,damanhur,4/16/2025,460853
Toyota Corolla 1998,Toyota,Corolla,Silver,170000,cairo,4/2/2025,595500
Toyota Avanza 2008,Toyota,Avanza,Red,500000,alexandria,4/16/2025,925434
Toyota Yaris 2014,Toyota,Yaris,Black,137000,agamy,4/15/2025,680265
Toyota Corolla 2020,Toyota,Corolla,White,90000,tanta,4/16/2025,588711
Toyota Corona 1988,Toyota,Corona,White,226000,sohag,4/16/2025,753356
Toyota Avanza 2007,Toyota,Avanza,Gold,,dakahlia,4/15/2025,531502
Toyota Corolla 2018,Toyota,Corolla,Black,91000,alexandria,4/15/2025,670854
Toyota Yaris 2007,Toyota,Yaris,Black,75000,dokki,4/14/2025,966960
Toyota Corolla 2011,Toyota,Corolla,Black,160000,sheraton,4/14/2025,959558
Toyota Yaris 2014,Toyota,Yaris,Black,137000,agamy,4/14/2025,821447
Toyota Corolla 2002,Toyota,Corolla,Silver,135000,sharqia,4/14/2025,319834
Toyota Corolla 2019,Toyota,Corolla,Petroleum,41000,maadi,4/14/2025,343682
Toyota Corolla 2008,Toyota,Corolla,Black,132000,mansoura,4/13/2025,325499
Toyota Corolla 2008,Toyota,Corolla,Dark red,165000,zagazig,4/13/2025,855578
Toyota Corolla 2016,Toyota,Corolla,Black,209000,cairo,4/13/2025,809245
Toyota Corolla 2008,Toyota,Corolla,Gray,200000,tagamo3 - new cairo,4/13/2025,430791
Toyota Yaris 2007,Toyota,Yaris,Silver,302000,damanhur,4/12/2025,749545
Toyota Corolla 2005,Toyota,Corolla,Blue,190000,gharbia,4/12/2025,628947
Toyota Yaris 2007,Toyota,Yaris,Red,260000,mokattam,4/11/2025,694997
Toyota Avanza 2009,Toyota,Avanza,Gold,200000,sharqia,4/11/2025,646292
Toyota Corolla 2013,Toyota,Corolla,White,300000,mansoura,4/11/2025,783631
Toyota Corolla 2000,Toyota,Corolla,Red,200000,tanta,4/11/2025,650590
Toyota Corolla 1996,Toyota,Corolla,Petroleum,89000,mansoura,4/11/2025,397170
Toyota Corolla 2012,Toyota,Corolla,Cyan,200000,kafr el-sheikh,4/11/2025,824239
Toyota Corolla 1998,Toyota,Corolla,White,290000,kafr el-sheikh,4/11/2025,737521
Toyota Corolla 2019,Toyota,Corolla,Silver,170000,borg el arab,4/11/2025,561203
Toyota Corolla 2010,Toyota,Corolla,White,237000,badr city,4/10/2025,938075
Toyota Corolla 2004,Toyota,Corolla,Gold,215000,gharbia,4/10/2025,963873
Toyota Corolla 2022,Toyota,Corolla,Silver,68000,zagazig,4/10/2025,696534
Toyota Fortuner 2024,Toyota,Fortuner,Silver,53000,cairo,4/9/2025,533239
Toyota Corona 1992,Toyota,Corona,Mocha,500000,giza,4/9/2025,713063
Toyota Corolla 2016,Toyota,Corolla,Black,140000,dokki,4/9/2025,843667
Toyota Corolla 2009,Toyota,Corolla,Black,100000,imbaba,4/9/2025,525170
Toyota Belta 2022,Toyota,Belta,Brown,25000,heliopolis,4/8/2025,740189
Toyota Corolla 2024,Toyota,Corolla,Petroleum,9000,heliopolis,4/8/2025,393734
Toyota Belta 2022,Toyota,Belta,Dark red,22000,maadi,4/8/2025,376957
Toyota Yaris 2008,Toyota,Yaris,Silver,278000,cairo,4/8/2025,860069
Toyota Corolla 2013,Toyota,Corolla,Silver,295000,suez,4/8/2025,526006
Toyota Avanza 2009,Toyota,Avanza,Silver,263608,nasr city,4/7/2025,800327
Toyota Avanza 2017,Toyota,Avanza,Silver,77000,menouf,4/7/2025,994466
Toyota Yaris 2015,Toyota,Yaris,Gray,183000,mansoura,4/7/2025,710183
Toyota Corolla 2015,Toyota,Corolla,Gold,198000,6-Oct,4/7/2025,940037
Toyota Yaris 2020,Toyota,Yaris,Red,10000,cairo,4/7/2025,949067
Toyota Corolla Cross 2020,Toyota,Corolla Cross,White,220000,kafr el-dawwar,4/7/2025,581204
Toyota Corolla 2022,Toyota,Corolla,Silver,23000,6-Oct,4/7/2025,330274
Toyota Corolla 2012,Toyota,Corolla,Gray,135000,el haram,4/7/2025,671854
Toyota Corolla 2008,Toyota,Corolla,Red,319000,nasr city,4/6/2025,668864
Toyota Hiace 2010,Toyota,Hiace,White,160000,asyut,4/6/2025,907632
Toyota Corolla 2013,Toyota,Corolla,Black,150000,10th of ramadan,4/6/2025,716592
Toyota Fortuner 2021,Toyota,Fortuner,Black,140000,tagamo3 - new cairo,4/6/2025,513449
Toyota Corolla 2007,Toyota,Corolla,Dark blue,300000,sharqia,4/6/2025,365590
Toyota Corolla 2013,Toyota,Corolla,Petroleum,126000,cairo,4/6/2025,727125
Toyota Corolla 2020,Toyota,Corolla,Bronze,105000,6-Oct,4/6/2025,981117
Toyota Corolla 1996,Toyota,Corolla,Gray,370000,obour city,4/6/2025,914197
Toyota Yaris 2008,Toyota,Yaris,Cyan,105000,helwan,4/6/2025,446319
Toyota Yaris 2007,Toyota,Yaris,Dark red,196000,kafr el-dawwar,4/5/2025,479925
Toyota Avanza 2014,Toyota,Avanza,Gray,131000,el haram,4/5/2025,968788
Toyota Corolla 2007,Toyota,Corolla,Black,220000,al shorouk,4/5/2025,665843
Toyota Corolla 1993,Toyota,Corolla,Silver,319000,damietta,4/5/2025,304612
Toyota Corolla 2008,Toyota,Corolla,Black,235000,quesna,4/4/2025,510277
Toyota Yaris 2006Verified User,Toyota,Yaris,Blue,31000,6-Oct,4/4/2025,891608
Toyota Corolla 2007,Toyota,Corolla,Silver,400000,alexandria,4/4/2025,520705
Toyota Yaris 2015,Toyota,Yaris,Black,150000,6-Oct,4/4/2025,990812
Toyota Corolla 2022Verified User,Toyota,Corolla,Cyan,100000,zamalek,4/4/2025,675720
Toyota Rumion 2022,Toyota,Rumion,Black,40000,shobra,4/3/2025,603609
Toyota Camry 2008,Toyota,Camry,Black,132000,tanta,4/3/2025,444366
Toyota Corolla 2021,Toyota,Corolla,Blue,29000,cairo,4/3/2025,881086
Toyota Corolla 1994,Toyota,Corolla,Red,,cairo,4/3/2025,815418
Toyota Corolla 2020,Toyota,Corolla,Silver,67000,zagazig,4/3/2025,597224
Toyota Avanza 2016,Toyota,Avanza,Silver,135000,alexandria,4/3/2025,314797
Toyota Corolla 2008,Toyota,Corolla,Silver,380000,mokattam,4/3/2025,673317
Toyota Yaris 2015,Toyota,Yaris,Blue,145000,mokattam,4/3/2025,494876
Toyota Avanza 2009,Toyota,Avanza,Silver,250000,abu hummus,4/2/2025,805278
Toyota Corolla 2009,Toyota,Corolla,Silver,135000,tanta,4/2/2025,570977
Toyota Corolla 2018,Toyota,Corolla,White,120000,sohag,4/2/2025,570476
Toyota Corolla 2020,Toyota,Corolla,Black,125000,6-Oct,4/2/2025,417044
Toyota Tercel 1997,Toyota,Tercel,Green,20000,el haram,4/2/2025,594905
Toyota Avanza 2009,Toyota,Avanza,Gold,264000,giza,4/2/2025,628607
Toyota Corolla 2022,Toyota,Corolla,Black,140000,cairo,4/2/2025,858697
Toyota Yaris 2008,Toyota,Yaris,Blue,184000,luxor,4/2/2025,490147
Toyota Corolla 2016,Toyota,Corolla,Cyan,136000,10th of ramadan,4/1/2025,708812
Toyota Corolla 2010,Toyota,Corolla,Black,300000,ismailia,4/1/2025,352407
Toyota Echo 2000,Toyota,Echo,Red,150000,6-Oct,3/31/2025,645848
Toyota Fortuner 2022,Toyota,Fortuner,Dark blue,122000,sheikh zayed city,3/31/2025,670547
Toyota Yaris 2008,Toyota,Yaris,Red,200000,nasr city,3/31/2025,588176
Toyota Tercel 1997Verified User,Toyota,Tercel,White,200000,giza,3/31/2025,943451
Toyota Yaris 2007,Toyota,Yaris,Black,245000,cairo,3/30/2025,505809
Toyota Corolla 2015,Toyota,Corolla,Gray,280000,cairo,3/29/2025,814403
Toyota Corolla 2015,Toyota,Corolla,Silver,140000,sohag,3/28/2025,952041
Toyota Corolla 2010,Toyota,Corolla,Black,,bilbeis,3/28/2025,439937
Toyota Yaris 2008,Toyota,Yaris,Petroleum,375000,faiyum,3/28/2025,800521
Toyota Corolla 2010,Toyota,Corolla,Red,126000,mohandessin,3/27/2025,574075
Toyota Corolla 2019,Toyota,Corolla,Olive,285000,sheikh zayed city,3/27/2025,834230
Toyota Corolla 2004,Toyota,Corolla,Silver,345000,kafr el zayat,3/27/2025,407328
Toyota Corolla 2007,Toyota,Corolla,Eggplant,225000,sharqia,3/27/2025,735474
Toyota Corolla 2015,Toyota,Corolla,Red,140000,tagamo3 - new cairo,3/27/2025,819754
Toyota Land Cruiser 2022,Toyota,Land Cruiser,White,10000,el mahalla,3/27/2025,867882
Toyota Corolla 2022,Toyota,Corolla,White,29500,alexandria,3/27/2025,517455
Toyota Corolla 2009,Toyota,Corolla,Black,199990,sheikh zayed city,3/27/2025,631073
Toyota Corolla 1981,Toyota,Corolla,White,,imbaba,3/26/2025,379243
Toyota Yaris 2006,Toyota,Yaris,Black,142000,nasr city,3/26/2025,342212
Toyota Corolla 2022,Toyota,Corolla,Black,58000,heliopolis,3/26/2025,901634
Toyota Corolla 2008,Toyota,Corolla,Black,171000,tanta,3/25/2025,453254
Toyota Corolla 1985,Toyota,Corolla,Petroleum,,6-Oct,3/25/2025,783596
Toyota Corolla 2008,Toyota,Corolla,Green,218000,alexandria,3/25/2025,993650
Toyota Corolla 1996,Toyota,Corolla,Red,250000,minya al qamh,3/25/2025,366983
Toyota Corolla 2001,Toyota,Corolla,Gold,400000,zagazig,3/25/2025,431794
Toyota Corolla 2015,Toyota,Corolla,Black,90000,cairo,3/25/2025,663899
Toyota Corolla 2022,Toyota,Corolla,Silver,40500,sharqia,3/24/2025,826300
Toyota Corolla 2014,Toyota,Corolla,Silver,100000,tagamo3 - new cairo,3/24/2025,787296
Toyota Yaris 2008,Toyota,Yaris,Petroleum,175000,6-Oct,3/24/2025,478476
Toyota Avanza 2015,Toyota,Avanza,Petroleum,290000,faiyum,3/24/2025,821522
Toyota Microbus 2022,Toyota,Microbus,White,300000,el marg,3/24/2025,801039
Toyota Corolla 2008,Toyota,Corolla,Black,188000,agamy,3/23/2025,527992
Toyota Corolla 1991,Toyota,Corolla,Black,150000,beni suef,3/23/2025,683502
Toyota Corolla Cross 1999,Toyota,Corolla Cross,Red,400000,giza,3/23/2025,758846
Toyota Fortuner 2025Verified User,Toyota,Fortuner,Black,8000,mohandessin,3/23/2025,401621
Toyota Corolla 2022,Toyota,Corolla,White,29500,alexandria,3/22/2025,741075
Toyota Yaris 2015,Toyota,Yaris,Bronze,332000,giza,3/22/2025,330575
Toyota Corolla 2010,Toyota,Corolla,White,200000,el salam city,3/22/2025,399848
Toyota Yaris 2008,Toyota,Yaris,Dark grey,220000,sadat city,3/22/2025,805917
Toyota Corolla 2001,Toyota,Corolla,Gold,600000,zagazig,3/22/2025,842141
Toyota Yaris 2015,Toyota,Yaris,White,82000,alexandria,3/22/2025,671073
Toyota Corolla 2019Verified User,Toyota,Corolla,White,105000,abu qir,3/21/2025,591429
Toyota Corolla 2014,Toyota,Corolla,Petroleum,147167,abu kabir,3/21/2025,475980
Toyota Corolla 2006,Toyota,Corolla,Champagne,,cairo,3/21/2025,458736
Toyota Corolla 2023Verified User,Toyota,Corolla,Dark grey,9000,6-Oct,3/20/2025,539240
Toyota Corolla 2018,Toyota,Corolla,Bronze,105000,cairo,3/20/2025,510866
Toyota Avanza 2009,Toyota,Avanza,Silver,32000,banha,3/19/2025,336744
Toyota Corolla 2007,Toyota,Corolla,Black,255000,kafr el-sheikh,3/19/2025,867597
Toyota Yaris 2015,Toyota,Yaris,Cyan,169000,cairo,3/19/2025,764000
Toyota Corolla 2015,Toyota,Corolla,Gray,121000,quesna,3/19/2025,825525
Toyota Corolla 2019,Toyota,Corolla,Black,175000,borg el arab,3/19/2025,947466
Toyota Corolla 2015,Toyota,Corolla,Black,230000,quesna,3/19/2025,673720
Toyota Corolla 2019,Toyota,Corolla,Bronze,150000,port said,3/19/2025,861270
Toyota Corolla 2013,Toyota,Corolla,Silver,175000,cairo,3/19/2025,500262
Toyota Corolla 2022,Toyota,Corolla,Black,139000,tagamo3 - new cairo,3/18/2025,475058
Toyota Corolla 1997,Toyota,Corolla,Silver,,sohag,3/18/2025,820329
Toyota Yaris 2008,Toyota,Yaris,Gray,102000,zamalek,3/18/2025,597727
Toyota Cressida 1989,Toyota,Cressida,White,152000,alexandria,3/18/2025,721663
Toyota Corolla 2013,Toyota,Corolla,Dark grey,192000,badr city,3/18/2025,894893
Toyota Corolla 2021,Toyota,Corolla,Black,140000,tagamo3 - new cairo,3/18/2025,392983
Toyota Corolla 2008,Toyota,Corolla,Silver,,10th of ramadan,3/18/2025,873485
Toyota Corolla 2007,Toyota,Corolla,Dark blue,530000,al shorouk,3/18/2025,995962
Toyota Corolla 2021,Toyota,Corolla,Silver,140000,shobra,3/18/2025,693317
Mitsubishi Xpander 2023,Mitsubishi,Xpander,Gray,9500,sadat city,6/2/2025,490929
Mitsubishi Lancer EX Shark 2015,Mitsubishi,Lancer EX Shark,White,70000,tagamo3 - new cairo,6/2/2025,502105
Mitsubishi Mirage 2023,Mitsubishi,Mirage,Red,36000,cairo,6/2/2025,308936
Mitsubishi Attrage 2016,Mitsubishi,Attrage,Black,183450,alexandria,6/2/2025,614133
Mitsubishi Lancer EX Shark 2018,Mitsubishi,Lancer EX Shark,Red,140000,nasr city,6/2/2025,493358
Mitsubishi Lancer Crystala 1998,Mitsubishi,Lancer Crystala,Blue,220000,cairo,6/2/2025,808788
Mitsubishi Lancer EX Shark 2016Verified User,Mitsubishi,Lancer EX Shark,Dark grey,150000,tagamo3 - new cairo,6/2/2025,746225
Mitsubishi Lancer EX Shark 2016,Mitsubishi,Lancer EX Shark,Dark grey,150000,6-Oct,6/2/2025,416048
Mitsubishi Lancer Crystala 1999,Mitsubishi,Lancer Crystala,Blue,227000,tagamo3 - new cairo,6/2/2025,804446
Mitsubishi Pajero 2015,Mitsubishi,Pajero,Black,210000,maadi,6/2/2025,508542
Mitsubishi Lancer EX Shark 2016,Mitsubishi,Lancer EX Shark,White,140000,mansoura,6/2/2025,800980
Mitsubishi Lancer EX Shark 2017,Mitsubishi,Lancer EX Shark,Red,35000,giza,6/2/2025,457174
Mitsubishi Lancer Crystala 1999,Mitsubishi,Lancer Crystala,Silver,260000,dakahlia,6/2/2025,532065
Mitsubishi Lancer Puma 2007,Mitsubishi,Lancer Puma,Black,220000,mit ghamr,6/2/2025,448554
Mitsubishi Lancer EX Shark 2015,Mitsubishi,Lancer EX Shark,Gray,93000,ismailia,6/2/2025,298092
Mitsubishi Lancer Puma 2007,Mitsubishi,Lancer Puma,Silver,215000,sohag,6/2/2025,418134
Mitsubishi Eclipse Cross 2023,Mitsubishi,Eclipse Cross,Red,73000,shobra,6/2/2025,688659
Mitsubishi Lancer Puma 2008,Mitsubishi,Lancer Puma,Silver,318000,madinaty,6/2/2025,617626
Mitsubishi Eclipse Cross 2024,Mitsubishi,Eclipse Cross,Gray,19000,hadayek october,6/2/2025,453733
Mitsubishi Lancer EX Shark 2016,Mitsubishi,Lancer EX Shark,Red,211000,tagamo3 - new cairo,6/2/2025,775715
Mitsubishi Lancer Puma 2005,Mitsubishi,Lancer Puma,Silver,160000,tanta,6/2/2025,831454
Mitsubishi Lancer Puma 2006,Mitsubishi,Lancer Puma,Black,360000,giza,6/2/2025,563491
Mitsubishi Lancer Puma 2008,Mitsubishi,Lancer Puma,Black,220000,zagazig,6/2/2025,517813
Mitsubishi Lancer Puma 2006,Mitsubishi,Lancer Puma,Silver,293000,maadi,6/2/2025,531729
Mitsubishi Lancer Puma 2007,Mitsubishi,Lancer Puma,Dark blue,200000,dakahlia,6/2/2025,433775
Mitsubishi Pajero 2014,Mitsubishi,Pajero,Silver,150000,maadi,6/1/2025,731593
Mitsubishi Pajero 2016,Mitsubishi,Pajero,White,155000,cairo,6/1/2025,738964
Mitsubishi Lancer 2007,Mitsubishi,Lancer,Silver,200000,qena,6/1/2025,780496
Mitsubishi Lancer Crystala 1996,Mitsubishi,Lancer Crystala,Green,400000,al shorouk,6/1/2025,373857
Mitsubishi Lancer Puma 2007,Mitsubishi,Lancer Puma,Gold,500000,el haram,6/1/2025,391868
Mitsubishi Lancer EX Shark 2015,Mitsubishi,Lancer EX Shark,Black,120000,sharqia,6/1/2025,791327
Mitsubishi Lancer Crystala 1998,Mitsubishi,Lancer Crystala,Red,450000,agamy,6/1/2025,339091
Mitsubishi Lancer 2002,Mitsubishi,Lancer,Silver,200000,dakahlia,6/1/2025,726522
Mitsubishi Lancer Puma 2009,Mitsubishi,Lancer Puma,Dark grey,173000,kafr el-sheikh,6/1/2025,450143
Mitsubishi Lancer EX Shark 2015,Mitsubishi,Lancer EX Shark,White,122000,zagazig,6/1/2025,496179
Mitsubishi Eclipse Cross 2020,Mitsubishi,Eclipse Cross,Silver,55000,alexandria,5/31/2025,752342
Mitsubishi Eclipse Cross 2018,Mitsubishi,Eclipse Cross,Red,94000,ashmoun,5/31/2025,717682
Mitsubishi Lancer EX Shark 2016,Mitsubishi,Lancer EX Shark,Silver,130000,mokattam,5/31/2025,697195
Mitsubishi Lancer EX Shark 2017,Mitsubishi,Lancer EX Shark,Dark grey,152000,6-Oct,5/31/2025,698219
Mitsubishi Xpander 2023,Mitsubishi,Xpander,White,130000,nasr city,5/31/2025,291895
Mitsubishi Lancer EX Shark 2015,Mitsubishi,Lancer EX Shark,Black,240000,obour city,5/31/2025,690199
Mitsubishi Lancer Puma 2006,Mitsubishi,Lancer Puma,Black,330000,aswan,5/31/2025,332654
Mitsubishi Lancer EX Shark 2014,Mitsubishi,Lancer EX Shark,Red,145000,al shorouk,5/31/2025,843962
Mitsubishi Lancer EX Shark 2016,Mitsubishi,Lancer EX Shark,Red,158000,10th of ramadan,5/31/2025,585986
Mitsubishi Eclipse 2020,Mitsubishi,Eclipse,Black,106000,cairo,5/31/2025,389461
Mitsubishi Lancer Crystala 1988,Mitsubishi,Lancer Crystala,Silver,,hurghada,5/31/2025,623157
Mitsubishi Eclipse 2018,Mitsubishi,Eclipse,Red,146000,cairo,5/31/2025,713552
Mitsubishi Lancer 1993,Mitsubishi,Lancer,Purple,300000,mansoura,5/31/2025,567506
Mitsubishi Lancer Crystala 1998,Mitsubishi,Lancer Crystala,Green,,faiyum,5/30/2025,320775
Mitsubishi Lancer Crystala 1998,Mitsubishi,Lancer Crystala,Dark green,200000,mansoura,5/30/2025,817892
Mitsubishi Lancer EX Shark 2016,Mitsubishi,Lancer EX Shark,Dark grey,203000,cairo,5/30/2025,847084
Mitsubishi Lancer Crystala 1999,Mitsubishi,Lancer Crystala,White,2000,mansoura,5/30/2025,456647
Mitsubishi Lancer Crystala 1998,Mitsubishi,Lancer Crystala,Blue,285000,obour city,5/30/2025,714309
Mitsubishi Lancer Puma 2006,Mitsubishi,Lancer Puma,Dark blue,300000,ismailia,5/30/2025,610918
Mitsubishi Lancer EX Shark 2014,Mitsubishi,Lancer EX Shark,Silver,170000,tagamo3 - new cairo,5/30/2025,312655
Mitsubishi Lancer Crystala 1998,Mitsubishi,Lancer Crystala,Dark red,99999,imbaba,5/30/2025,491764
Mitsubishi Lancer Puma 2006,Mitsubishi,Lancer Puma,Black,,ismailia,5/30/2025,575163
Mitsubishi Mirage 1999,Mitsubishi,Mirage,Black,188000,ismailia,5/30/2025,670352
Mitsubishi Lancer EX Shark 2015,Mitsubishi,Lancer EX Shark,Black,230000,obour city,5/30/2025,457754
Mitsubishi Attrage 2014,Mitsubishi,Attrage,Red,190000,mohandessin,5/29/2025,714679
Mitsubishi Xpander 2024,Mitsubishi,Xpander,Dark grey,19000,giza,5/29/2025,624082
Mitsubishi Lancer Puma 2008,Mitsubishi,Lancer Puma,Black,315000,tagamo3 - new cairo,5/29/2025,484892
Mitsubishi Lancer Puma 2007,Mitsubishi,Lancer Puma,Dark grey,180000,helwan,5/29/2025,817413
Mitsubishi Lancer EX Shark 2016,Mitsubishi,Lancer EX Shark,Red,200000,el manial,5/29/2025,694936
Mitsubishi Lancer EX Shark 2016Verified User,Mitsubishi,Lancer EX Shark,Black,159000,heliopolis,5/29/2025,725243
Mitsubishi Lancer Puma 2008,Mitsubishi,Lancer Puma,Gray,100000,heliopolis,5/29/2025,358652
Mitsubishi Lancer Puma 2007,Mitsubishi,Lancer Puma,Silver,200000,giza,5/29/2025,546740
Mitsubishi Lancer EX Shark 2015,Mitsubishi,Lancer EX Shark,Black,216000,zagazig,5/29/2025,312606
Mitsubishi Lancer EX Shark 2009,Mitsubishi,Lancer EX Shark,Silver,257000,obour city,5/29/2025,736778
Mitsubishi Lancer Puma 2006,Mitsubishi,Lancer Puma,Silver,188000,dakahlia,5/29/2025,655374
Mitsubishi Lancer Crystala 1998,Mitsubishi,Lancer Crystala,Silver,270000,obour city,5/29/2025,845431
Mitsubishi Lancer Puma 2009,Mitsubishi,Lancer Puma,Black,220000,aswan,5/28/2025,793988
Mitsubishi Xpander 2022,Mitsubishi,Xpander,Silver,122000,cairo,5/28/2025,833861
Mitsubishi Lancer Puma 2009,Mitsubishi,Lancer Puma,Gold,227000,shobra,5/28/2025,727254
Mitsubishi Lancer 2001,Mitsubishi,Lancer,Green,185000,el wadi el gedid,5/28/2025,374017
Mitsubishi Lancer EX Shark 2014,Mitsubishi,Lancer EX Shark,Red,148000,faiyum,5/28/2025,784584
Mitsubishi Lancer Puma 2007,Mitsubishi,Lancer Puma,Silver,400000,mit ghamr,5/28/2025,431569
Mitsubishi Lancer EX Shark 2016,Mitsubishi,Lancer EX Shark,Red,155000,el mahalla,5/27/2025,371109
Mitsubishi Lancer EX Shark 2016,Mitsubishi,Lancer EX Shark,Dark grey,220000,obour city,5/27/2025,377025
Mitsubishi Lancer EX Shark 2015,Mitsubishi,Lancer EX Shark,Dark red,143000,mokattam,5/27/2025,550023
Mitsubishi Lancer EX Shark 2016,Mitsubishi,Lancer EX Shark,Black,180000,cairo,5/27/2025,475492
Mitsubishi Lancer EX Shark 2015,Mitsubishi,Lancer EX Shark,Red,170000,zagazig,5/27/2025,595218
Mitsubishi Lancer Puma 2007,Mitsubishi,Lancer Puma,Black,335000,tagamo3 - new cairo,5/27/2025,728142
Mitsubishi Pajero 2015,Mitsubishi,Pajero,White,173000,heliopolis,5/27/2025,565702
Mitsubishi Lancer EX Shark 2014,Mitsubishi,Lancer EX Shark,Black,205000,tagamo3 - new cairo,5/27/2025,514515
Mitsubishi Eclipse Cross 2020,Mitsubishi,Eclipse Cross,Dark grey,37000,tagamo3 - new cairo,5/27/2025,442160
Mitsubishi Eclipse 2018,Mitsubishi,Eclipse,Bronze,85000,mokattam,5/27/2025,809881
Mitsubishi Lancer EX Shark 2014,Mitsubishi,Lancer EX Shark,Silver,60000,alexandria,5/27/2025,755110
Mitsubishi Lancer EX Shark 2009,Mitsubishi,Lancer EX Shark,Black,306000,el salam city,5/26/2025,490637
Mitsubishi Lancer EX Shark 2015,Mitsubishi,Lancer EX Shark,Silver,184000,mansoura,5/26/2025,434426
Mitsubishi Lancer Crystala 1998,Mitsubishi,Lancer Crystala,Silver,190000,heliopolis,5/26/2025,575820
Mitsubishi Eclipse Cross 2018,Mitsubishi,Eclipse Cross,Red,109000,ismailia,5/26/2025,515371
Mitsubishi Lancer EX Shark 2016,Mitsubishi,Lancer EX Shark,Silver,265000,sadat city,5/26/2025,669468
Mitsubishi Lancer Puma 2007,Mitsubishi,Lancer Puma,Dark blue,255000,10th of ramadan,5/26/2025,482073
Mitsubishi Lancer Crystala 1998,Mitsubishi,Lancer Crystala,Silver,206000,6-Oct,5/25/2025,619108
Mitsubishi Lancer EX Shark 2017,Mitsubishi,Lancer EX Shark,Silver,160000,alexandria,5/25/2025,775020
Mitsubishi Lancer Crystala 2000,Mitsubishi,Lancer Crystala,Silver,500000,obour city,5/25/2025,445834
Mitsubishi Lancer EX Shark 2012,Mitsubishi,Lancer EX Shark,Silver,196000,tagamo3 - new cairo,5/25/2025,761922
Mitsubishi Lancer EX Shark 2016,Mitsubishi,Lancer EX Shark,Black,200000,giza,5/24/2025,369811
Mitsubishi Eclipse Cross 2022,Mitsubishi,Eclipse Cross,Silver,25000,maadi,5/24/2025,742830
Mitsubishi Lancer Crystala 1998,Mitsubishi,Lancer Crystala,Dark red,99999,imbaba,5/24/2025,316540
Mitsubishi Lancer EX Shark 2016,Mitsubishi,Lancer EX Shark,Silver,59000,helwan,5/24/2025,736043
Mitsubishi Lancer EX Shark 2008,Mitsubishi,Lancer EX Shark,Black,330000,qalyubia,5/23/2025,840643
Mitsubishi Lancer Crystala 1999,Mitsubishi,Lancer Crystala,Red,,alexandria,5/23/2025,827174
Mitsubishi Lancer EX Shark 2017,Mitsubishi,Lancer EX Shark,Silver,70000,sheikh zayed city,5/23/2025,506751
Mitsubishi Lancer Crystala 2000,Mitsubishi,Lancer Crystala,Dark green,400000,nasr city,5/23/2025,717435
Mitsubishi Lancer EX Shark 2016,Mitsubishi,Lancer EX Shark,Silver,190000,hurghada,5/23/2025,524102
Mitsubishi Lancer Puma 2004,Mitsubishi,Lancer Puma,Silver,328000,tagamo3 - new cairo,5/23/2025,507152
Mitsubishi Lancer Puma 2008,Mitsubishi,Lancer Puma,White,173000,damietta,5/23/2025,678938
Mitsubishi Lancer EX Shark 2016,Mitsubishi,Lancer EX Shark,White,121000,delengat,5/23/2025,741786
Mitsubishi Lancer Puma 2007,Mitsubishi,Lancer Puma,Silver,283000,tanta,5/23/2025,706190
Mitsubishi Lancer Puma 2007,Mitsubishi,Lancer Puma,Dark grey,310000,abu qir,5/23/2025,817640
Mitsubishi Lancer EX Shark 2015,Mitsubishi,Lancer EX Shark,Silver,182000,tagamo3 - new cairo,5/22/2025,785467
Mitsubishi Lancer EX Shark 2007,Mitsubishi,Lancer EX Shark,Petroleum,,tanta,5/22/2025,667925
Mitsubishi Lancer Puma 2007,Mitsubishi,Lancer Puma,Black,184000,alexandria,5/22/2025,819360
Mitsubishi Lancer Puma 2008,Mitsubishi,Lancer Puma,Silver,290000,beni suef,5/22/2025,845140
Mitsubishi Lancer EX Shark 2016,Mitsubishi,Lancer EX Shark,Gray,88000,warraq,5/22/2025,284350
Mitsubishi Lancer Crystala 1998,Mitsubishi,Lancer Crystala,Silver,150000,mansoura,5/21/2025,820704
Mitsubishi Attrage 2023,Mitsubishi,Attrage,Blue,56000,tagamo3 - new cairo,5/21/2025,695626
Mitsubishi Eclipse Cross 2019,Mitsubishi,Eclipse Cross,Red,103000,6-Oct,5/21/2025,339903
Mitsubishi Lancer Puma 2013,Mitsubishi,Lancer Puma,Silver,,cairo,5/21/2025,546290
Mitsubishi Lancer EX Shark 2017,Mitsubishi,Lancer EX Shark,Gray,,heliopolis,5/21/2025,744697
Mitsubishi Lancer EX Shark 2016,Mitsubishi,Lancer EX Shark,Red,163000,giza,5/21/2025,715616
Mitsubishi Lancer EX Shark 2015,Mitsubishi,Lancer EX Shark,Silver,164000,alexandria,5/21/2025,651756
Mitsubishi Lancer Crystala 1998,Mitsubishi,Lancer Crystala,Blue,210000,minya al qamh,5/21/2025,603716
Mitsubishi Eclipse 2018,Mitsubishi,Eclipse,Black,73000,el mahalla,5/21/2025,454658
Mitsubishi Lancer Crystala 1999,Mitsubishi,Lancer Crystala,Silver,400000,beni suef,5/20/2025,753048
Mitsubishi Lancer EX Shark 2016,Mitsubishi,Lancer EX Shark,Red,237000,al shorouk,5/20/2025,770736
Mitsubishi Xpander 2021,Mitsubishi,Xpander,Silver,105000,el mahalla,5/20/2025,459014
Mitsubishi Eclipse Cross 2020,Mitsubishi,Eclipse Cross,Black,106000,nasr city,5/20/2025,334388
Mitsubishi Xpander 2022,Mitsubishi,Xpander,Gray,53000,cairo,5/20/2025,529546
Mitsubishi Lancer Puma 2008,Mitsubishi,Lancer Puma,Petroleum,260000,cairo,5/20/2025,822279
Mitsubishi Lancer Crystala 1999,Mitsubishi,Lancer Crystala,Silver,241500,banha,5/20/2025,330719
Mitsubishi L 200 2009,Mitsubishi,L 200,Silver,,10th of ramadan,5/20/2025,630645
Mitsubishi Lancer Puma 2006,Mitsubishi,Lancer Puma,Blue,318000,beni suef,5/19/2025,347107
Mitsubishi Lancer EX Shark 2015,Mitsubishi,Lancer EX Shark,Gray,113000,sharqia,5/19/2025,340079
Mitsubishi Lancer Puma 2013,Mitsubishi,Lancer Puma,Silver,139000,asyut,5/19/2025,514122
Mitsubishi Eclipse 2022,Mitsubishi,Eclipse,Dark grey,54000,el minya,5/19/2025,753234
Mitsubishi Lancer Puma 2006,Mitsubishi,Lancer Puma,Red,243000,heliopolis,5/19/2025,724804
Mitsubishi Lancer Puma 2007,Mitsubishi,Lancer Puma,Red,200000,damietta,5/19/2025,486965
Mitsubishi Lancer EX Shark 2016,Mitsubishi,Lancer EX Shark,Red,171000,pyramids gardens,5/19/2025,640620
Mitsubishi Lancer Crystala 1999,Mitsubishi,Lancer Crystala,Green,290000,el haram,5/19/2025,653498
Mitsubishi Pajero 2020,Mitsubishi,Pajero,Black,38000,heliopolis,5/19/2025,376207
Mitsubishi Lancer EX Shark 2016,Mitsubishi,Lancer EX Shark,Silver,100000,maadi,3/12/2025,371801
Mitsubishi Lancer EX Shark 2016,Mitsubishi,Lancer EX Shark,Dark red,135000,qalyubia,5/19/2025,529120
Mitsubishi Xpander 2021,Mitsubishi,Xpander,Red,44000,alexandria,5/19/2025,309908
Mitsubishi Pajero 2017,Mitsubishi,Pajero,Gray,68554,sharqia,5/3/2025,661748
Mitsubishi Lancer EX Shark 2017,Mitsubishi,Lancer EX Shark,Red,90000,kafr el-sheikh,5/19/2025,462242
Mitsubishi Lancer EX Shark 2016Verified User,Mitsubishi,Lancer EX Shark,Black,109000,heliopolis,5/19/2025,847724
Mitsubishi Lancer Crystala 1998,Mitsubishi,Lancer Crystala,Silver,360000,zagazig,5/18/2025,666150
Mitsubishi Lancer Puma 2007,Mitsubishi,Lancer Puma,Black,210000,6-Oct,5/18/2025,847391
Mitsubishi Pajero 2020,Mitsubishi,Pajero,White,26000,maadi,5/18/2025,398543
Mitsubishi Pajero 2008,Mitsubishi,Pajero,Dark blue,255000,maadi,5/18/2025,299110
Mitsubishi Lancer EX Shark 2015,Mitsubishi,Lancer EX Shark,Silver,200000,maadi,5/18/2025,616784
Mitsubishi Lancer Puma 2008,Mitsubishi,Lancer Puma,Dark blue,257000,zagazig,5/18/2025,466442
Mitsubishi Lancer EX Shark 2014,Mitsubishi,Lancer EX Shark,Dark grey,61000,alexandria,5/18/2025,553106
Mitsubishi Lancer Crystala 1993,Mitsubishi,Lancer Crystala,Red,216000,luxor,5/18/2025,652934
Mitsubishi Lancer EX Shark 2017,Mitsubishi,Lancer EX Shark,Silver,130000,sharqia,5/18/2025,570462
Mitsubishi Lancer EX Shark 2015,Mitsubishi,Lancer EX Shark,Gray,220000,cairo,5/18/2025,682061
Mitsubishi Lancer EX Shark 2016,Mitsubishi,Lancer EX Shark,Gray,70000,dyarb negm,5/18/2025,335110
Mitsubishi Pajero 2014,Mitsubishi,Pajero,White,120000,cairo,5/18/2025,645438
Mitsubishi Pajero 2001,Mitsubishi,Pajero,Silver,,suez,5/17/2025,595980
Mitsubishi Lancer EX Shark 2016,Mitsubishi,Lancer EX Shark,White,195000,hurghada,5/17/2025,751458
Mitsubishi Lancer 1991,Mitsubishi,Lancer,Blue,240000,el haram,5/17/2025,608359
Mitsubishi Lancer EX Shark 2016,Mitsubishi,Lancer EX Shark,Red,260000,el haram,5/17/2025,648405
Mitsubishi Lancer Crystala 1998,Mitsubishi,Lancer Crystala,Black,350000,el haram,5/17/2025,460017
Mitsubishi Eclipse Cross 2018,Mitsubishi,Eclipse Cross,Red,136000,sheikh zayed city,5/17/2025,570796
Mitsubishi Lancer Crystala 1998,Mitsubishi,Lancer Crystala,White,400000,cairo,5/17/2025,819946
Mitsubishi Lancer EX Shark 2014,Mitsubishi,Lancer EX Shark,Red,109000,el haram,5/17/2025,651563
Mitsubishi Lancer Puma 2007,Mitsubishi,Lancer Puma,Black,180000,kerdasa,5/17/2025,475609
Mitsubishi Lancer Puma 2007,Mitsubishi,Lancer Puma,Dark grey,230000,el haram,5/16/2025,510833
Mitsubishi Eclipse Cross 2018,Mitsubishi,Eclipse Cross,Red,1600,qena,5/16/2025,712246
Mitsubishi Lancer EX Shark 2018,Mitsubishi,Lancer EX Shark,Silver,167000,nasr city,5/16/2025,620630
Mitsubishi Lancer Puma 2007,Mitsubishi,Lancer Puma,Silver,,banha,5/16/2025,757924
Mitsubishi Lancer EX Shark 2016,Mitsubishi,Lancer EX Shark,Red,85000,dyarb negm,5/16/2025,378332
Mitsubishi Lancer Puma 2012,Mitsubishi,Lancer Puma,Silver,290000,el minya,5/15/2025,621236
Mitsubishi Lancer EX Shark 2016Verified User,Mitsubishi,Lancer EX Shark,Silver,142000,faqous,3/20/2025,741168
Mitsubishi Lancer Puma 2008,Mitsubishi,Lancer Puma,Red,175000,luxor,5/15/2025,445230
Mitsubishi Lancer EX Shark 2017,Mitsubishi,Lancer EX Shark,Red,185000,hurghada,5/15/2025,766090
Mitsubishi Lancer Puma 2011,Mitsubishi,Lancer Puma,Silver,219000,minya al qamh,5/15/2025,347545
Mitsubishi Lancer EX Shark 2016,Mitsubishi,Lancer EX Shark,Silver,140000,badr city,5/15/2025,285318
Mitsubishi Lancer EX Shark 2016,Mitsubishi,Lancer EX Shark,Silver,162000,nasr city,5/14/2025,286868
Mitsubishi Lancer Puma 2007,Mitsubishi,Lancer Puma,Dark red,200000,beni suef,5/14/2025,429387
Mitsubishi Mirage 2024,Mitsubishi,Mirage,Gold,26000,nasr city,5/14/2025,431595
Mitsubishi Pajero 2015,Mitsubishi,Pajero,Gray,154000,cairo,5/5/2025,381639
Mitsubishi Pajero 2016,Mitsubishi,Pajero,Gray,144000,maadi,5/14/2025,772042
Mitsubishi Lancer Puma 2014,Mitsubishi,Lancer Puma,White,132000,el mahalla,5/4/2025,338135
Mitsubishi Pajero 2002,Mitsubishi,Pajero,Dark blue,200000,alexandria,5/14/2025,308118
Mitsubishi Lancer Puma 2008,Mitsubishi,Lancer Puma,Black,300000,beni suef,5/14/2025,443887
Mitsubishi Lancer Crystala 1998,Mitsubishi,Lancer Crystala,Dark green,100000,dyarb negm,5/14/2025,629255
Mitsubishi Galant 1989,Mitsubishi,Galant,Silver,,cairo,5/14/2025,568631
Mitsubishi Lancer EX Shark 2016,Mitsubishi,Lancer EX Shark,Red,88000,faiyum,5/14/2025,675183
Mitsubishi Lancer EX Shark 2016,Mitsubishi,Lancer EX Shark,Gray,133000,zagazig,5/14/2025,668845
Mitsubishi Eclipse Cross 2021,Mitsubishi,Eclipse Cross,White,107000,badr city,5/14/2025,477361
Mitsubishi Lancer Puma 2009,Mitsubishi,Lancer Puma,Gray,210000,obour city,5/14/2025,819956
Mitsubishi Lancer EX Shark 2016,Mitsubishi,Lancer EX Shark,Red,146000,tagamo3 - new cairo,5/13/2025,512394
Mitsubishi Lancer EX Shark 2016,Mitsubishi,Lancer EX Shark,Silver,166666,heliopolis,5/13/2025,734876
Mitsubishi Xpander 2021,Mitsubishi,Xpander,Dark grey,37200,el haram,5/13/2025,830835
Mitsubishi Lancer EX Shark 2015,Mitsubishi,Lancer EX Shark,Red,184000,luxor,5/13/2025,815973
Mitsubishi Lancer Puma 2010,Mitsubishi,Lancer Puma,Silver,190000,el haram,5/13/2025,295941
Mitsubishi Lancer Puma 2008,Mitsubishi,Lancer Puma,Gray,300000,tagamo3 - new cairo,5/13/2025,332607
Mitsubishi Lancer Puma 2013,Mitsubishi,Lancer Puma,Red,100000,tagamo3 - new cairo,5/13/2025,746763
Mitsubishi Pajero 2004,Mitsubishi,Pajero,Silver,200000,heliopolis,5/13/2025,678889
Mitsubishi Pajero 2013,Mitsubishi,Pajero,Black,61000,cairo,5/12/2025,399153
Mitsubishi Lancer Puma 2007Verified User,Mitsubishi,Lancer Puma,Red,260000,el minya,5/12/2025,396519
Mitsubishi Lancer EX Shark 2014,Mitsubishi,Lancer EX Shark,Silver,150000,heliopolis,4/16/2025,772248
Mitsubishi Lancer EX Shark 2016,Mitsubishi,Lancer EX Shark,Silver,242000,zagazig,5/12/2025,349764
Mitsubishi Lancer 2005,Mitsubishi,Lancer,Silver,320000,gharbia,5/12/2025,615520
Mitsubishi Lancer EX Shark 2014,Mitsubishi,Lancer EX Shark,Red,65000,kafr el-sheikh,5/12/2025,469884
Mitsubishi Eclipse Cross 2019,Mitsubishi,Eclipse Cross,Mocha,132000,el mahalla,5/12/2025,785681
Mitsubishi L 200 1984,Mitsubishi,L 200,Red,,shobra,5/12/2025,445130
Mitsubishi Lancer EX Shark 2015,Mitsubishi,Lancer EX Shark,Red,209000,qalyubia,5/12/2025,748099
Mitsubishi Lancer EX Shark 2015,Mitsubishi,Lancer EX Shark,Silver,179000,kafr el-sheikh,5/12/2025,800341
Mitsubishi Lancer Puma 2006,Mitsubishi,Lancer Puma,Blue,210000,mokattam,5/11/2025,537989
Mitsubishi Eclipse Cross 2022,Mitsubishi,Eclipse Cross,Silver,70000,mohandessin,5/11/2025,434381
Mitsubishi Lancer EX Shark 2016,Mitsubishi,Lancer EX Shark,Black,242000,el haram,5/11/2025,421868
Mitsubishi Lancer EX Shark 2016,Mitsubishi,Lancer EX Shark,Silver,140000,beni suef,5/11/2025,417471
Mitsubishi Lancer Puma 2008,Mitsubishi,Lancer Puma,Dark blue,200000,asyut,5/11/2025,677600
Mitsubishi Lancer EX Shark 2018,Mitsubishi,Lancer EX Shark,Gray,280000,giza,5/11/2025,447789
Mitsubishi Lancer Puma 2007,Mitsubishi,Lancer Puma,Silver,227000,cairo,5/11/2025,678272
Mitsubishi Lancer Puma 2013,Mitsubishi,Lancer Puma,Red,190000,zagazig,5/11/2025,524282
Mitsubishi Lancer EX Shark 2016,Mitsubishi,Lancer EX Shark,Red,128000,damanhur,5/10/2025,536190
Mitsubishi Lancer Puma 2008,Mitsubishi,Lancer Puma,Red,165000,cairo,5/10/2025,839485
Mitsubishi Eclipse Cross 2021,Mitsubishi,Eclipse Cross,Silver,99000,cairo,5/10/2025,533643
Mitsubishi Lancer 1993,Mitsubishi,Lancer,Red,200000,gharbia,5/10/2025,792007
Mitsubishi Lancer EX Shark 2018,Mitsubishi,Lancer EX Shark,Dark grey,168000,cairo,5/10/2025,397666
Mitsubishi Lancer EX Shark 2015,Mitsubishi,Lancer EX Shark,Red,90000,mansoura,5/10/2025,790167
Mitsubishi Lancer EX Shark 2015,Mitsubishi,Lancer EX Shark,Red,220000,alexandria,5/9/2025,616807
Mitsubishi Lancer Crystala 1999,Mitsubishi,Lancer Crystala,Red,,sharqia,5/9/2025,550131
Mitsubishi Lancer 2005,Mitsubishi,Lancer,Black,200000,dakahlia,5/9/2025,599203
Mitsubishi Lancer Puma 2008,Mitsubishi,Lancer Puma,Dark grey,280000,tanta,5/9/2025,750942
Mitsubishi Lancer Puma 2008,Mitsubishi,Lancer Puma,Dark blue,465000,cairo,5/9/2025,561418
Mitsubishi Lancer EX Shark 2014Verified User,Mitsubishi,Lancer EX Shark,Black,190000,nasr city,5/9/2025,383962
Mitsubishi Lancer EX Shark 2015,Mitsubishi,Lancer EX Shark,Black,210000,giza,5/9/2025,681081
Mitsubishi Lancer Puma 2013Verified User,Mitsubishi,Lancer Puma,Silver,270000,agamy,5/8/2025,682307
Mitsubishi Lancer Puma 2007,Mitsubishi,Lancer Puma,Champagne,300000,nasr city,5/8/2025,466168
Mitsubishi Lancer Puma 2011,Mitsubishi,Lancer Puma,Red,80000,badr city,5/8/2025,538089
Mitsubishi Lancer Puma 2007,Mitsubishi,Lancer Puma,Black,300000,mansoura,5/8/2025,786790
Mitsubishi Lancer EX Shark 2015,Mitsubishi,Lancer EX Shark,Gold,315000,obour city,5/8/2025,308822
Mitsubishi Lancer EX Shark 2016,Mitsubishi,Lancer EX Shark,Black,87000,faqous,5/7/2025,774566
Mitsubishi Lancer Puma 2008,Mitsubishi,Lancer Puma,Red,165000,cairo,5/7/2025,718084
Mitsubishi Lancer Puma 2007,Mitsubishi,Lancer Puma,Silver,280000,mansoura,5/7/2025,737146
Mitsubishi Eclipse 2018,Mitsubishi,Eclipse,Silver,75000,nasr city,5/7/2025,632672
Mitsubishi Xpander 2022,Mitsubishi,Xpander,Black,100000,el haram,5/7/2025,384606
Mitsubishi Lancer Crystala 1999,Mitsubishi,Lancer Crystala,Silver,225000,faiyum,5/7/2025,401124
Mitsubishi Lancer EX Shark 2009,Mitsubishi,Lancer EX Shark,Cyan,320000,sharqia,5/7/2025,761603
Mitsubishi Lancer EX Shark 2015,Mitsubishi,Lancer EX Shark,Red,108000,gharbia,5/7/2025,352018
Mitsubishi Lancer Crystala 1999,Mitsubishi,Lancer Crystala,Silver,350000,el haram,5/7/2025,322914
Mitsubishi Lancer Puma 2009,Mitsubishi,Lancer Puma,Black,248000,cairo,5/6/2025,511346
Mitsubishi Lancer EX Shark 2015,Mitsubishi,Lancer EX Shark,Red,157000,mit ghamr,5/6/2025,688754
Mitsubishi Lancer Puma 2008,Mitsubishi,Lancer Puma,Black,280000,nasr city,5/6/2025,671395
Mitsubishi Lancer EX Shark 2009,Mitsubishi,Lancer EX Shark,Red,200000,faiyum,5/6/2025,722323
Mitsubishi Lancer Puma 2007,Mitsubishi,Lancer Puma,White,290000,dakahlia,5/6/2025,484167
Mitsubishi Lancer 2002,Mitsubishi,Lancer,Dark grey,260000,6-Oct,5/5/2025,798965
Mitsubishi Lancer EX Shark 2016,Mitsubishi,Lancer EX Shark,Silver,60000,shibin el kom,5/5/2025,397161
Mitsubishi Xpander 2022,Mitsubishi,Xpander,Red,42000,el mahalla,5/5/2025,342138
Mitsubishi Pajero 2020,Mitsubishi,Pajero,Black,35000,cairo,5/5/2025,572943
Mitsubishi Pajero 2014,Mitsubishi,Pajero,White,163000,cairo,5/5/2025,599944
Mitsubishi Attrage 2023,Mitsubishi,Attrage,Silver,55000,tagamo3 - new cairo,5/5/2025,610531
Mitsubishi Pajero 2014,Mitsubishi,Pajero,White,200000,hurghada,5/5/2025,524643
Mitsubishi Lancer EX Shark 2016,Mitsubishi,Lancer EX Shark,Silver,200000,helwan,5/5/2025,508303
Mitsubishi Lancer EX Shark 2015,Mitsubishi,Lancer EX Shark,Silver,210000,sheikh zayed city,5/4/2025,440114
Mitsubishi Lancer EX Shark 2016,Mitsubishi,Lancer EX Shark,Black,200000,tagamo3 - new cairo,5/4/2025,368797
Mitsubishi Galant 1981,Mitsubishi,Galant,Red,200000,faiyum,5/4/2025,634342
Mitsubishi Lancer EX Shark 2016,Mitsubishi,Lancer EX Shark,Dark grey,120000,suez,5/4/2025,530832
Mitsubishi Eclipse Cross 2023,Mitsubishi,Eclipse Cross,Blue,2000,nasr city,5/4/2025,563905
Mitsubishi Lancer EX Shark 2016,Mitsubishi,Lancer EX Shark,Champagne,85000,suez,5/4/2025,455645
Mitsubishi Lancer Puma 2014,Mitsubishi,Lancer Puma,White,187000,ismailia,5/4/2025,511644
Mitsubishi Galant 1990,Mitsubishi,Galant,White,,shobra,5/4/2025,640264
Mitsubishi Lancer Puma 2013,Mitsubishi,Lancer Puma,Red,150000,6-Oct,5/4/2025,672298
Mitsubishi Lancer EX Shark 2016,Mitsubishi,Lancer EX Shark,White,170000,dakahlia,5/4/2025,374782
Mitsubishi Lancer Puma 2007,Mitsubishi,Lancer Puma,Red,250000,helwan,5/4/2025,684286
Mitsubishi Lancer Puma 2007,Mitsubishi,Lancer Puma,Silver,207000,6-Oct,4/24/2025,506809
Mitsubishi Lancer Crystala 1999,Mitsubishi,Lancer Crystala,Green,250000,obour city,5/3/2025,363739
Mitsubishi Lancer Puma 2007,Mitsubishi,Lancer Puma,Red,340000,helwan,5/3/2025,750348
Mitsubishi Lancer Puma 2006,Mitsubishi,Lancer Puma,Silver,500000,giza,5/3/2025,491317
Mitsubishi Lancer Puma 2006,Mitsubishi,Lancer Puma,Silver,150000,shobra,5/3/2025,551361
Mitsubishi Lancer EX Shark 2015,Mitsubishi,Lancer EX Shark,Silver,159000,6-Oct,5/3/2025,701247
Mitsubishi Lancer Puma 2005,Mitsubishi,Lancer Puma,Gray,266274,nasr city,5/3/2025,415674
Mitsubishi Lancer Puma 2014,Mitsubishi,Lancer Puma,White,170000,faiyum,5/2/2025,638996
Mitsubishi Lancer Puma 2004,Mitsubishi,Lancer Puma,Red,200000,dakahlia,5/2/2025,725878
Mitsubishi Lancer Puma 2013,Mitsubishi,Lancer Puma,Silver,178000,kafr el-sheikh,5/2/2025,848354
Mitsubishi Lancer EX Shark 2015,Mitsubishi,Lancer EX Shark,Silver,73548,zagazig,5/2/2025,766875
Mitsubishi Lancer Puma 2004,Mitsubishi,Lancer Puma,White,545000,10th of ramadan,5/2/2025,295957
Mitsubishi Xpander Cross 2023,Mitsubishi,Xpander Cross,Silver,12000,cairo,5/2/2025,316816
Mitsubishi Lancer EX Shark 2015,Mitsubishi,Lancer EX Shark,Silver,128000,mansoura,5/2/2025,730229
Mitsubishi Lancer 1992,Mitsubishi,Lancer,Eggplant,30000,el minya,5/2/2025,321359
Mitsubishi Eclipse Cross 2020,Mitsubishi,Eclipse Cross,Silver,145000,6-Oct,5/1/2025,401983
Mitsubishi Lancer Puma 2008,Mitsubishi,Lancer Puma,Silver,240000,qalyubia,5/1/2025,330019
Mitsubishi Lancer EX Shark 2014,Mitsubishi,Lancer EX Shark,Black,227000,heliopolis,5/1/2025,424213
Mitsubishi Lancer 2002,Mitsubishi,Lancer,Dark grey,230000,mit ghamr,5/1/2025,776690
Mitsubishi Lancer EX Shark 2016,Mitsubishi,Lancer EX Shark,Silver,106000,maadi,5/1/2025,499535
Mitsubishi Lancer EX Shark 2015,Mitsubishi,Lancer EX Shark,Red,230000,madinaty,5/1/2025,362158
Mitsubishi Lancer EX Shark 2015,Mitsubishi,Lancer EX Shark,Red,100000,alexandria,5/1/2025,701646
Mitsubishi Lancer Puma 2006,Mitsubishi,Lancer Puma,Dark grey,205000,beni suef,4/30/2025,441849
Mitsubishi Lancer Puma 2004,Mitsubishi,Lancer Puma,Red,280000,borg el arab,4/30/2025,599859
Mitsubishi Lancer Puma 2006,Mitsubishi,Lancer Puma,Silver,186000,shibin el kom,4/30/2025,543617
Mitsubishi Lancer Puma 2006,Mitsubishi,Lancer Puma,Gray,200000,beni suef,4/30/2025,544028
Mitsubishi Lancer Puma 2008,Mitsubishi,Lancer Puma,Silver,280000,kafr el-sheikh,4/30/2025,626314
Mitsubishi Lancer EX Shark 2016,Mitsubishi,Lancer EX Shark,Champagne,77500,tanta,4/30/2025,582435
Mitsubishi Attrage 2015,Mitsubishi,Attrage,Red,220000,alexandria,4/30/2025,790645
Mitsubishi Lancer EX Shark 2014,Mitsubishi,Lancer EX Shark,Silver,260000,mokattam,4/30/2025,714215
Mitsubishi Lancer Puma 2009,Mitsubishi,Lancer Puma,Black,240000,mokattam,4/30/2025,370692
Mitsubishi Lancer EX Shark 2014,Mitsubishi,Lancer EX Shark,Silver,175000,giza,4/30/2025,762097
Mitsubishi Lancer Crystala 1999,Mitsubishi,Lancer Crystala,Black,340000,cairo,4/30/2025,597937
Mitsubishi Lancer Puma 2007,Mitsubishi,Lancer Puma,Silver,270000,gharbia,4/29/2025,602869
Mitsubishi Lancer Crystala 1999,Mitsubishi,Lancer Crystala,Dark blue,440000,el mahalla,4/29/2025,723794
Mitsubishi Lancer Puma 2008,Mitsubishi,Lancer Puma,Silver,183000,shobra,4/28/2025,645901
Mitsubishi Lancer Puma 2007,Mitsubishi,Lancer Puma,Dark grey,332000,kafr el-sheikh,4/28/2025,835438
Mitsubishi Lancer EX Shark 2016,Mitsubishi,Lancer EX Shark,Silver,182000,sharqia,4/28/2025,465692
Mitsubishi Lancer EX Shark 2015,Mitsubishi,Lancer EX Shark,White,175000,kafr el-dawwar,4/28/2025,672738
Mitsubishi Lancer 2001,Mitsubishi,Lancer,Red,350000,kafr el-sheikh,4/28/2025,310093
Mitsubishi Lancer EX Shark 2018,Mitsubishi,Lancer EX Shark,Silver,185000,dyarb negm,4/28/2025,692051
Mitsubishi Eclipse 2019,Mitsubishi,Eclipse,White,83000,el mahalla,4/28/2025,568468
Mitsubishi Lancer Puma 2005,Mitsubishi,Lancer Puma,Silver,200000,maadi,4/28/2025,830969
Mitsubishi Lancer Puma 2008,Mitsubishi,Lancer Puma,Silver,360000,cairo,4/28/2025,410822
Mitsubishi Lancer EX Shark 2015,Mitsubishi,Lancer EX Shark,Red,230000,mohandessin,4/28/2025,820775
Mitsubishi Lancer EX Shark 2016,Mitsubishi,Lancer EX Shark,White,112000,kafr el-sheikh,4/28/2025,836225
Mitsubishi Lancer 2001,Mitsubishi,Lancer,Silver,,mansoura,4/27/2025,792931
Mitsubishi Lancer EX Shark 2015,Mitsubishi,Lancer EX Shark,Gray,200000,asyut,4/27/2025,657061
Mitsubishi Lancer Puma 2007,Mitsubishi,Lancer Puma,Silver,220000,cairo,4/27/2025,456766
Mitsubishi Pajero 2010,Mitsubishi,Pajero,White,500000,giza,4/27/2025,497606
Mitsubishi Lancer EX Shark 2015,Mitsubishi,Lancer EX Shark,Silver,205000,tagamo3 - new cairo,4/27/2025,573883
Mitsubishi Lancer EX Shark 2018,Mitsubishi,Lancer EX Shark,Gray,300000,10th of ramadan,4/26/2025,310206
Mitsubishi Lancer Crystala 1998,Mitsubishi,Lancer Crystala,Blue,250000,obour city,4/26/2025,504756
Mitsubishi Lancer Puma 2008,Mitsubishi,Lancer Puma,White,170000,damietta,4/26/2025,791813
Mitsubishi Eclipse Cross 2018,Mitsubishi,Eclipse Cross,Silver,111000,cairo,4/26/2025,389536
Mitsubishi Lancer EX Shark 2015,Mitsubishi,Lancer EX Shark,Silver,160000,beni suef,4/25/2025,330881
Mitsubishi Lancer 1991,Mitsubishi,Lancer,Blue,350000,asyut,4/25/2025,707580
Mitsubishi Lancer Puma 2007,Mitsubishi,Lancer Puma,Black,230000,sheikh zayed city,4/25/2025,519694
Mitsubishi Lancer Puma 2007,Mitsubishi,Lancer Puma,Red,200000,sheraton,4/25/2025,415688
Mitsubishi Lancer EX Shark 2015,Mitsubishi,Lancer EX Shark,Gray,150000,suez,4/25/2025,468418
Mitsubishi Lancer EX Shark 2018,Mitsubishi,Lancer EX Shark,Red,90000,kafr el-sheikh,4/24/2025,392604
Mitsubishi Lancer Puma 2006,Mitsubishi,Lancer Puma,Silver,130000,nasr city,4/24/2025,694704
Mitsubishi Lancer Puma 2008,Mitsubishi,Lancer Puma,Dark grey,360000,sheikh zayed city,4/24/2025,520390
Mitsubishi Eclipse 2019,Mitsubishi,Eclipse,White,60000,cairo,4/24/2025,680675
Mitsubishi Lancer Puma 2007,Mitsubishi,Lancer Puma,Silver,350000,hurghada,4/24/2025,628409
Mitsubishi Lancer EX Shark 2009,Mitsubishi,Lancer EX Shark,Red,125000,6-Oct,4/23/2025,613617
Mitsubishi Lancer Crystala 1999,Mitsubishi,Lancer Crystala,Green,360000,suez,4/23/2025,472604
Mitsubishi Xpander 2024,Mitsubishi,Xpander,Silver,12700,tanta,3/9/2025,413037
Mitsubishi Lancer Puma 2007,Mitsubishi,Lancer Puma,Silver,300000,ismailia,4/23/2025,674525
Mitsubishi Lancer EX Shark 2017,Mitsubishi,Lancer EX Shark,Dark red,126000,6-Oct,4/23/2025,535835
Mitsubishi Lancer EX Shark 2015,Mitsubishi,Lancer EX Shark,White,175000,kafr el-dawwar,4/23/2025,623230
Mitsubishi Lancer Puma 2007,Mitsubishi,Lancer Puma,Silver,318000,alexandria,4/23/2025,795411
Mitsubishi Lancer Puma 2007,Mitsubishi,Lancer Puma,Red,270000,cairo,4/23/2025,525191
Mitsubishi Lancer Puma 2012,Mitsubishi,Lancer Puma,White,320000,gharbia,4/23/2025,313978
Mitsubishi Lancer Puma 2008,Mitsubishi,Lancer Puma,Silver,470000,10th of ramadan,4/23/2025,808966
Mitsubishi Lancer EX Shark 2015,Mitsubishi,Lancer EX Shark,Silver,173000,mohandessin,4/23/2025,414537
Mitsubishi Lancer EX Shark 2015,Mitsubishi,Lancer EX Shark,Silver,176000,beni suef,4/22/2025,784868
Mitsubishi Lancer Puma 2008,Mitsubishi,Lancer Puma,Blue,380000,sheikh zayed city,4/22/2025,708672
Mitsubishi Lancer Crystala 1999,Mitsubishi,Lancer Crystala,Silver,,mit ghamr,4/22/2025,448541
Mitsubishi Colt 1990,Mitsubishi,Colt,Yellow,500000,cairo,4/22/2025,497621
Mitsubishi Lancer EX Shark 2008,Mitsubishi,Lancer EX Shark,Silver,120000,10th of ramadan,4/22/2025,828389
Mitsubishi Eclipse Cross 2018,Mitsubishi,Eclipse Cross,Mocha,100000,suez,4/22/2025,629605
Mitsubishi Lancer Puma 2007,Mitsubishi,Lancer Puma,Silver,290000,mohandessin,4/22/2025,285080
Mitsubishi Lancer EX Shark 2014,Mitsubishi,Lancer EX Shark,Black,160000,shibin el qanater,4/22/2025,655459
Mitsubishi Lancer Puma 2006,Mitsubishi,Lancer Puma,Gray,320000,obour city,4/22/2025,384101
Mitsubishi Galant 1999,Mitsubishi,Galant,Eggplant,170000,suez,4/21/2025,747380
Mitsubishi Lancer 1993,Mitsubishi,Lancer,Red,300000,cairo,4/21/2025,665685
Mitsubishi Pajero 2016,Mitsubishi,Pajero,White,143000,qalyub,4/21/2025,678358
Mitsubishi Eclipse Cross 2018,Mitsubishi,Eclipse Cross,Mocha,100000,suez,4/21/2025,559251
Mitsubishi Lancer EX Shark 2015,Mitsubishi,Lancer EX Shark,Black,150000,nasr city,4/21/2025,312285
Mitsubishi Lancer EX Shark 2017,Mitsubishi,Lancer EX Shark,Silver,232000,6-Oct,4/21/2025,784698
Mitsubishi Lancer EX Shark 2018,Mitsubishi,Lancer EX Shark,Silver,210000,obour city,4/21/2025,727743
Mitsubishi Lancer Puma 2008,Mitsubishi,Lancer Puma,Silver,,banha,4/21/2025,796494
Mitsubishi Pajero 2016,Mitsubishi,Pajero,Bronze,180000,cairo,4/20/2025,298217
Mitsubishi Lancer EX Shark 2016,Mitsubishi,Lancer EX Shark,Black,290000,el haram,4/20/2025,400166
Mitsubishi Lancer Crystala 1998,Mitsubishi,Lancer Crystala,Red,300000,red sea,4/20/2025,609242
Mitsubishi Xpander 2022Verified User,Mitsubishi,Xpander,Gray,9200,6-Oct,4/20/2025,398616
Mitsubishi Lancer EX Shark 2015,Mitsubishi,Lancer EX Shark,Gray,93000,el mahalla,4/20/2025,683496
Mitsubishi Lancer EX Shark 2009,Mitsubishi,Lancer EX Shark,Black,145000,beni suef,4/19/2025,481331
Mitsubishi Lancer Puma 2009,Mitsubishi,Lancer Puma,Red,270000,beheira,4/19/2025,645315
Mitsubishi Lancer Puma 2006,Mitsubishi,Lancer Puma,Silver,205000,10th of ramadan,4/19/2025,379807
Mitsubishi Lancer 1991,Mitsubishi,Lancer,Silver,300000,sharqia,4/19/2025,405655
Mitsubishi Lancer Puma 2008,Mitsubishi,Lancer Puma,Black,365000,pyramids gardens,4/19/2025,415051
Mitsubishi Lancer EX Shark 2008,Mitsubishi,Lancer EX Shark,Gold,130000,cairo,4/18/2025,707235
Mitsubishi Lancer EX Shark 2016,Mitsubishi,Lancer EX Shark,Gray,44000,cairo,4/18/2025,298791
Mitsubishi Lancer EX Shark 2018,Mitsubishi,Lancer EX Shark,Gray,110000,damietta,4/18/2025,398616
Mitsubishi Lancer Puma 2006,Mitsubishi,Lancer Puma,Silver,,port said,4/18/2025,323109
Mitsubishi Lancer EX Shark 2015,Mitsubishi,Lancer EX Shark,Gray,155000,helwan,4/18/2025,526578
Mitsubishi Lancer 1990,Mitsubishi,Lancer,White,,cairo,4/17/2025,684031
Mitsubishi Lancer Puma 2007,Mitsubishi,Lancer Puma,Silver,205000,obour city,4/17/2025,797105
Mitsubishi Attrage 2015,Mitsubishi,Attrage,White,95000,suez,4/17/2025,682076
Mitsubishi Lancer Crystala 1998,Mitsubishi,Lancer Crystala,Yellow,250000,nasr city,4/17/2025,427591
Mitsubishi Lancer EX Shark 2015,Mitsubishi,Lancer EX Shark,Red,190000,cairo,4/17/2025,829634
Mitsubishi Lancer Puma 2006,Mitsubishi,Lancer Puma,Silver,370000,beni suef,4/17/2025,439663
Mitsubishi Lancer EX Shark 2016,Mitsubishi,Lancer EX Shark,Red,177000,pyramids gardens,4/17/2025,730359
Mitsubishi Lancer Crystala 2001,Mitsubishi,Lancer Crystala,Blue,386000,qena,4/17/2025,618450
Mitsubishi Lancer Crystala 1999,Mitsubishi,Lancer Crystala,Gray,284673,cairo,4/17/2025,464888
Mitsubishi Eclipse Cross 2022,Mitsubishi,Eclipse Cross,Silver,42000,asyut,4/16/2025,485725
Mitsubishi Lancer Puma 2009Verified User,Mitsubishi,Lancer Puma,Silver,144000,nasr city,4/16/2025,593455
Mitsubishi Lancer Puma 2008,Mitsubishi,Lancer Puma,Dark red,300000,el haram,4/16/2025,447506
Mitsubishi Lancer EX Shark 2016,Mitsubishi,Lancer EX Shark,Silver,190000,sharqia,4/16/2025,346340
Mitsubishi Lancer Puma 2010,Mitsubishi,Lancer Puma,Black,94000,cairo,4/16/2025,642961
Mitsubishi Lancer Puma 2006,Mitsubishi,Lancer Puma,Gold,180000,port said,4/16/2025,470665
Mitsubishi Lancer EX Shark 2015,Mitsubishi,Lancer EX Shark,White,,mansoura,4/16/2025,450610
Mitsubishi Lancer Puma 2006,Mitsubishi,Lancer Puma,Gray,230000,damietta,4/15/2025,460268
Mitsubishi Lancer EX Shark 2016,Mitsubishi,Lancer EX Shark,Red,110000,cairo,4/15/2025,740168
Mitsubishi Xpander 2022,Mitsubishi,Xpander,Gray,26000,gharbia,4/14/2025,631280
Mitsubishi Lancer Puma 2009Verified User,Mitsubishi,Lancer Puma,Gray,135000,tagamo3 - new cairo,4/14/2025,715126
Mitsubishi Lancer EX Shark 2013,Mitsubishi,Lancer EX Shark,Silver,98000,el mahalla,4/14/2025,327209
Mitsubishi Eclipse Cross 2020,Mitsubishi,Eclipse Cross,Red,63000,el haram,4/7/2025,659254
Mitsubishi Lancer Puma 2013,Mitsubishi,Lancer Puma,Bronze,250000,cairo,4/13/2025,781488
Mitsubishi Lancer EX Shark 2014,Mitsubishi,Lancer EX Shark,Champagne,150000,suez,4/13/2025,594625
Mitsubishi Lancer EX Shark 2015,Mitsubishi,Lancer EX Shark,Dark red,94000,cairo,4/13/2025,377232
Mitsubishi Lancer EX Shark 2008,Mitsubishi,Lancer EX Shark,Black,171000,al shorouk,4/13/2025,590504
Mitsubishi Lancer Puma 2006,Mitsubishi,Lancer Puma,Gray,320000,obour city,4/13/2025,545600
Mitsubishi Lancer EX Shark 2015,Mitsubishi,Lancer EX Shark,Silver,164000,mansoura,4/13/2025,477866
Mitsubishi Lancer EX Shark 2015,Mitsubishi,Lancer EX Shark,Dark grey,165000,6-Oct,4/13/2025,296576
Mitsubishi Xpander Cross 2024,Mitsubishi,Xpander Cross,White,,damietta,4/13/2025,368395
Mitsubishi Lancer Puma 2007,Mitsubishi,Lancer Puma,Silver,220000,heliopolis,4/12/2025,295402
Mitsubishi Lancer Puma 2006,Mitsubishi,Lancer Puma,Black,390000,10th of ramadan,4/12/2025,428093
Mitsubishi Lancer EX Shark 2017,Mitsubishi,Lancer EX Shark,Dark grey,140000,mansoura,4/12/2025,290772
Mitsubishi Lancer EX Shark 2015,Mitsubishi,Lancer EX Shark,Silver,155000,ismailia,4/12/2025,838915
Mitsubishi Attrage 2015,Mitsubishi,Attrage,White,166000,nasr city,4/12/2025,707500
Mitsubishi Pajero 1993,Mitsubishi,Pajero,Green,300000,mokattam,4/11/2025,604561
Mitsubishi Lancer Puma 2012,Mitsubishi,Lancer Puma,Dark blue,270000,el minya,4/11/2025,291500
Mitsubishi Lancer EX Shark 2016,Mitsubishi,Lancer EX Shark,Gray,106000,kafr el-sheikh,4/11/2025,347366
Mitsubishi Lancer EX Shark 2017,Mitsubishi,Lancer EX Shark,Red,100000,alexandria,4/11/2025,380681
Mitsubishi Lancer Puma 2008,Mitsubishi,Lancer Puma,Gray,270000,cairo,4/11/2025,588093
Mitsubishi Lancer EX Shark 2016,Mitsubishi,Lancer EX Shark,Silver,160000,abu qir,4/11/2025,370471
Mitsubishi Eclipse Cross 2018,Mitsubishi,Eclipse Cross,Red,140000,heliopolis,4/11/2025,778879
Mitsubishi Lancer EX Shark 2014,Mitsubishi,Lancer EX Shark,Silver,135000,kafr el-sheikh,4/11/2025,559725
Mitsubishi Lancer EX Shark 2014,Mitsubishi,Lancer EX Shark,Black,190000,6-Oct,4/11/2025,577113
Mitsubishi Lancer Puma 2006,Mitsubishi,Lancer Puma,Silver,310000,giza,4/11/2025,572671
Mitsubishi Attrage 2015,Mitsubishi,Attrage,Red,290000,sheikh zayed city,4/11/2025,556087
Mitsubishi Lancer EX Shark 2016,Mitsubishi,Lancer EX Shark,Champagne,119000,hurghada,4/10/2025,383110
Mitsubishi Lancer EX Shark 2016,Mitsubishi,Lancer EX Shark,White,200000,ismailia,4/10/2025,546781
Mitsubishi Lancer EX Shark 2015,Mitsubishi,Lancer EX Shark,Red,76000,faiyum,4/10/2025,337390
Mitsubishi Lancer Crystala 1998,Mitsubishi,Lancer Crystala,Dark green,340000,cairo,4/10/2025,469280
Mitsubishi Lancer Puma 2007,Mitsubishi,Lancer Puma,Silver,250000,6-Oct,4/10/2025,475786
Mitsubishi Lancer 1998,Mitsubishi,Lancer,Black,77000,nasr city,4/10/2025,788029
Mitsubishi Lancer Puma 2009,Mitsubishi,Lancer Puma,Black,180000,kerdasa,4/10/2025,675576
Mitsubishi Lancer 1998,Mitsubishi,Lancer,Red,290000,saft el laban,4/10/2025,366385
Mitsubishi Lancer EX Shark 2015,Mitsubishi,Lancer EX Shark,Black,,sohag,4/10/2025,579791
Mitsubishi Lancer EX Shark 2013,Mitsubishi,Lancer EX Shark,Silver,200000,el mahalla,4/10/2025,550073
Mitsubishi Attrage 2015,Mitsubishi,Attrage,Gray,134000,kafr el-sheikh,4/10/2025,547276
Mitsubishi Lancer EX Shark 2015,Mitsubishi,Lancer EX Shark,Silver,166000,cairo,4/10/2025,716205
Mitsubishi Lancer EX Shark 2016,Mitsubishi,Lancer EX Shark,White,205000,maadi,4/9/2025,612822
Mitsubishi Lancer EX Shark 2016,Mitsubishi,Lancer EX Shark,Black,87000,el minya,4/9/2025,722434
Mitsubishi Lancer Puma 2011,Mitsubishi,Lancer Puma,White,104000,alexandria,4/8/2025,547208
Mitsubishi Lancer Puma 2008,Mitsubishi,Lancer Puma,Silver,270000,cairo,4/8/2025,781056
Mitsubishi Attrage 2015,Mitsubishi,Attrage,Red,411000,cairo,4/8/2025,838768
Mitsubishi Lancer EX Shark 2015,Mitsubishi,Lancer EX Shark,Gray,147000,nasr city,4/8/2025,399829
Mitsubishi Lancer EX Shark 2015,Mitsubishi,Lancer EX Shark,Silver,114000,madinaty,4/8/2025,508239
Mitsubishi Lancer EX Shark 2016,Mitsubishi,Lancer EX Shark,Black,170000,heliopolis,4/8/2025,585005
Mitsubishi Lancer EX Shark 2017,Mitsubishi,Lancer EX Shark,Silver,200000,nasr city,4/7/2025,571898
Mitsubishi Lancer Puma 2005Verified User,Mitsubishi,Lancer Puma,White,150000,mansoura,4/7/2025,305450
Mitsubishi Lancer EX Shark 2015Verified User,Mitsubishi,Lancer EX Shark,Gray,100000,cairo,4/7/2025,783182
Mitsubishi Lancer Puma 2006,Mitsubishi,Lancer Puma,Silver,300000,ashmoun,4/7/2025,297399
Mitsubishi Lancer 2001Verified User,Mitsubishi,Lancer,Silver,140000,cairo,4/6/2025,647248
Mitsubishi Lancer Puma 2012,Mitsubishi,Lancer Puma,Silver,165000,dakahlia,4/7/2025,792794
Mitsubishi Xpander 2022,Mitsubishi,Xpander,Red,102000,suez,4/6/2025,426536
Mitsubishi Lancer EX Shark 2015,Mitsubishi,Lancer EX Shark,Dark red,144000,6-Oct,4/6/2025,596181
Mitsubishi Lancer EX Shark 2014,Mitsubishi,Lancer EX Shark,Silver,106000,tanta,4/6/2025,489578
Mitsubishi Lancer Puma 2006,Mitsubishi,Lancer Puma,Dark grey,189000,el minya,4/6/2025,678299
Mitsubishi Lancer 2003,Mitsubishi,Lancer,Dark blue,200000,nasr city,4/6/2025,362504
Mitsubishi Lancer EX Shark 2018Verified User,Mitsubishi,Lancer EX Shark,Gray,208000,6-Oct,4/5/2025,686704
Mitsubishi Lancer Crystala 1999,Mitsubishi,Lancer Crystala,Silver,4750,kafr el-sheikh,4/5/2025,297553
Mitsubishi Lancer EX Shark 2015,Mitsubishi,Lancer EX Shark,Black,140000,minya al qamh,4/5/2025,738565
Mitsubishi Lancer EX Shark 2017,Mitsubishi,Lancer EX Shark,Black,104000,obour city,4/5/2025,572567
Mitsubishi Lancer Puma 2008,Mitsubishi,Lancer Puma,Red,223000,cairo,4/4/2025,843828
Mitsubishi Lancer EX Shark 2008Verified User,Mitsubishi,Lancer EX Shark,Gray,145000,heliopolis,4/4/2025,328528
Mitsubishi Lancer Puma 2008,Mitsubishi,Lancer Puma,Silver,194000,faiyum,4/4/2025,553609
Mitsubishi Lancer EX Shark 2008,Mitsubishi,Lancer EX Shark,Red,159000,sharqia,4/4/2025,836550
Mitsubishi Lancer Puma 2006,Mitsubishi,Lancer Puma,Silver,300000,asyut,4/3/2025,343195
Mitsubishi Lancer EX Shark 2009,Mitsubishi,Lancer EX Shark,Dark blue,46000,nasr city,4/3/2025,548565
Mitsubishi Lancer Puma 2004,Mitsubishi,Lancer Puma,Silver,185000,obour city,4/3/2025,671102
Mitsubishi Lancer Puma 2013,Mitsubishi,Lancer Puma,Silver,300000,cairo,4/2/2025,657552
Mitsubishi Lancer Puma 2004,Mitsubishi,Lancer Puma,Black,165000,cairo,4/2/2025,619655
Mitsubishi Lancer EX Shark 2017,Mitsubishi,Lancer EX Shark,Silver,125000,giza,4/2/2025,587012
Mitsubishi Lancer EX Shark 2017,Mitsubishi,Lancer EX Shark,Red,150000,el mahalla,4/1/2025,578404
Mitsubishi Lancer EX Shark 2015,Mitsubishi,Lancer EX Shark,Red,98000,qena,4/1/2025,447333
Mitsubishi Lancer 2001,Mitsubishi,Lancer,Silver,270000,giza,3/30/2025,650255
Mitsubishi Lancer EX Shark 2015,Mitsubishi,Lancer EX Shark,Black,140000,cairo,3/30/2025,292673
Mitsubishi Lancer EX Shark 2016,Mitsubishi,Lancer EX Shark,Silver,215000,mokattam,3/29/2025,759335
Mitsubishi Attrage 2015,Mitsubishi,Attrage,Black,130000,giza,3/28/2025,594374
Mitsubishi Lancer Puma 2007,Mitsubishi,Lancer Puma,Black,220000,cairo,3/28/2025,452579
Mitsubishi Pickup 2008,Mitsubishi,Pickup,Red,170000,asyut,3/28/2025,585347
Mitsubishi Lancer Puma 2006,Mitsubishi,Lancer Puma,Dark grey,295000,6-Oct,3/27/2025,549463
Mitsubishi Lancer EX Shark 2015,Mitsubishi,Lancer EX Shark,Silver,95000,sohag,3/27/2025,530342
Mitsubishi Lancer EX Shark 2017,Mitsubishi,Lancer EX Shark,Champagne,185000,cairo,3/27/2025,634903
Mitsubishi Lancer EX Shark 2014,Mitsubishi,Lancer EX Shark,Black,170000,dyarb negm,3/27/2025,310446
Mitsubishi Lancer Crystala 1999,Mitsubishi,Lancer Crystala,Dark green,125000,asyut,3/26/2025,805867
Mitsubishi Lancer Puma 2011,Mitsubishi,Lancer Puma,Silver,243000,cairo,3/26/2025,599979
Mitsubishi Lancer EX Shark 2016,Mitsubishi,Lancer EX Shark,Red,147000,kafr el-sheikh,3/25/2025,353865
Mitsubishi Lancer Puma 2007,Mitsubishi,Lancer Puma,Champagne,245000,giza,3/25/2025,365708
Mitsubishi Lancer EX Shark 2015,Mitsubishi,Lancer EX Shark,Gray,230000,cairo,3/25/2025,649950
Mitsubishi Attrage 2014,Mitsubishi,Attrage,Black,210000,hurghada,3/25/2025,328006
Mitsubishi Lancer EX Shark 2016,Mitsubishi,Lancer EX Shark,Red,400000,giza,3/25/2025,506264
Mitsubishi Lancer EX Shark 2008,Mitsubishi,Lancer EX Shark,Silver,350000,mansoura,3/24/2025,826429
Mitsubishi Lancer Puma 2008,Mitsubishi,Lancer Puma,Silver,128000,6-Oct,3/24/2025,415543
Mitsubishi Lancer EX Shark 2016,Mitsubishi,Lancer EX Shark,Red,312000,tagamo3 - new cairo,3/24/2025,647126
Mitsubishi Lancer Puma 2013,Mitsubishi,Lancer Puma,Gold,195000,hurghada,3/24/2025,772466
Mitsubishi Lancer Puma 2008,Mitsubishi,Lancer Puma,Silver,220000,faiyum,3/24/2025,533310
Mitsubishi Lancer EX Shark 2015,Mitsubishi,Lancer EX Shark,Silver,180000,tagamo3 - new cairo,3/24/2025,287385
Mitsubishi Lancer EX Shark 2016,Mitsubishi,Lancer EX Shark,Red,150000,sadat city,3/24/2025,749161
Mitsubishi Lancer Puma 2005,Mitsubishi,Lancer Puma,White,,damietta,3/23/2025,288339
Mitsubishi Lancer EX Shark 2015,Mitsubishi,Lancer EX Shark,Silver,175000,shibin el kom,3/23/2025,818578
Mitsubishi Pajero 1989,Mitsubishi,Pajero,Dark green,,shobra,3/23/2025,422740
Mitsubishi Lancer Crystala 1998,Mitsubishi,Lancer Crystala,Dark blue,155000,asyut,3/23/2025,566840
Mitsubishi Lancer Crystala 1999,Mitsubishi,Lancer Crystala,Silver,250000,6-Oct,3/23/2025,691667
Mitsubishi Lancer EX Shark 2016,Mitsubishi,Lancer EX Shark,Red,95000,el minya,3/23/2025,651625
Mitsubishi Lancer Puma 2007,Mitsubishi,Lancer Puma,Dark grey,325000,shobra,3/23/2025,383662
Mitsubishi Lancer Crystala 1998,Mitsubishi,Lancer Crystala,Silver,500000,cairo,3/23/2025,727455
Mitsubishi Lancer EX Shark 2016,Mitsubishi,Lancer EX Shark,Black,142000,el haram,3/23/2025,286808
Mitsubishi Lancer Puma 2013,Mitsubishi,Lancer Puma,Silver,290000,sheraton,3/23/2025,590739
Mitsubishi Lancer 1992,Mitsubishi,Lancer,Dark green,140000,10th of ramadan,3/22/2025,575398
Mitsubishi Lancer EX Shark 2017,Mitsubishi,Lancer EX Shark,Silver,95000,10th of ramadan,3/22/2025,377422
Mitsubishi Lancer EX Shark 2010,Mitsubishi,Lancer EX Shark,Silver,176000,damanhur,3/22/2025,308637
Mitsubishi Lancer 2008,Mitsubishi,Lancer,Silver,290000,cairo,3/22/2025,483770
Mitsubishi Lancer EX Shark 2015,Mitsubishi,Lancer EX Shark,Silver,170000,cairo,3/22/2025,292864
Mitsubishi Lancer 1990,Mitsubishi,Lancer,White,250000,beni suef,3/22/2025,724754
Mitsubishi Xpander Cross 2024,Mitsubishi,Xpander Cross,White,,cairo,3/21/2025,663785
Mitsubishi Lancer Puma 2007,Mitsubishi,Lancer Puma,Silver,400000,el salam city,3/21/2025,290084
Mitsubishi Lancer Crystala 1999,Mitsubishi,Lancer Crystala,Green,187000,alexandria,3/21/2025,478245
Mitsubishi Lancer Crystala 1999,Mitsubishi,Lancer Crystala,Green,188000,alexandria,3/21/2025,563457
Mitsubishi Pickup 2001,Mitsubishi,Pickup,Blue,130000,monufia,3/21/2025,329896
Mitsubishi Lancer EX Shark 2016,Mitsubishi,Lancer EX Shark,Black,43000,sheikh zayed city,3/21/2025,691483
Mitsubishi Lancer Puma 2010,Mitsubishi,Lancer Puma,Red,,obour city,3/20/2025,522149
Mitsubishi Lancer EX Shark 2016,Mitsubishi,Lancer EX Shark,Silver,160000,mansoura,3/20/2025,427109
Mitsubishi Galant 1994,Mitsubishi,Galant,Dark red,200000,el haram,3/20/2025,745530
Mitsubishi Eclipse Cross 2024Verified User,Mitsubishi,Eclipse Cross,White,12700,faiyum,3/20/2025,729132
Mitsubishi Pajero 2016,Mitsubishi,Pajero,Gray,130000,cairo,3/20/2025,325719
Mitsubishi Lancer EX Shark 2015,Mitsubishi,Lancer EX Shark,Black,204000,cairo,3/20/2025,842986
Mitsubishi Lancer Puma 2014Verified User,Mitsubishi,Lancer Puma,Red,138000,nasr city,3/18/2025,750617
Mitsubishi Eclipse 2018,Mitsubishi,Eclipse,Red,90000,mohandessin,3/19/2025,389419
Mitsubishi Lancer Puma 2004,Mitsubishi,Lancer Puma,Black,199800,tanta,3/19/2025,450229
Mitsubishi Lancer Puma 2007,Mitsubishi,Lancer Puma,Silver,300000,mansoura,3/19/2025,496294
Mitsubishi Lancer EX Shark 2015,Mitsubishi,Lancer EX Shark,Red,,6-Oct,3/19/2025,786735
Mitsubishi Lancer EX Shark 2015,Mitsubishi,Lancer EX Shark,Red,120000,10th of ramadan,3/19/2025,409045
Mitsubishi Lancer Puma 2005,Mitsubishi,Lancer Puma,Silver,295000,dyarb negm,3/19/2025,617394
Mitsubishi Lancer Puma 2007,Mitsubishi,Lancer Puma,Dark blue,190000,luxor,3/19/2025,687303
Mitsubishi Lancer EX Shark 2016,Mitsubishi,Lancer EX Shark,White,166000,cairo,3/19/2025,405836
Mitsubishi Lancer EX Shark 2017,Mitsubishi,Lancer EX Shark,Red,135000,6-Oct,3/18/2025,676451
Mitsubishi Lancer Puma 2007,Mitsubishi,Lancer Puma,Black,380000,damietta,3/18/2025,516787
Mitsubishi Xpander 2020,Mitsubishi,Xpander,Black,24000,cairo,3/18/2025,747966
Mitsubishi Lancer Puma 2007,Mitsubishi,Lancer Puma,Silver,280000,kafr el-sheikh,3/18/2025,787870
Mitsubishi Lancer Crystala 1999,Mitsubishi,Lancer Crystala,Silver,82000,alexandria,3/18/2025,679221
Mitsubishi Pickup 2007,Mitsubishi,Pickup,White,180000,monufia,3/18/2025,804484
Mitsubishi Lancer Puma 2009,Mitsubishi,Lancer Puma,Red,,banha,3/17/2025,754875
Mitsubishi Lancer EX Shark 2015,Mitsubishi,Lancer EX Shark,Silver,270000,nasr city,3/17/2025,416741
Mitsubishi Lancer Crystala 1999,Mitsubishi,Lancer Crystala,Blue,200000,cairo,3/17/2025,744797
Mitsubishi Eclipse Cross 2022,Mitsubishi,Eclipse Cross,White,27000,6-Oct,3/17/2025,795950
Mitsubishi Eclipse Cross 2020,Mitsubishi,Eclipse Cross,Silver,110000,banha,3/17/2025,740917
Mitsubishi Pajero 2013,Mitsubishi,Pajero,Black,280000,tagamo3 - new cairo,3/17/2025,627545
Mitsubishi Lancer EX Shark 2017,Mitsubishi,Lancer EX Shark,Red,56000,tagamo3 - new cairo,3/16/2025,350026
Mitsubishi Lancer Puma 2007Verified User,Mitsubishi,Lancer Puma,Blue,220000,cairo,3/16/2025,555039
Mitsubishi Lancer EX Shark 2018,Mitsubishi,Lancer EX Shark,Silver,11000,el minya,3/16/2025,457955
Mitsubishi Lancer EX Shark 2018,Mitsubishi,Lancer EX Shark,Red,100000,asyut,3/16/2025,785432
Mitsubishi Lancer Puma 2010,Mitsubishi,Lancer Puma,Black,170000,giza,3/16/2025,599122
Mitsubishi Lancer Crystala 1997,Mitsubishi,Lancer Crystala,Green,236000,giza,3/16/2025,604015
Mitsubishi Lancer EX Shark 2016,Mitsubishi,Lancer EX Shark,Silver,172000,borg el arab,3/15/2025,653390
Mitsubishi Lancer 2016,Mitsubishi,Lancer,Red,13000,giza,3/15/2025,816586
Mitsubishi Pajero 2006,Mitsubishi,Pajero,Dark blue,314000,6-Oct,3/15/2025,691502
Mitsubishi Lancer EX Shark 2015,Mitsubishi,Lancer EX Shark,Silver,162000,el bagour,3/9/2025,455326
Mitsubishi Lancer EX Shark 2016,Mitsubishi,Lancer EX Shark,Black,130000,nasr city,3/15/2025,373650
Mitsubishi Lancer 1991,Mitsubishi,Lancer,Silver,,beheira,3/15/2025,755535
Mitsubishi Colt 1982,Mitsubishi,Colt,Blue,,cairo,3/15/2025,527055
Mitsubishi Lancer 2002,Mitsubishi,Lancer,Dark grey,100000,kafr el-sheikh,3/14/2025,620158
